record_id,issuer,ticker,report_frequency,document_subtype,report_year_label,webpage_title,source_page_url,download_url,http_status,content_type,source_tier,publication_date
NSE-00001,Safaricom PLC,SCOM,Annual / full-year,Annual report,,Safaricom — Annual Reports,https://www.safaricom.co.ke/investor-relations-landing/reports/annual-reports,https://www.safaricom.co.ke/investor-relations-landing/reports/annual-reports,linked from issuer page,application/pdf (inferred from source link),Issuer website,
NSE-00002,Safaricom PLC,SCOM,Semi-annual / half-year,Periodic results material,,Safaricom — Annual Reports,https://www.safaricom.co.ke/investor-relations-landing/reports/annual-reports,https://www.safaricom.co.ke/images/team/dividend-announcement.pdf,linked from issuer page,application/pdf (inferred from source link),Issuer website,
NSE-00003,Safaricom PLC,SCOM,Periodic results material,Periodic results material,,Safaricom — Annual Reports,https://www.safaricom.co.ke/investor-relations-landing/reports/annual-reports,https://www.safaricom.co.ke/images/bu/SAFARICOM-OPT-IN-FORM.pdf,linked from issuer page,application/pdf (inferred from source link),Issuer website,
NSE-00004,Safaricom PLC,SCOM,Periodic results material,Periodic results material,,Safaricom — Annual Reports,https://www.safaricom.co.ke/investor-relations-landing/reports/annual-reports,https://www.safaricom.co.ke/images/Investorrelation/Safaricom_Indemnity_Form_updated_3.pdf,linked from issuer page,application/pdf (inferred from source link),Issuer website,
NSE-00005,Safaricom PLC,SCOM,Periodic results material,Periodic results material,,Safaricom — Annual Reports,https://www.safaricom.co.ke/investor-relations-landing/reports/annual-reports,https://www.safaricom.co.ke/images/Downloads/2026_Safaricom_Annual_Report_Updated.pdf,linked from issuer page,application/pdf (inferred from source link),Issuer website,
NSE-00006,Safaricom PLC,SCOM,Periodic results material,Periodic results material,,Safaricom — Annual Reports,https://www.safaricom.co.ke/investor-relations-landing/reports/annual-reports,https://www.safaricom.co.ke/images/Downloads/annual-2025-report.pdf,linked from issuer page,application/pdf (inferred from source link),Issuer website,
NSE-00007,Safaricom PLC,SCOM,Periodic results material,Periodic results material,,Safaricom — Annual Reports,https://www.safaricom.co.ke/investor-relations-landing/reports/annual-reports,https://www.safaricom.co.ke/annualreport_2025/,linked from issuer page,application/pdf (inferred from source link),Issuer website,
NSE-00008,Safaricom PLC,SCOM,Periodic results material,Periodic results material,,Safaricom — Annual Reports,https://www.safaricom.co.ke/investor-relations-landing/reports/annual-reports,https://www.safaricom.co.ke/images/Downloads/2024-Annual-Report-Update.pdf,linked from issuer page,application/pdf (inferred from source link),Issuer website,
NSE-00009,Safaricom PLC,SCOM,Periodic results material,Periodic results material,,Safaricom — Annual Reports,https://www.safaricom.co.ke/investor-relations-landing/reports/annual-reports,https://www.safaricom.co.ke/annualreport_2024/,linked from issuer page,application/pdf (inferred from source link),Issuer website,
NSE-00010,Safaricom PLC,SCOM,Periodic results material,Periodic results material,,Safaricom — Annual Reports,https://www.safaricom.co.ke/investor-relations-landing/reports/annual-reports,https://www.safaricom.co.ke/images/Downloads/2023-Safaricom-Annual-Report.pdf,linked from issuer page,application/pdf (inferred from source link),Issuer website,
NSE-00011,Safaricom PLC,SCOM,Periodic results material,Periodic results material,,Safaricom — Annual Reports,https://www.safaricom.co.ke/investor-relations-landing/reports/annual-reports,https://www.safaricom.co.ke/annualreport_2023/,linked from issuer page,application/pdf (inferred from source link),Issuer website,
NSE-00012,Safaricom PLC,SCOM,Periodic results material,Periodic results material,,Safaricom — Annual Reports,https://www.safaricom.co.ke/investor-relations-landing/reports/annual-reports,https://www.safaricom.co.ke/images/Downloads/Safaricom_IR_2022_Final.pdf,linked from issuer page,application/pdf (inferred from source link),Issuer website,
NSE-00013,Safaricom PLC,SCOM,Periodic results material,Periodic results material,,Safaricom — Annual Reports,https://www.safaricom.co.ke/investor-relations-landing/reports/annual-reports,https://www.safaricom.co.ke/annualreport_2022/,linked from issuer page,application/pdf (inferred from source link),Issuer website,
NSE-00014,Safaricom PLC,SCOM,Periodic results material,Periodic results material,,Safaricom — Annual Reports,https://www.safaricom.co.ke/investor-relations-landing/reports/annual-reports,https://www.safaricom.co.ke/images/Downloads/2021_Annual_Report_Single_Spread_Final.pdf,linked from issuer page,application/pdf (inferred from source link),Issuer website,
NSE-00015,Safaricom PLC,SCOM,Periodic results material,Periodic results material,,Safaricom — Annual Reports,https://www.safaricom.co.ke/investor-relations-landing/reports/annual-reports,https://www.safaricom.co.ke/annualreport_2021/,linked from issuer page,application/pdf (inferred from source link),Issuer website,
NSE-00016,Safaricom PLC,SCOM,Periodic results material,Periodic results material,,Safaricom — Annual Reports,https://www.safaricom.co.ke/investor-relations-landing/reports/annual-reports,https://www.safaricom.co.ke/images/Downloads/Safaricom_AR2020_bookmarked_ONLINE_29_07_2020.pdf,linked from issuer page,application/pdf (inferred from source link),Issuer website,
NSE-00017,Safaricom PLC,SCOM,Periodic results material,Periodic results material,,Safaricom — Annual Reports,https://www.safaricom.co.ke/investor-relations-landing/reports/annual-reports,https://safaricom.co.ke/annualreport_2020,linked from issuer page,application/pdf (inferred from source link),Issuer website,
NSE-00018,Safaricom PLC,SCOM,Periodic results material,Periodic results material,,Safaricom — Annual Reports,https://www.safaricom.co.ke/investor-relations-landing/reports/annual-reports,https://www.safaricom.co.ke/images/Investorrelation/Safaricom_Annual_Report_2019.pdf,linked from issuer page,application/pdf (inferred from source link),Issuer website,
NSE-00019,Safaricom PLC,SCOM,Periodic results material,Periodic results material,,Safaricom — Annual Reports,https://www.safaricom.co.ke/investor-relations-landing/reports/annual-reports,https://www.safaricom.co.ke/annualreport_2019/,linked from issuer page,application/pdf (inferred from source link),Issuer website,
NSE-00020,Safaricom PLC,SCOM,Periodic results material,Periodic results material,,Safaricom — Annual Reports,https://www.safaricom.co.ke/investor-relations-landing/reports/annual-reports,https://www.safaricom.co.ke/images/Investorrelation/Safaricom_annual_report_2018.pdf,linked from issuer page,application/pdf (inferred from source link),Issuer website,
NSE-00021,Safaricom PLC,SCOM,Periodic results material,Periodic results material,,Safaricom — Annual Reports,https://www.safaricom.co.ke/investor-relations-landing/reports/annual-reports,https://www.safaricom.co.ke/annualreport_2018/,linked from issuer page,application/pdf (inferred from source link),Issuer website,
NSE-00022,Safaricom PLC,SCOM,Periodic results material,Periodic results material,,Safaricom — Annual Reports,https://www.safaricom.co.ke/investor-relations-landing/reports/annual-reports,https://www.safaricom.co.ke/images/Investorrelation/Safaricom_2017_Annual_Report.pdf,linked from issuer page,application/pdf (inferred from source link),Issuer website,
NSE-00023,Safaricom PLC,SCOM,Periodic results material,Periodic results material,,Safaricom — Annual Reports,https://www.safaricom.co.ke/investor-relations-landing/reports/annual-reports,https://www.safaricom.co.ke/images/Investorrelation/Safaricom_Limited_2016_Annual_Report.pdf,linked from issuer page,application/pdf (inferred from source link),Issuer website,
NSE-00024,Safaricom PLC,SCOM,Periodic results material,Periodic results material,,Safaricom — Annual Reports,https://www.safaricom.co.ke/investor-relations-landing/reports/annual-reports,https://www.safaricom.co.ke/images/Downloads/annual_report_2015.pdf,linked from issuer page,application/pdf (inferred from source link),Issuer website,
NSE-00025,Safaricom PLC,SCOM,Periodic results material,Periodic results material,,Safaricom — Annual Reports,https://www.safaricom.co.ke/investor-relations-landing/reports/annual-reports,https://www.safaricom.co.ke/images/Downloads/annual_report_2014.pdf,linked from issuer page,application/pdf (inferred from source link),Issuer website,
NSE-00026,Safaricom PLC,SCOM,Periodic results material,Periodic results material,,Safaricom — Annual Reports,https://www.safaricom.co.ke/investor-relations-landing/reports/annual-reports,https://www.safaricom.co.ke/images/Annual_Report_2013_compressed_.pdf,linked from issuer page,application/pdf (inferred from source link),Issuer website,
NSE-00027,Safaricom PLC,SCOM,Periodic results material,Periodic results material,,Safaricom — Annual Reports,https://www.safaricom.co.ke/investor-relations-landing/reports/annual-reports,https://www.safaricom.co.ke/images/Investorrelation/Annual_Report_2012_Final.pdf,linked from issuer page,application/pdf (inferred from source link),Issuer website,
NSE-00028,Safaricom PLC,SCOM,Periodic results material,Periodic results material,,Safaricom — Annual Reports,https://www.safaricom.co.ke/investor-relations-landing/reports/annual-reports,https://www.safaricom.co.ke/images/Investorrelation/2011_Annual_Report_FINAL.pdf,linked from issuer page,application/pdf (inferred from source link),Issuer website,
NSE-00029,Safaricom PLC,SCOM,Periodic results material,Periodic results material,,Safaricom — Annual Reports,https://www.safaricom.co.ke/investor-relations-landing/reports/annual-reports,https://www.safaricom.co.ke/images/2010__annual_report.pdf,linked from issuer page,application/pdf (inferred from source link),Issuer website,
NSE-00030,Safaricom PLC,SCOM,Periodic results material,Periodic results material,,Safaricom — Annual Reports,https://www.safaricom.co.ke/investor-relations-landing/reports/annual-reports,https://www.safaricom.co.ke/images/2009_annual_report.pdf,linked from issuer page,application/pdf (inferred from source link),Issuer website,
NSE-00031,Safaricom PLC,SCOM,Periodic results material,Investor presentation,,Safaricom — Annual Reports,https://www.safaricom.co.ke/investor-relations-landing/reports/annual-reports,https://www.safaricom.co.ke/images/Downloads/HY26-Investor-Presentation.pdf,linked from issuer page,application/pdf (inferred from source link),Issuer website,
NSE-00032,Safaricom PLC,SCOM,Periodic results material,Results booklet / abridged report,,Safaricom — Annual Reports,https://www.safaricom.co.ke/investor-relations-landing/reports/annual-reports,https://www.safaricom.co.ke/images/Downloads/HY26-Earnings-Booklet.pdf,linked from issuer page,application/pdf (inferred from source link),Issuer website,
NSE-00033,Safaricom PLC,SCOM,Periodic results material,Results announcement / commentary,,Safaricom — Annual Reports,https://www.safaricom.co.ke/investor-relations-landing/reports/annual-reports,https://www.safaricom.co.ke/images/Downloads/HY26-Press-Release.pdf,linked from issuer page,application/pdf (inferred from source link),Issuer website,
NSE-00034,Safaricom PLC,SCOM,Periodic results material,Investor presentation,,Safaricom — Annual Reports,https://www.safaricom.co.ke/investor-relations-landing/reports/annual-reports,https://www.safaricom.co.ke/images/Downloads/FY25-Investor-Presentation-9-May-2025_R.pdf,linked from issuer page,application/pdf (inferred from source link),Issuer website,
NSE-00035,Safaricom PLC,SCOM,Periodic results material,Results booklet / abridged report,,Safaricom — Annual Reports,https://www.safaricom.co.ke/investor-relations-landing/reports/annual-reports,https://www.safaricom.co.ke/images/Downloads/FY25-Earnings-Booklet_May-9-2025.pdf,linked from issuer page,application/pdf (inferred from source link),Issuer website,
NSE-00036,Safaricom PLC,SCOM,Periodic results material,Results announcement / commentary,,Safaricom — Annual Reports,https://www.safaricom.co.ke/investor-relations-landing/reports/annual-reports,https://www.safaricom.co.ke/images/Downloads/FY25-Press-Release_May-9-2025.pdf,linked from issuer page,application/pdf (inferred from source link),Issuer website,
NSE-00037,Safaricom PLC,SCOM,Annual / full-year,Annual report,,Safaricom — Annual Reports,https://www.safaricom.co.ke/investor-relations-landing/reports/annual-reports,https://www.safaricom.co.ke/investor-relations-footer/annual-reports,linked from issuer page,application/pdf (inferred from source link),Issuer website,
NSE-00038,Safaricom PLC,SCOM,Periodic results material,Results booklet / abridged report,,Safaricom — Annual Reports,https://www.safaricom.co.ke/investor-relations-landing/reports/annual-reports,https://www.safaricom.co.ke/images/Downloads/Industry-EMF-Booklet-2021.pdf,linked from issuer page,application/pdf (inferred from source link),Issuer website,
NSE-00039,Safaricom PLC,SCOM,Quarterly,Periodic results material,,Safaricom — Annual Reports,https://www.safaricom.co.ke/investor-relations-landing/reports/annual-reports,https://www.safaricom.co.ke/images/Downloads/Safaricom-Ethiopia-Quarterly-Update-Q3-FY24.pdf,linked from issuer page,application/pdf (inferred from source link),Issuer website,
NSE-00040,Safaricom PLC,SCOM,Quarterly,Periodic results material,,Safaricom — Annual Reports,https://www.safaricom.co.ke/investor-relations-landing/reports/annual-reports,https://www.safaricom.co.ke/images/Downloads/Safaricom-Ethiopia-Quarterly-Update-Q1-FY24.pdf,linked from issuer page,application/pdf (inferred from source link),Issuer website,
NSE-00041,Safaricom PLC,SCOM,Periodic results material,Investor presentation,,Safaricom Financial Reports,https://www.safaricom.co.ke/investor-relations-landing/reports/financial-report/financial-results,https://www.safaricom.co.ke/images/Downloads/FY26-Investor-Presentation-7TH-May-2026.pdf,linked from issuer page,application/pdf (inferred from source link),Issuer website,
NSE-00042,Safaricom PLC,SCOM,Periodic results material,Results booklet / abridged report,,Safaricom Financial Reports,https://www.safaricom.co.ke/investor-relations-landing/reports/financial-report/financial-results,https://www.safaricom.co.ke/images/Downloads/FY26-Earnings-Booklet-2026-7th-May-2026.pdf,linked from issuer page,application/pdf (inferred from source link),Issuer website,
NSE-00043,Safaricom PLC,SCOM,Periodic results material,Results announcement / commentary,,Safaricom Financial Reports,https://www.safaricom.co.ke/investor-relations-landing/reports/financial-report/financial-results,https://www.safaricom.co.ke/images/Downloads/FY26-Press-Release-7th-May-2026.pdf,linked from issuer page,application/pdf (inferred from source link),Issuer website,
NSE-00044,Safaricom PLC,SCOM,Periodic results material,Investor presentation,,Safaricom Financial Reports,https://www.safaricom.co.ke/investor-relations-landing/reports/financial-report/financial-results,https://www.safaricom.co.ke/images/Downloads/FY24-Investor-Presentation-9th-May-2024.pdf,linked from issuer page,application/pdf (inferred from source link),Issuer website,
NSE-00045,Safaricom PLC,SCOM,Periodic results material,Results booklet / abridged report,,Safaricom Financial Reports,https://www.safaricom.co.ke/investor-relations-landing/reports/financial-report/financial-results,https://www.safaricom.co.ke/images/Downloads/FY24-Results-Booklet-9-May-2024.pdf,linked from issuer page,application/pdf (inferred from source link),Issuer website,
NSE-00046,Safaricom PLC,SCOM,Periodic results material,Results announcement / commentary,,Safaricom Financial Reports,https://www.safaricom.co.ke/investor-relations-landing/reports/financial-report/financial-results,https://www.safaricom.co.ke/images/Downloads/FY24-Press-Release-9-May-2024.pdf,linked from issuer page,application/pdf (inferred from source link),Issuer website,
NSE-00047,Safaricom PLC,SCOM,Periodic results material,Investor presentation,,Safaricom Financial Reports,https://www.safaricom.co.ke/investor-relations-landing/reports/financial-report/financial-results,https://www.safaricom.co.ke/images/calendars/FY23-Investor-Presentation-11-May-2023.pdf,linked from issuer page,application/pdf (inferred from source link),Issuer website,
NSE-00048,Safaricom PLC,SCOM,Periodic results material,Results booklet / abridged report,,Safaricom Financial Reports,https://www.safaricom.co.ke/investor-relations-landing/reports/financial-report/financial-results,https://www.safaricom.co.ke/images/calendars/FY23-Results-Booklet-11-May-2023.pdf,linked from issuer page,application/pdf (inferred from source link),Issuer website,
NSE-00049,Safaricom PLC,SCOM,Periodic results material,Results announcement / commentary,,Safaricom Financial Reports,https://www.safaricom.co.ke/investor-relations-landing/reports/financial-report/financial-results,https://www.safaricom.co.ke/images/calendars/FY23-Press-Release-11-May-2023.pdf,linked from issuer page,application/pdf (inferred from source link),Issuer website,
NSE-00050,Safaricom PLC,SCOM,Periodic results material,Investor presentation,,Safaricom Financial Reports,https://www.safaricom.co.ke/investor-relations-landing/reports/financial-report/financial-results,https://www.safaricom.co.ke/images/Downloads/FY22_Investor_Presentation_12_May_2022__.pdf,linked from issuer page,application/pdf (inferred from source link),Issuer website,
NSE-00051,Safaricom PLC,SCOM,Periodic results material,Results booklet / abridged report,,Safaricom Financial Reports,https://www.safaricom.co.ke/investor-relations-landing/reports/financial-report/financial-results,https://www.safaricom.co.ke/images/Downloads/FY22-Results-Booklet-12-May-2022.pdf,linked from issuer page,application/pdf (inferred from source link),Issuer website,
NSE-00052,Safaricom PLC,SCOM,Periodic results material,Results announcement / commentary,,Safaricom Financial Reports,https://www.safaricom.co.ke/investor-relations-landing/reports/financial-report/financial-results,https://www.safaricom.co.ke/images/FY22_Press_Release_12_May_2022__.pdf,linked from issuer page,application/pdf (inferred from source link),Issuer website,
NSE-00053,Safaricom PLC,SCOM,Periodic results material,Investor presentation,,Safaricom Financial Reports,https://www.safaricom.co.ke/investor-relations-landing/reports/financial-report/financial-results,https://www.safaricom.co.ke/images/Investorrelation/FY21_InvestorPresentation_13_May_2021.pdf,linked from issuer page,application/pdf (inferred from source link),Issuer website,
NSE-00054,Safaricom PLC,SCOM,Periodic results material,Results booklet / abridged report,,Safaricom Financial Reports,https://www.safaricom.co.ke/investor-relations-landing/reports/financial-report/financial-results,https://www.safaricom.co.ke/images/Investorrelation/FY21_Results_Booklet_2021_final.pdf,linked from issuer page,application/pdf (inferred from source link),Issuer website,
NSE-00055,Safaricom PLC,SCOM,Periodic results material,Results announcement / commentary,,Safaricom Financial Reports,https://www.safaricom.co.ke/investor-relations-landing/reports/financial-report/financial-results,https://www.safaricom.co.ke/images/Investorrelation/FY21Presscommentary13May2021.pdf,linked from issuer page,application/pdf (inferred from source link),Issuer website,
NSE-00056,Safaricom PLC,SCOM,Periodic results material,Investor presentation,,Safaricom Financial Reports,https://www.safaricom.co.ke/investor-relations-landing/reports/financial-report/financial-results,https://www.safaricom.co.ke/images/Investorrelation/FY20_Results_Presentation.pdf,linked from issuer page,application/pdf (inferred from source link),Issuer website,
NSE-00057,Safaricom PLC,SCOM,Periodic results material,Results booklet / abridged report,,Safaricom Financial Reports,https://www.safaricom.co.ke/investor-relations-landing/reports/financial-report/financial-results,https://www.safaricom.co.ke/images/Investorrelation/FY_20_Results_Booklet_28_April_2020.pdf,linked from issuer page,application/pdf (inferred from source link),Issuer website,
NSE-00058,Safaricom PLC,SCOM,Periodic results material,Results announcement / commentary,,Safaricom Financial Reports,https://www.safaricom.co.ke/investor-relations-landing/reports/financial-report/financial-results,https://www.safaricom.co.ke/images/Investorrelation/FY20_Press_Release_updated_page_2.pdf,linked from issuer page,application/pdf (inferred from source link),Issuer website,
NSE-00059,Safaricom PLC,SCOM,Periodic results material,Investor presentation,,Safaricom Financial Reports,https://www.safaricom.co.ke/investor-relations-landing/reports/financial-report/financial-results,https://www.safaricom.co.ke/images/Investorrelation/FY2019_Results_Presentation.pdf,linked from issuer page,application/pdf (inferred from source link),Issuer website,
NSE-00060,Safaricom PLC,SCOM,Periodic results material,Results announcement / commentary,,Safaricom Financial Reports,https://www.safaricom.co.ke/investor-relations-landing/reports/financial-report/financial-results,https://www.safaricom.co.ke/images/Investorrelation/FY2019_Press_Commentary.pdf,linked from issuer page,application/pdf (inferred from source link),Issuer website,
NSE-00061,Safaricom PLC,SCOM,Periodic results material,Results announcement / commentary,,Safaricom Financial Reports,https://www.safaricom.co.ke/investor-relations-landing/reports/financial-report/financial-results,https://www.safaricom.co.ke/images/Investorrelation/FY2019_Press_release.pdf,linked from issuer page,application/pdf (inferred from source link),Issuer website,
NSE-00062,Safaricom PLC,SCOM,Periodic results material,Investor presentation,,Safaricom Financial Reports,https://www.safaricom.co.ke/investor-relations-landing/reports/financial-report/financial-results,https://www.safaricom.co.ke/images/Investorrelation/FY2018_Investor_presentation.pdf,linked from issuer page,application/pdf (inferred from source link),Issuer website,
NSE-00063,Safaricom PLC,SCOM,Periodic results material,Results announcement / commentary,,Safaricom Financial Reports,https://www.safaricom.co.ke/investor-relations-landing/reports/financial-report/financial-results,https://www.safaricom.co.ke/images/Investorrelation/FY18_Press_Commentary.pdf,linked from issuer page,application/pdf (inferred from source link),Issuer website,
NSE-00064,Safaricom PLC,SCOM,Periodic results material,Results announcement / commentary,,Safaricom Financial Reports,https://www.safaricom.co.ke/investor-relations-landing/reports/financial-report/financial-results,https://www.safaricom.co.ke/images/Investorrelation/FY2018_Press_Release.pdf,linked from issuer page,application/pdf (inferred from source link),Issuer website,
NSE-00065,Safaricom PLC,SCOM,Periodic results material,Investor presentation,,Safaricom Financial Reports,https://www.safaricom.co.ke/investor-relations-landing/reports/financial-report/financial-results,https://www.safaricom.co.ke/images/Investorrelation/FY16-17Presentation.pdf,linked from issuer page,application/pdf (inferred from source link),Issuer website,
NSE-00066,Safaricom PLC,SCOM,Periodic results material,Results announcement / commentary,,Safaricom Financial Reports,https://www.safaricom.co.ke/investor-relations-landing/reports/financial-report/financial-results,https://www.safaricom.co.ke/images/Investorrelation/FY16-17Press_Commentary.pdf,linked from issuer page,application/pdf (inferred from source link),Issuer website,
NSE-00067,Safaricom PLC,SCOM,Periodic results material,Results announcement / commentary,,Safaricom Financial Reports,https://www.safaricom.co.ke/investor-relations-landing/reports/financial-report/financial-results,https://www.safaricom.co.ke/images/Investorrelation/FY16-17Press_Release.pdf,linked from issuer page,application/pdf (inferred from source link),Issuer website,
NSE-00068,Safaricom PLC,SCOM,Periodic results material,Investor presentation,,Safaricom Financial Reports,https://www.safaricom.co.ke/investor-relations-landing/reports/financial-report/financial-results,https://www.safaricom.co.ke/images/Investorrelation/FY15-16Presentation.pdf,linked from issuer page,application/pdf (inferred from source link),Issuer website,
NSE-00069,Safaricom PLC,SCOM,Periodic results material,Results announcement / commentary,,Safaricom Financial Reports,https://www.safaricom.co.ke/investor-relations-landing/reports/financial-report/financial-results,https://www.safaricom.co.ke/images/Investorrelation/FY15-16Press_Commentary.pdf,linked from issuer page,application/pdf (inferred from source link),Issuer website,
NSE-00070,Safaricom PLC,SCOM,Periodic results material,Results announcement / commentary,,Safaricom Financial Reports,https://www.safaricom.co.ke/investor-relations-landing/reports/financial-report/financial-results,https://www.safaricom.co.ke/images/Investorrelation/FY15-16Press_Release.pdf,linked from issuer page,application/pdf (inferred from source link),Issuer website,
NSE-00071,Safaricom PLC,SCOM,Periodic results material,Investor presentation,,Safaricom Financial Reports,https://www.safaricom.co.ke/investor-relations-landing/reports/financial-report/financial-results,https://www.safaricom.co.ke/images/Investorrelation/FY14-15Presentation.pdf,linked from issuer page,application/pdf (inferred from source link),Issuer website,
NSE-00072,Safaricom PLC,SCOM,Periodic results material,Results announcement / commentary,,Safaricom Financial Reports,https://www.safaricom.co.ke/investor-relations-landing/reports/financial-report/financial-results,https://www.safaricom.co.ke/images/Investorrelation/FY14-15Press_Commentary.pdf,linked from issuer page,application/pdf (inferred from source link),Issuer website,
NSE-00073,Safaricom PLC,SCOM,Periodic results material,Results announcement / commentary,,Safaricom Financial Reports,https://www.safaricom.co.ke/investor-relations-landing/reports/financial-report/financial-results,https://www.safaricom.co.ke/images/Investorrelation/FY14-15Press_Release.pdf,linked from issuer page,application/pdf (inferred from source link),Issuer website,
NSE-00074,Safaricom PLC,SCOM,Periodic results material,Investor presentation,,Safaricom Financial Reports,https://www.safaricom.co.ke/investor-relations-landing/reports/financial-report/financial-results,https://www.safaricom.co.ke/images/Investorrelation/FY_2014_Results_Presentation.pdf,linked from issuer page,application/pdf (inferred from source link),Issuer website,
NSE-00075,Safaricom PLC,SCOM,Periodic results material,Results announcement / commentary,,Safaricom Financial Reports,https://www.safaricom.co.ke/investor-relations-landing/reports/financial-report/financial-results,https://www.safaricom.co.ke/images/Downloads/Full_Year_2014-2015_Results_Press_Commentary.pdf,linked from issuer page,application/pdf (inferred from source link),Issuer website,
NSE-00076,Safaricom PLC,SCOM,Periodic results material,Results announcement / commentary,,Safaricom Financial Reports,https://www.safaricom.co.ke/investor-relations-landing/reports/financial-report/financial-results,https://www.safaricom.co.ke/images/Investorrelation/FY_2014_Results_Press_release.pdf,linked from issuer page,application/pdf (inferred from source link),Issuer website,
NSE-00077,Safaricom PLC,SCOM,Periodic results material,Investor presentation,,Safaricom Financial Reports,https://www.safaricom.co.ke/investor-relations-landing/reports/financial-report/financial-results,https://www.safaricom.co.ke/images/Investorrelation/FY13_ResultsPresentationAnnualResults.pdf,linked from issuer page,application/pdf (inferred from source link),Issuer website,
NSE-00078,Safaricom PLC,SCOM,Periodic results material,Results announcement / commentary,,Safaricom Financial Reports,https://www.safaricom.co.ke/investor-relations-landing/reports/financial-report/financial-results,https://www.safaricom.co.ke/images/Investorrelation/FY_2013_Results_Press_Commentary.pdf,linked from issuer page,application/pdf (inferred from source link),Issuer website,
NSE-00079,Safaricom PLC,SCOM,Periodic results material,Results announcement / commentary,,Safaricom Financial Reports,https://www.safaricom.co.ke/investor-relations-landing/reports/financial-report/financial-results,https://www.safaricom.co.ke/images/Downloads/Resources_Downloads/FY2013/FY13_Press Release Annual Results.pdf,linked from issuer page,application/pdf (inferred from source link),Issuer website,
NSE-00080,Safaricom PLC,SCOM,Periodic results material,Investor presentation,,Safaricom Financial Reports,https://www.safaricom.co.ke/investor-relations-landing/reports/financial-report/financial-results,https://www.safaricom.co.ke/images/Investorrelation/fy_2012_annual_results_presentation.pdf,linked from issuer page,application/pdf (inferred from source link),Issuer website,
NSE-00081,Safaricom PLC,SCOM,Periodic results material,Results announcement / commentary,,Safaricom Financial Reports,https://www.safaricom.co.ke/investor-relations-landing/reports/financial-report/financial-results,https://www.safaricom.co.ke/images/Investorrelation/fy_2012_press_commentary.pdf,linked from issuer page,application/pdf (inferred from source link),Issuer website,
NSE-00082,Safaricom PLC,SCOM,Periodic results material,Results announcement / commentary,,Safaricom Financial Reports,https://www.safaricom.co.ke/investor-relations-landing/reports/financial-report/financial-results,https://www.safaricom.co.ke/images/Investorrelation/FY12_PressReleaseAnnualResults.pdf,linked from issuer page,application/pdf (inferred from source link),Issuer website,
NSE-00083,Safaricom PLC,SCOM,Periodic results material,Investor presentation,,Safaricom Financial Reports,https://www.safaricom.co.ke/investor-relations-landing/reports/financial-report/financial-results,https://www.safaricom.co.ke/images/Investorrelation/FY_11ResultsPresentationAnnualResults.pdf,linked from issuer page,application/pdf (inferred from source link),Issuer website,
NSE-00084,Safaricom PLC,SCOM,Periodic results material,Results announcement / commentary,,Safaricom Financial Reports,https://www.safaricom.co.ke/investor-relations-landing/reports/financial-report/financial-results,https://www.safaricom.co.ke/images/Investorrelation/FY_11PressCommentaryAnnualResults.pdf,linked from issuer page,application/pdf (inferred from source link),Issuer website,
NSE-00085,Safaricom PLC,SCOM,Periodic results material,Investor presentation,,Safaricom Financial Reports,https://www.safaricom.co.ke/investor-relations-landing/reports/financial-report/financial-results,https://www.safaricom.co.ke/images/Downloads/Resources_Downloads/FY2010/FY_TENResultspresentationAnnualResults.pdf,linked from issuer page,application/pdf (inferred from source link),Issuer website,
NSE-00086,Safaricom PLC,SCOM,Periodic results material,Results announcement / commentary,,Safaricom Financial Reports,https://www.safaricom.co.ke/investor-relations-landing/reports/financial-report/financial-results,https://www.safaricom.co.ke/images/Investorrelation/FY_TENPressCommentaryAnnualResults.pdf,linked from issuer page,application/pdf (inferred from source link),Issuer website,
NSE-00087,Safaricom PLC,SCOM,Periodic results material,Investor presentation,,Safaricom Financial Reports,https://www.safaricom.co.ke/investor-relations-landing/reports/financial-report/financial-results,https://www.safaricom.co.ke/images/Investorrelation/2008-2009_results_announcement_and_investor_update.pdf,linked from issuer page,application/pdf (inferred from source link),Issuer website,
NSE-00088,Safaricom PLC,SCOM,Periodic results material,Results announcement / commentary,,Safaricom Financial Reports,https://www.safaricom.co.ke/investor-relations-landing/reports/financial-report/financial-results,https://www.safaricom.co.ke/images/Downloads/FY_9PressReleaseAnnual_Results.pdf,linked from issuer page,application/pdf (inferred from source link),Issuer website,
NSE-00089,Safaricom PLC,SCOM,Periodic results material,Investor presentation,,Safaricom Financial Reports,https://www.safaricom.co.ke/investor-relations-landing/reports/financial-report/financial-results,https://www.safaricom.co.ke/images/Investorrelation/FY_8ResultspresentationAnnualResults.pdf,linked from issuer page,application/pdf (inferred from source link),Issuer website,
NSE-00090,Safaricom PLC,SCOM,Periodic results material,Results announcement / commentary,,Safaricom Financial Reports,https://www.safaricom.co.ke/investor-relations-landing/reports/financial-report/financial-results,https://www.safaricom.co.ke/images/Downloads/FY_8PressCommentaryAnnualresults.pdf,linked from issuer page,application/pdf (inferred from source link),Issuer website,
NSE-00091,Safaricom PLC,SCOM,Periodic results material,Results announcement / commentary,,Safaricom Financial Reports,https://www.safaricom.co.ke/investor-relations-landing/reports/financial-report/financial-results,https://www.safaricom.co.ke/images/Downloads/Resources_Downloads/FY2009/FY_9PressReleaseAnnualResults.pdf,linked from issuer page,application/pdf (inferred from source link),Issuer website,
NSE-00092,Safaricom PLC,SCOM,Semi-annual / half-year,Investor presentation,,Safaricom Financial Reports,https://www.safaricom.co.ke/investor-relations-landing/reports/financial-report/financial-results,https://www.safaricom.co.ke/images/Downloads/HY25-Investor-Presentation_November-2024.pdf,linked from issuer page,application/pdf (inferred from source link),Issuer website,
NSE-00093,Safaricom PLC,SCOM,Semi-annual / half-year,Results booklet / abridged report,,Safaricom Financial Reports,https://www.safaricom.co.ke/investor-relations-landing/reports/financial-report/financial-results,https://www.safaricom.co.ke/images/Downloads/HY25-Earnings-Booklet_November-7-2024.pdf,linked from issuer page,application/pdf (inferred from source link),Issuer website,
NSE-00094,Safaricom PLC,SCOM,Semi-annual / half-year,Results announcement / commentary,,Safaricom Financial Reports,https://www.safaricom.co.ke/investor-relations-landing/reports/financial-report/financial-results,https://www.safaricom.co.ke/images/Downloads/HY25-Press-Release_Nov-7-2024.pdf,linked from issuer page,application/pdf (inferred from source link),Issuer website,
NSE-00095,Safaricom PLC,SCOM,Semi-annual / half-year,Investor presentation,,Safaricom Financial Reports,https://www.safaricom.co.ke/investor-relations-landing/reports/financial-report/financial-results,https://www.safaricom.co.ke/images/Downloads/H1-FY24-Investor-Presentation.pdf,linked from issuer page,application/pdf (inferred from source link),Issuer website,
NSE-00096,Safaricom PLC,SCOM,Semi-annual / half-year,Results booklet / abridged report,,Safaricom Financial Reports,https://www.safaricom.co.ke/investor-relations-landing/reports/financial-report/financial-results,https://www.safaricom.co.ke/images/Downloads/H1-FY24-Results-Booklet.pdf,linked from issuer page,application/pdf (inferred from source link),Issuer website,
NSE-00097,Safaricom PLC,SCOM,Semi-annual / half-year,Results announcement / commentary,,Safaricom Financial Reports,https://www.safaricom.co.ke/investor-relations-landing/reports/financial-report/financial-results,https://www.safaricom.co.ke/images/Downloads/H1-FY24-Press-Release.pdf,linked from issuer page,application/pdf (inferred from source link),Issuer website,
NSE-00098,Safaricom PLC,SCOM,Semi-annual / half-year,Investor presentation,,Safaricom Financial Reports,https://www.safaricom.co.ke/investor-relations-landing/reports/financial-report/financial-results,https://www.safaricom.co.ke/images/Downloads/HY23_Investor_Presentation_11_Nov_2022.pdf,linked from issuer page,application/pdf (inferred from source link),Issuer website,
NSE-00099,Safaricom PLC,SCOM,Semi-annual / half-year,Results booklet / abridged report,,Safaricom Financial Reports,https://www.safaricom.co.ke/investor-relations-landing/reports/financial-report/financial-results,https://www.safaricom.co.ke/images/Downloads/HY23_Results_Booklet_11_Nov_2022.pdf,linked from issuer page,application/pdf (inferred from source link),Issuer website,
NSE-00100,Safaricom PLC,SCOM,Semi-annual / half-year,Results announcement / commentary,,Safaricom Financial Reports,https://www.safaricom.co.ke/investor-relations-landing/reports/financial-report/financial-results,https://www.safaricom.co.ke/images/Downloads/HY23-Press-Release-11-Nov-2022.pdf,linked from issuer page,application/pdf (inferred from source link),Issuer website,
NSE-00101,Safaricom PLC,SCOM,Semi-annual / half-year,Investor presentation,,Safaricom Financial Reports,https://www.safaricom.co.ke/investor-relations-landing/reports/financial-report/financial-results,https://www.safaricom.co.ke/images/Downloads/H1_FY22_Investor_Presentation_9_Nov_2021.pdf,linked from issuer page,application/pdf (inferred from source link),Issuer website,
NSE-00102,Safaricom PLC,SCOM,Semi-annual / half-year,Results booklet / abridged report,,Safaricom Financial Reports,https://www.safaricom.co.ke/investor-relations-landing/reports/financial-report/financial-results,https://www.safaricom.co.ke/images/Downloads/H1_FY22/HY22_Results_Booklet_9_November_2021.pdf,linked from issuer page,application/pdf (inferred from source link),Issuer website,
NSE-00103,Safaricom PLC,SCOM,Semi-annual / half-year,Results announcement / commentary,,Safaricom Financial Reports,https://www.safaricom.co.ke/investor-relations-landing/reports/financial-report/financial-results,https://www.safaricom.co.ke/images/Downloads/H1_FY22/HY22_Press_Release_9_Nov_2021.pdf,linked from issuer page,application/pdf (inferred from source link),Issuer website,
NSE-00104,Safaricom PLC,SCOM,Semi-annual / half-year,Investor presentation,,Safaricom Financial Reports,https://www.safaricom.co.ke/investor-relations-landing/reports/financial-report/financial-results,https://www.safaricom.co.ke/images/Investorrelation/H1_FY21_Results_Presentation.pdf,linked from issuer page,application/pdf (inferred from source link),Issuer website,
NSE-00105,Safaricom PLC,SCOM,Semi-annual / half-year,Results booklet / abridged report,,Safaricom Financial Reports,https://www.safaricom.co.ke/investor-relations-landing/reports/financial-report/financial-results,https://www.safaricom.co.ke/images/Downloads/H1_FY21_Results_Booklet_updated-1.pdf,linked from issuer page,application/pdf (inferred from source link),Issuer website,
NSE-00106,Safaricom PLC,SCOM,Semi-annual / half-year,Results announcement / commentary,,Safaricom Financial Reports,https://www.safaricom.co.ke/investor-relations-landing/reports/financial-report/financial-results,https://www.safaricom.co.ke/images/Downloads/H1_FY21_Press_Release.pdf,linked from issuer page,application/pdf (inferred from source link),Issuer website,
NSE-00107,Safaricom PLC,SCOM,Semi-annual / half-year,Investor presentation,,Safaricom Financial Reports,https://www.safaricom.co.ke/investor-relations-landing/reports/financial-report/financial-results,https://www.safaricom.co.ke/images/Investorrelation/H1_HY20_Resuts_Presentation.pdf,linked from issuer page,application/pdf (inferred from source link),Issuer website,
NSE-00108,Safaricom PLC,SCOM,Semi-annual / half-year,Results announcement / commentary,,Safaricom Financial Reports,https://www.safaricom.co.ke/investor-relations-landing/reports/financial-report/financial-results,https://www.safaricom.co.ke/images/Investorrelation/HY1_FY20_Press_Commentary.pdf,linked from issuer page,application/pdf (inferred from source link),Issuer website,
NSE-00109,Safaricom PLC,SCOM,Semi-annual / half-year,Results announcement / commentary,,Safaricom Financial Reports,https://www.safaricom.co.ke/investor-relations-landing/reports/financial-report/financial-results,https://www.safaricom.co.ke/images/Investorrelation/HY1_FY20_PressRelease.pdf,linked from issuer page,application/pdf (inferred from source link),Issuer website,
NSE-00110,Safaricom PLC,SCOM,Semi-annual / half-year,Investor presentation,,Safaricom Financial Reports,https://www.safaricom.co.ke/investor-relations-landing/reports/financial-report/financial-results,https://www.safaricom.co.ke/images/Investorrelation/HY2019_Results_Presentation.pdf,linked from issuer page,application/pdf (inferred from source link),Issuer website,
NSE-00111,Safaricom PLC,SCOM,Semi-annual / half-year,Results announcement / commentary,,Safaricom Financial Reports,https://www.safaricom.co.ke/investor-relations-landing/reports/financial-report/financial-results,https://www.safaricom.co.ke/images/Investorrelation/HY2019_Press_Commentary_Final.pdf,linked from issuer page,application/pdf (inferred from source link),Issuer website,
NSE-00112,Safaricom PLC,SCOM,Semi-annual / half-year,Results announcement / commentary,,Safaricom Financial Reports,https://www.safaricom.co.ke/investor-relations-landing/reports/financial-report/financial-results,https://www.safaricom.co.ke/images/Investorrelation/HY2019_Press_release.pdf,linked from issuer page,application/pdf (inferred from source link),Issuer website,
NSE-00113,Safaricom PLC,SCOM,Semi-annual / half-year,Investor presentation,,Safaricom Financial Reports,https://www.safaricom.co.ke/investor-relations-landing/reports/financial-report/financial-results,https://www.safaricom.co.ke/images/Investorrelation/Safaricom_HY18_Presentation.pdf,linked from issuer page,application/pdf (inferred from source link),Issuer website,
NSE-00114,Safaricom PLC,SCOM,Semi-annual / half-year,Results announcement / commentary,,Safaricom Financial Reports,https://www.safaricom.co.ke/investor-relations-landing/reports/financial-report/financial-results,https://www.safaricom.co.ke/images/Investorrelation/Safaricom_HY18_Results-Press_Commentary.pdf,linked from issuer page,application/pdf (inferred from source link),Issuer website,
NSE-00115,Safaricom PLC,SCOM,Semi-annual / half-year,Results announcement / commentary,,Safaricom Financial Reports,https://www.safaricom.co.ke/investor-relations-landing/reports/financial-report/financial-results,https://www.safaricom.co.ke/images/Investorrelation/Safaricom_HY18_Press_Release.pdf,linked from issuer page,application/pdf (inferred from source link),Issuer website,
NSE-00116,Safaricom PLC,SCOM,Semi-annual / half-year,Investor presentation,,Safaricom Financial Reports,https://www.safaricom.co.ke/investor-relations-landing/reports/financial-report/financial-results,https://www.safaricom.co.ke/images/Investorrelation/Safaricom_H1FY17_Presentation.pdf,linked from issuer page,application/pdf (inferred from source link),Issuer website,
NSE-00117,Safaricom PLC,SCOM,Semi-annual / half-year,Results announcement / commentary,,Safaricom Financial Reports,https://www.safaricom.co.ke/investor-relations-landing/reports/financial-report/financial-results,https://www.safaricom.co.ke/images/Investorrelation/Safaricom_H1_FY17_Results-Press_Commentary.pdf,linked from issuer page,application/pdf (inferred from source link),Issuer website,
NSE-00118,Safaricom PLC,SCOM,Semi-annual / half-year,Results announcement / commentary,,Safaricom Financial Reports,https://www.safaricom.co.ke/investor-relations-landing/reports/financial-report/financial-results,https://www.safaricom.co.ke/images/Investorrelation/Safaricom_H1_FY17_Press_Release.pdf,linked from issuer page,application/pdf (inferred from source link),Issuer website,
NSE-00119,Safaricom PLC,SCOM,Semi-annual / half-year,Investor presentation,,Safaricom Financial Reports,https://www.safaricom.co.ke/investor-relations-landing/reports/financial-report/financial-results,https://www.safaricom.co.ke/images/Investorrelation/Half_Year_2015-2016_Results_Presentation.pdf,linked from issuer page,application/pdf (inferred from source link),Issuer website,
NSE-00120,Safaricom PLC,SCOM,Semi-annual / half-year,Results announcement / commentary,,Safaricom Financial Reports,https://www.safaricom.co.ke/investor-relations-landing/reports/financial-report/financial-results,https://www.safaricom.co.ke/images/Investorrelation/Half_Year_2015-2016_Results_Press_Commentary.pdf,linked from issuer page,application/pdf (inferred from source link),Issuer website,
NSE-00121,Safaricom PLC,SCOM,Semi-annual / half-year,Results announcement / commentary,,Safaricom Financial Reports,https://www.safaricom.co.ke/investor-relations-landing/reports/financial-report/financial-results,https://www.safaricom.co.ke/images/Investorrelation/HY15-16_PressRelease.pdf.pdf,linked from issuer page,application/pdf (inferred from source link),Issuer website,
NSE-00122,Safaricom PLC,SCOM,Semi-annual / half-year,Investor presentation,,Safaricom Financial Reports,https://www.safaricom.co.ke/investor-relations-landing/reports/financial-report/financial-results,https://www.safaricom.co.ke/images/Investorrelation/Half_Year_2014-2015_Results_Presentation.pdf,linked from issuer page,application/pdf (inferred from source link),Issuer website,
NSE-00123,Safaricom PLC,SCOM,Semi-annual / half-year,Results announcement / commentary,,Safaricom Financial Reports,https://www.safaricom.co.ke/investor-relations-landing/reports/financial-report/financial-results,https://www.safaricom.co.ke/images/Investorrelation/Half_Year_2014-2015_Results_Press_Commentary.pdf,linked from issuer page,application/pdf (inferred from source link),Issuer website,
NSE-00124,Safaricom PLC,SCOM,Semi-annual / half-year,Investor presentation,,Safaricom Financial Reports,https://www.safaricom.co.ke/investor-relations-landing/reports/financial-report/financial-results,https://www.safaricom.co.ke/images/Investorrelation/Half_Year_2013-2014_Results_Presentation.pdf,linked from issuer page,application/pdf (inferred from source link),Issuer website,
NSE-00125,Safaricom PLC,SCOM,Semi-annual / half-year,Results announcement / commentary,,Safaricom Financial Reports,https://www.safaricom.co.ke/investor-relations-landing/reports/financial-report/financial-results,https://www.safaricom.co.ke/images/Investorrelation/Half_Year_2013-2014_Results_Press_Commentary.pdf,linked from issuer page,application/pdf (inferred from source link),Issuer website,
NSE-00126,Safaricom PLC,SCOM,Semi-annual / half-year,Results announcement / commentary,,Safaricom Financial Reports,https://www.safaricom.co.ke/investor-relations-landing/reports/financial-report/financial-results,https://www.safaricom.co.ke/images/Downloads/HY14_PressReleaseHalfYearResults.pdf,linked from issuer page,application/pdf (inferred from source link),Issuer website,
NSE-00127,Safaricom PLC,SCOM,Semi-annual / half-year,Investor presentation,,Safaricom Financial Reports,https://www.safaricom.co.ke/investor-relations-landing/reports/financial-report/financial-results,https://www.safaricom.co.ke/images/Investorrelation/HY_13ResultsPresentationHalfYearResults.pdf,linked from issuer page,application/pdf (inferred from source link),Issuer website,
NSE-00128,Safaricom PLC,SCOM,Semi-annual / half-year,Results announcement / commentary,,Safaricom Financial Reports,https://www.safaricom.co.ke/investor-relations-landing/reports/financial-report/financial-results,https://www.safaricom.co.ke/images/Investorrelation/HY13_PressCommentaryHalfYearResults.pdf,linked from issuer page,application/pdf (inferred from source link),Issuer website,
NSE-00129,Safaricom PLC,SCOM,Semi-annual / half-year,Results announcement / commentary,,Safaricom Financial Reports,https://www.safaricom.co.ke/investor-relations-landing/reports/financial-report/financial-results,https://www.safaricom.co.ke/images/Investorrelation/HY13_PressReleaseHalfYearResults.pdf,linked from issuer page,application/pdf (inferred from source link),Issuer website,
NSE-00130,Safaricom PLC,SCOM,Semi-annual / half-year,Investor presentation,,Safaricom Financial Reports,https://www.safaricom.co.ke/investor-relations-landing/reports/financial-report/financial-results,https://www.safaricom.co.ke/images/Investorrelation/HY_12ResultsPresentationHalfYear Results.pdf,linked from issuer page,application/pdf (inferred from source link),Issuer website,
NSE-00131,Safaricom PLC,SCOM,Semi-annual / half-year,Results announcement / commentary,,Safaricom Financial Reports,https://www.safaricom.co.ke/investor-relations-landing/reports/financial-report/financial-results,https://www.safaricom.co.ke/images/Investorrelation/HY12_PressCommentaryHalfYearResults.pdf,linked from issuer page,application/pdf (inferred from source link),Issuer website,
NSE-00132,Safaricom PLC,SCOM,Semi-annual / half-year,Results announcement / commentary,,Safaricom Financial Reports,https://www.safaricom.co.ke/investor-relations-landing/reports/financial-report/financial-results,https://www.safaricom.co.ke/images/Investorrelation/HY12_PressReleaseHalfYearResults.pdf,linked from issuer page,application/pdf (inferred from source link),Issuer website,
NSE-00133,Safaricom PLC,SCOM,Semi-annual / half-year,Investor presentation,,Safaricom Financial Reports,https://www.safaricom.co.ke/investor-relations-landing/reports/financial-report/financial-results,https://www.safaricom.co.ke/images/banners/HY11_ResultsPresentationHalfYearResults_compressed-compressed.pdf,linked from issuer page,application/pdf (inferred from source link),Issuer website,
NSE-00134,Safaricom PLC,SCOM,Semi-annual / half-year,Results announcement / commentary,,Safaricom Financial Reports,https://www.safaricom.co.ke/investor-relations-landing/reports/financial-report/financial-results,https://www.safaricom.co.ke/images/Investorrelation/HY11_PressCommentaryHalfYearResults.pdf,linked from issuer page,application/pdf (inferred from source link),Issuer website,
NSE-00135,Safaricom PLC,SCOM,Semi-annual / half-year,Investor presentation,,Safaricom Financial Reports,https://www.safaricom.co.ke/investor-relations-landing/reports/financial-report/financial-results,https://www.safaricom.co.ke/images/Downloads/2010_Half_Year_Results_Presentation.pdf,linked from issuer page,application/pdf (inferred from source link),Issuer website,
NSE-00136,Safaricom PLC,SCOM,Semi-annual / half-year,Results announcement / commentary,,Safaricom Financial Reports,https://www.safaricom.co.ke/investor-relations-landing/reports/financial-report/financial-results,https://www.safaricom.co.ke/images/Investorrelation/HYTEN_PressCommentaryHalfYearResults.pdf,linked from issuer page,application/pdf (inferred from source link),Issuer website,
NSE-00137,Safaricom PLC,SCOM,Semi-annual / half-year,Results announcement / commentary,,Safaricom Financial Reports,https://www.safaricom.co.ke/investor-relations-landing/reports/financial-report/financial-results,https://www.safaricom.co.ke/images/Investorrelation/2010_Financial_Year_Results_Announcement.pdf,linked from issuer page,application/pdf (inferred from source link),Issuer website,
NSE-00138,Safaricom PLC,SCOM,Semi-annual / half-year,Investor presentation,,Safaricom Financial Reports,https://www.safaricom.co.ke/investor-relations-landing/reports/financial-report/financial-results,https://www.safaricom.co.ke/images/Investorrelation/2009_half_year_results.pdf,linked from issuer page,application/pdf (inferred from source link),Issuer website,
NSE-00139,Safaricom PLC,SCOM,Semi-annual / half-year,Results announcement / commentary,,Safaricom Financial Reports,https://www.safaricom.co.ke/investor-relations-landing/reports/financial-report/financial-results,https://www.safaricom.co.ke/images/Downloads/press_release_commentary_september_2009.pdf,linked from issuer page,application/pdf (inferred from source link),Issuer website,
NSE-00140,Safaricom PLC,SCOM,Semi-annual / half-year,Results announcement / commentary,,Safaricom Financial Reports,https://www.safaricom.co.ke/investor-relations-landing/reports/financial-report/financial-results,https://www.safaricom.co.ke/images/Investorrelation/FY_9PressReleaseAnnualResults.pdf,linked from issuer page,application/pdf (inferred from source link),Issuer website,
NSE-00141,KCB Group PLC,KCB,Periodic results material,Financial results / statements,,KCB Group — Investor Relations,https://kcbgroup.com/integrated-reports,javascript:void(0);,linked from issuer page,application/pdf (inferred from source link),Issuer website,
NSE-00142,KCB Group PLC,KCB,Periodic results material,Financial results / statements,,KCB Group — Investor Relations,https://kcbgroup.com/integrated-reports,https://kcbgroup.com/financial-statements,linked from issuer page,application/pdf (inferred from source link),Issuer website,
NSE-00143,KCB Group PLC,KCB,Periodic results material,Financial results / statements,,KCB Group — Investor Relations,https://kcbgroup.com/integrated-reports,https://kcbgroup.com/subsidiary-financial-statements,linked from issuer page,application/pdf (inferred from source link),Issuer website,
NSE-00144,KCB Group PLC,KCB,Annual / full-year,Annual report,,KCB Group — Investor Relations,https://kcbgroup.com/integrated-reports,https://kcbgroup.com/integrated-reports,linked from issuer page,application/pdf (inferred from source link),Issuer website,
NSE-00145,KCB Group PLC,KCB,Annual / full-year,Annual report,2025,KCB Group — Investor Relations,https://kcbgroup.com/integrated-reports,https://kcbgroup.com/download/eyJpdiI6InNiT1MydUVJQzk3czhIV295VWdXYWc9PSIsInZhbHVlIjoieGZrTHVhZ3pINTFUUEFFTnFzNkhyRUplOVYyaWMvanlVRTNieUR4TllqaDhWZjRIQWxieWVVMU85OTNiQ21qUHZiQzFQdENlMG9PTzdBZW9oSzZ1c1dCL0xTcllZZmt1OEYyOVQzZnJSYmM9IiwibWFjIjoiMjVmN2ViM2IwMDJmZmRjNDUxMmEzNzdhY2RkZTVmNDc0ZDIyNjUxNDBlNTRjYzE1NDNmNDhkY2Y4YjA4NDNlMCIsInRhZyI6IiJ9?signature=d059d9a65d54af9ce2098ecf09b1878c364cd5f6c6d011b2cb7a27d6273ee420,linked from issuer page,application/pdf (inferred from source link),Issuer website,
NSE-00146,KCB Group PLC,KCB,Annual / full-year,Annual report,2024,KCB Group — Investor Relations,https://kcbgroup.com/integrated-reports,https://kcbgroup.com/download/eyJpdiI6ImRrZzcydWx1Qmt1TnhCTVdQbkpFUEE9PSIsInZhbHVlIjoiZkpLenllcXluRSsyOXhMUFc4UGtPY0ZlR3hUeGtpUWhoSWRLUGJsb1hoL0hpVk9YVmR3QU03R3FEVDU3MEMybXRlTEI0Umx0YXgvTkZQOW1FOTNmOTYwNGJFeSs2NWs3UnBMSks0RUxKZ3FMTGJ3ZXhZdWR1SzFmLzhqT21aYXgiLCJtYWMiOiI4MzRmNTRlNWZmODFkNzNlOTdkOWQzNWFiMzFhY2VhNzU4NjVlZTliMTQyZTk2NGQ2NzE2NmMwNzkwMzcwNGZiIiwidGFnIjoiIn0=?signature=638b796b94e784be7e8a981d12f411e91f5e04220c93019db8aaedf2bce04230,linked from issuer page,application/pdf (inferred from source link),Issuer website,
NSE-00147,KCB Group PLC,KCB,Annual / full-year,Annual report,2023,KCB Group — Investor Relations,https://kcbgroup.com/integrated-reports,https://kcbgroup.com/download/eyJpdiI6IlVmWUtDZTFzU2xaVTh3S3p3Tmk1emc9PSIsInZhbHVlIjoiRHdWVEFjRXBLdDRhekRxOWhzNHBud3o1MVBaVGNRbUsyNVgrYy9sMEYyT2ljb2phQVpWOXdBQkQ1MUtXNHQ0dkhTdUpVdW5ya1l0NjdJTmFqV2txSXBwTkdiVk05L0E4bmVpaURibUVyTk09IiwibWFjIjoiMDBhNjYzMmQ2MmM5YmRjMmQwZTMyOGY2ZWExMGM1YzY5NjMyZDg5YWMxMTI1NDczZDdlMmEzMjk4Mjk5NDM0OSIsInRhZyI6IiJ9?signature=723495507fc4bdfdc729e0494ceddca1adb2caf06ec2cc749a426a89a5094598,linked from issuer page,application/pdf (inferred from source link),Issuer website,
NSE-00148,KCB Group PLC,KCB,Annual / full-year,Annual report,2022,KCB Group — Investor Relations,https://kcbgroup.com/integrated-reports,https://kcbgroup.com/download/eyJpdiI6IjNIUFluWlBwc0dKeGNkdjI3cDlnVEE9PSIsInZhbHVlIjoidlRxcXg1WmZRTEhMaCtsN1AzR3VHK0cvUzltdE05dFlGSEZHVEpTdGxDNlQ1QlVTZllvQWlSOW5zajMvODd2RjhTRFc5TmxGS3lIbTQ4TWd6dE9YRXJIMGxUUWNjK2RhRkU0TmVxTWF1NjIxb1lXYjNkUmJpVitXWnZkcnhtSWEiLCJtYWMiOiI3OTY5ODNhMDRiNzczN2Y1NTA0NmY2N2FmMDk5ZTY4ZDZjOGY1ODc2ZmEzZDI4Mzc5MjgyNmUxYzBkNDI2NzQ5IiwidGFnIjoiIn0=?signature=5a593625554c987d3b1293377d39aa478588d805c20fb05c705c12e9def4c7c0,linked from issuer page,application/pdf (inferred from source link),Issuer website,
NSE-00149,KCB Group PLC,KCB,Annual / full-year,Annual report,2021,KCB Group — Investor Relations,https://kcbgroup.com/integrated-reports,https://kcbgroup.com/download/eyJpdiI6Im1rSERjWGYySGxYa3p5SWtGUlp0RkE9PSIsInZhbHVlIjoieEZuZHlkeUZyMUk3bzZIa0tna1RBMTFjMytaYUY4WXdacVl1bURTMkZoWklvRkQ1Q3F1ak8wbS91SWZPb04zOGtRcWwxVzQyckFHaGJWMFNsSTMydm8rVFFtYmNQQ0Q5b3FTMGlYOUc3b2s9IiwibWFjIjoiYmMwZjU1NDg2M2JjODkzNGRhOTI2ZGFlNGZiNDVhN2Y0ZGQwZjQ3N2FhYmQ5ZDJiOWQ1NTFmNmI4OGIyMTQzZiIsInRhZyI6IiJ9?signature=9cecee9a13d758dbc110ac8a855491fbf2ab21eb9958b7b06827a440e2cd2dcd,linked from issuer page,application/pdf (inferred from source link),Issuer website,
NSE-00150,KCB Group PLC,KCB,Annual / full-year,Annual report,2020,KCB Group — Investor Relations,https://kcbgroup.com/integrated-reports,https://kcbgroup.com/download/eyJpdiI6IjRTUXNBS05ZWEJhTFdZakFIYlVRK2c9PSIsInZhbHVlIjoiWitQNkFiMGpxL3VnRW9CbG1WZk9kdnlkUDBzRE9Ia2NwNVYyL3p6K0Nhb1lmN3gzVFo0RXhtaHZyV0hmdE5Cc3Jrb1kvM3AyMHdQcDQ5Z1hmQ1YrQXpXcGg1NjRpOTczVlU5eE9ORWJKc1NpbVlscHVPcWVOWTdzaDVjZlhSWDVlNEFNbUlab09xSEtLOUtHcitvYnNBPT0iLCJtYWMiOiJjNjE5MzM0ZjQwYmE2Yjk3NTY0NDY2MDRmMzYzMDUxODgwN2IyOGExZTNhODgwZmVjNTc1YzkzNzY3MWU3YmVhIiwidGFnIjoiIn0=?signature=12779f66c296f72236d4fb88df4749e18807609b2b0a28ff1cc5aa864ac9d931,linked from issuer page,application/pdf (inferred from source link),Issuer website,
NSE-00151,Equity Group Holdings PLC,EQTY,Semi-annual / half-year,Financial results / statements,2026,Equity Group — Investor Relations,https://equitygroupholdings.com/investor-relations/,https://equitygroupholdings.com/wp-content/uploads/2026/08/Equity-Group-Holdings-PLC-Unaudited-Financial-Statements-and-other-Disclosures-for-the-Period-Ended-30th-June-2026.pdf,linked from issuer page,application/pdf (inferred from source link),Issuer website,
NSE-00152,Equity Group Holdings PLC,EQTY,Annual / full-year,Annual report,2025,Equity Group — Investor Relations,https://equitygroupholdings.com/investor-relations/,https://equitygroupholdings.com/wp-content/uploads/2026/05/Equity-Group-Holdings-Plc-Annual-Report-and-Financial-Statements-for-the-Year-Ended-31st-December-2025.pdf,linked from issuer page,application/pdf (inferred from source link),Issuer website,
NSE-00153,Equity Group Holdings PLC,EQTY,Semi-annual / half-year,Financial results / statements,2026,Equity Group — Investor Relations,https://equitygroupholdings.com/investor-relations/,https://equitygroupholdings.com/wp-content/uploads/2026/08/PRESS-RELEASE-Equity-Group-Reports-Strong-Half-Year-2026-Results-Underpinned-by-Strong-Balance-Sheet-Growth-Regional-Strength-and-Technology-Driven-Growth-.pdf,linked from issuer page,application/pdf (inferred from source link),Issuer website,
NSE-00154,Equity Group Holdings PLC,EQTY,Quarterly,Periodic results material,2026,Equity Group — Investor Relations,https://equitygroupholdings.com/investor-relations/,https://equitygroupholdings.com/wp-content/uploads/2026/05/PRESS-RELEASE-Equity-Group-Accelerates-Technology-Led-Transformation-Delivering-Strong-Q1-2026-Growth-and-Regional-Leadership.pdf,linked from issuer page,application/pdf (inferred from source link),Issuer website,
NSE-00155,Equity Group Holdings PLC,EQTY,Annual / full-year,Annual report,2025,Equity Group — Investor Relations,https://equitygroupholdings.com/investor-relations/,https://equitygroupholdings.com/wp-content/uploads/2026/06/Equity-Group-Holdings-PLC-2025-Integrated-Report-and-Financial-Statements.pdf,linked from issuer page,application/pdf (inferred from source link),Issuer website,
NSE-00156,Equity Group Holdings PLC,EQTY,Annual / full-year,Annual report,2024,Equity Group — Investor Relations,https://equitygroupholdings.com/investor-relations/,https://equitygroupholdings.com/wp-content/uploads/2025/06/Equity-Group-Holdings-PLC-2024-Integrated-Report-and-Financial-Statements.pdf,linked from issuer page,application/pdf (inferred from source link),Issuer website,
NSE-00157,KCB Group PLC,KCB,Annual / full-year,Financial results / statements,2026,KCB Group — Financial Statements,https://kcbgroup.com/financial-statements,https://kcbgroup.com/download/eyJpdiI6InN0QUFjVVJ4cityUDRQd2lQWjZYc1E9PSIsInZhbHVlIjoicWxDMXVwWllFUlN3OHVjQzZBd05JWHV6RmN1MURWNmxoMmVxdllHOFpsUkpUYzBaLzdUWjB3NmN6cDVTNXlPbG1mVGFndEFwc0kyK2lYc2psVHJNUTVrZHhzelJrL1VJdC9HK1NaTFphN0FsZjBtQ1F1SlBhOHpCS2FBSWJ0c2VnandCKzNQOU56TWc5UGZ3MU1KcGxRPT0iLCJtYWMiOiIwZGJiOTg4ZDliNzQyMjY4MGZjODMxZTU3MzE4NjdlMTc1NGFiMGVkODljYWJmNjVlYWUxNWMzMTZiNjgxYWMyIiwidGFnIjoiIn0=?signature=148759fffdb1287e036803c8f525cfb552dd463d15a924ba231874abdb4ff9a4,linked from issuer page,application/pdf (inferred from source link),Issuer website,
NSE-00158,KCB Group PLC,KCB,Semi-annual / half-year,Financial results / statements,2026,KCB Group — Financial Statements,https://kcbgroup.com/financial-statements,https://kcbgroup.com/download/eyJpdiI6IlR0dWtLUk1VWlZEb1V4OHY4YnVUeHc9PSIsInZhbHVlIjoiZERGbXp5VUpZT3pzTUlHeHlEUElhRTU2RnFoaS9aNExhdDAyTUVzNnZKTk05RXB5YUVyVnhzQzZwSWlXcyt5a3laOWtyektvRzhLcjhSL2lTZFVXM0lYMGxiRERWQnpNWEl0R0RoMnJqR009IiwibWFjIjoiNTAxMjI3MDU0MTkzNDUzMWYzZWEzMTliNTU4OWM2ZDA4OTIzODk5MzM5MmFhZjI3MWIwYjc5Zjk4NDBmNmIwZCIsInRhZyI6IiJ9?signature=37c58a78eb8aad3f7561c75f6e80256273fd2573baa48c106675010903826662,linked from issuer page,application/pdf (inferred from source link),Issuer website,
NSE-00159,KCB Group PLC,KCB,Annual / full-year,Financial results / statements,2025,KCB Group — Financial Statements,https://kcbgroup.com/financial-statements,https://kcbgroup.com/download/eyJpdiI6ImFVNlYyRkRKQ1R1Vmc1NU9zK2dZYlE9PSIsInZhbHVlIjoiaktWS0cxUDREeG5WSHMrYllpZWl3dmVndkkrWFhWMkVvY1YrcThtN21qbUxIRFZhM3RHNGZXV0xSN0g2aVhDcGJoK3FnRE1UUEUzaFk1SWViU2greFVzQ3hQdmlTNmlPT0Q1Z2ZmaFZ3MUs5bGVLRHhhZ25VTXpML2c4N1dFd0ciLCJtYWMiOiI0NDQ0NThlNzM4ZjIyM2ExYjRlNzk4Nzg0YWYzZTExZGU5YWFmOWUyY2VhZTE5MWIyZmI0M2RlNzcyMzk4NDliIiwidGFnIjoiIn0=?signature=bdbf9c66318d3c7e1cd2267d89c26f2a1788013eb612d89422936a3dfa8d9f8e,linked from issuer page,application/pdf (inferred from source link),Issuer website,
NSE-00160,KCB Group PLC,KCB,Quarterly,Financial results / statements,2025,KCB Group — Financial Statements,https://kcbgroup.com/financial-statements,https://kcbgroup.com/download/eyJpdiI6IldFSDhzbjlDWExHUk1VOFQrd09MYUE9PSIsInZhbHVlIjoicUdITXhmYm5LbS9DNWFKdzQ2NUtpYi9qd3Qxc3BodHczMTFQOEtFa3FQZGlFb1J1TnhyWEM4clhkM3dwbGdibnYxWFo1ODY1YmFZNnJOci9nL2lrYi9XNzNVRjNWM1RCd1V1NmFKaVhnNEU9IiwibWFjIjoiMDA2MmYyZjc1ZTM5YjkxNjg2OGNjM2IyNDUxMTczMTlhYzg1MGQ3MTgxYWJlZTUzMWRkMjBiMjI4MzIzYjIxMSIsInRhZyI6IiJ9?signature=269504b3153fe6a4f5d0193b7f55cc7ff065143d89fa89ed3109b1cc465d5d4a,linked from issuer page,application/pdf (inferred from source link),Issuer website,
NSE-00161,KCB Group PLC,KCB,Quarterly,Financial results / statements,2025,KCB Group — Financial Statements,https://kcbgroup.com/financial-statements,https://kcbgroup.com/download/eyJpdiI6Ik5wWVdLZFdHQlpDVWw1elNBTUw2REE9PSIsInZhbHVlIjoiRkVEM1FhRUZBMEZIZlY5aXBDaU1SUGN4UGphb0RGUTJKZEY2N1FGR3VwVkJ2Z1ZxQzEzUldOZU53MEJQbXVCYWJJYkc4cTBQWmFqRWN4L3EycWdlcm9Dbyt5bS9xR3lETGJuUU85MkRTMWs9IiwibWFjIjoiZDE5YzU3ZDljNjk1NjNhM2U1MTc1M2I1MThjN2MwNDE4OTM4NjFjY2M0YjU3YzNjMGYwODI3MTI1NTYxODRkMSIsInRhZyI6IiJ9?signature=298d1fc2ef431c1a9e0b78dc157d7d16808b9d540842677d8dba6756a4bbaa15,linked from issuer page,application/pdf (inferred from source link),Issuer website,
NSE-00162,KCB Group PLC,KCB,Annual / full-year,Financial results / statements,2025,KCB Group — Financial Statements,https://kcbgroup.com/financial-statements,https://kcbgroup.com/download/eyJpdiI6Iml3YmhncWdUc2VOMjhlbEpjcGoxU2c9PSIsInZhbHVlIjoiVkUwSUlPRHNNbkE3QmExRytlVzg0bGhWUFVpUUkvc0duYWc0VmlBcFNsOVhwYmNkRit1RjNEQmU4V1FKRnRzcDZ4Sk5zYjhlR1pOWFhJUjlkbU53UlF4QTdycTVuZEZWSy9NcGRUbkpHcVdVMG1qdXhWcVhRSUcxTEhvTWVhc1giLCJtYWMiOiI1OGUwZjMyOWMwZDk5N2MyNjYyM2U3YzRlMDg3YWY0NWYyNmJkN2NkNDI3NjFiMmJjZGZjNzJkOTYyYzk5NDE0IiwidGFnIjoiIn0=?signature=890afc6ef1b2ccfd331c6699602ac687f542fcfd53f8234f54d3e2d7166a2de9,linked from issuer page,application/pdf (inferred from source link),Issuer website,
NSE-00163,KCB Group PLC,KCB,Quarterly,Financial results / statements,2025,KCB Group — Financial Statements,https://kcbgroup.com/financial-statements,https://kcbgroup.com/download/eyJpdiI6InhQdVdobFdYMlhYWk9RUUlXUzk3UGc9PSIsInZhbHVlIjoiQW9ZTkM3Z3dJSXRyU2dPa3RUUkJqZVVEK3NEZXBKczU3TDAyb0xBTEFOdzBjVVdCRTJEdW5ZUzNPMG1PckNiWnNuWTZVTU9VR3pabG82bklDQmpZSkFDRFNUMExHb0xMMVFPWDdjOW5WOFNVVGliaUtuVmpRMXpEY3QvNGU1UisiLCJtYWMiOiI2ZmYxYTIzY2U2YWI0ZDI5Njc2NTAwNzk5MDIwNDAwYTk1ZjZlMzdkZGViNmNkZWUwYTFlOGZlYWIzYjIyZjAxIiwidGFnIjoiIn0=?signature=c5d3f03b3d7d5fe06dc46477b13c1c73cd8414c82a086531b017bf7d4955d62c,linked from issuer page,application/pdf (inferred from source link),Issuer website,
NSE-00164,KCB Group PLC,KCB,Semi-annual / half-year,Financial results / statements,2025,KCB Group — Financial Statements,https://kcbgroup.com/financial-statements,https://kcbgroup.com/download/eyJpdiI6ImVtVHlaOWlJQTcvWXVEZjJlNVd3NVE9PSIsInZhbHVlIjoiSEt6eUZaV29Ob2poVEpHTmpBVnJIbkN0MjhIdm53VkVDVnZGVkFTM09ERnlhc1VPN3RkSXBTVFEwRmMwb2J2KzMrMzBCWmdwMnBoUEZ3bjZGTitBWC9ka3RXU0lHaVp5b2lpendCVFhEM289IiwibWFjIjoiYWQyM2UwZmE0ZjNkYmFiNGJmOGRjYzdlNTgxNzc4OGEyMzkzOTJmYmFkMDFkYjM3YWJkYTZkZDgwY2Q2NjVmNiIsInRhZyI6IiJ9?signature=e0795cc6f15a9585181e215f319fada273e3077732f8be247e88da4bdf15ba34,linked from issuer page,application/pdf (inferred from source link),Issuer website,
NSE-00165,KCB Group PLC,KCB,Quarterly,Financial results / statements,2024,KCB Group — Financial Statements,https://kcbgroup.com/financial-statements,https://kcbgroup.com/download/eyJpdiI6InRFb044bDZhcWtzTWNEWngwcVNhZWc9PSIsInZhbHVlIjoiQ0tSZXBkZWJzcGtKZkpaR1pPaWUyNWs5cVpiWDFFaU5wSUlPOElzb0ZXM3RvN1Y4R3ZzSlBkNVk5ZHl4MXVJQ2FNQ2RXWHkzZllydU1WcmtHSFVqQlQ5Q05GeTZJdTNiUFFMNWh6VmRpcXc9IiwibWFjIjoiNmU5MzcyNDA0MzI4ZTNhNGVkMGI3ZWZkYTNiODc3N2U3NzU5MDBlYjQ0Njg5ODcxY2VjMzcwOGFjYjY1ZjRlOCIsInRhZyI6IiJ9?signature=863308a4fd3bdf676f93608cff29b5f9669dba73ffba11c4c3df9ec444925ef2,linked from issuer page,application/pdf (inferred from source link),Issuer website,
NSE-00166,KCB Group PLC,KCB,Quarterly,Financial results / statements,2024,KCB Group — Financial Statements,https://kcbgroup.com/financial-statements,https://kcbgroup.com/download/eyJpdiI6Ik0yRU9nSEJrK21lbXJLK3QyTTBJSVE9PSIsInZhbHVlIjoiNG5HdHRBcWhMZGM1ZTFTVEpWYVg3OGRFWjh0aEplNlk4M3VMTlpTYXpNY0pva081Z0hYdWVkT0ZENnhCaXdWYlVaOUJ0S0VtaGpMS21KTmxxV2N0TXhEdGVoWWExaUhHbFJXZkZsT1JyN2FoRkl2VG1rSnBoY1d5bmJ3NzFxOTEiLCJtYWMiOiJmNjFlNGMwZTQxMmQ0NDc0NzQ2NmU2MzA4ZGJkMjQxMjc4ODVmYjlhMGVmN2ExY2ZmNjIzYWUyOTQzYjFmZjAzIiwidGFnIjoiIn0=?signature=417a3c3cff149a03c39a591de5a5bba8025ad3364dee4f83fe28a83fdf090034,linked from issuer page,application/pdf (inferred from source link),Issuer website,
NSE-00167,Co-operative Bank of Kenya PLC,COOP,Annual / full-year,Annual report,,Co-operative Bank — Integrated Reports,https://www.co-opbank.co.ke/investor-relations/integrated-reports/,https://www.co-opbank.co.ke/investor-relations/integrated-reports/,linked from issuer page,application/pdf (inferred from source link),Issuer website,
NSE-00168,Co-operative Bank of Kenya PLC,COOP,Periodic results material,Periodic results material,,Co-operative Bank — Integrated Reports,https://www.co-opbank.co.ke/investor-relations/integrated-reports/,https://www.co-opbank.co.ke/wp-content/uploads/2026/05/2025-Co-op-Bank-Integrated-Report-Web.pdf,linked from issuer page,application/pdf (inferred from source link),Issuer website,
NSE-00169,Co-operative Bank of Kenya PLC,COOP,Periodic results material,Periodic results material,,Co-operative Bank — Integrated Reports,https://www.co-opbank.co.ke/investor-relations/integrated-reports/,https://www.co-opbank.co.ke/wp-content/uploads/2025/05/Co-op-2024-IR-07_05_compressed-1.pdf,linked from issuer page,application/pdf (inferred from source link),Issuer website,
NSE-00170,Co-operative Bank of Kenya PLC,COOP,Periodic results material,Periodic results material,,Co-operative Bank — Integrated Reports,https://www.co-opbank.co.ke/investor-relations/integrated-reports/,https://www.co-opbank.co.ke/wp-content/uploads/2024/05/CO-OP-BANK-2023-Integrated-Report-1.pdf,linked from issuer page,application/pdf (inferred from source link),Issuer website,
NSE-00171,Co-operative Bank of Kenya PLC,COOP,Periodic results material,Periodic results material,,Co-operative Bank — Integrated Reports,https://www.co-opbank.co.ke/investor-relations/integrated-reports/,https://www.co-opbank.co.ke/wp-content/uploads/2023/05/CO-OP-BANK-2022-Integrated-Report.pdf,linked from issuer page,application/pdf (inferred from source link),Issuer website,
NSE-00172,Co-operative Bank of Kenya PLC,COOP,Periodic results material,Periodic results material,,Co-operative Bank — Integrated Reports,https://www.co-opbank.co.ke/investor-relations/integrated-reports/,https://www.co-opbank.co.ke/wp-content/uploads/2022/05/Co-op-Bank-2021-Annual-Report-Final-Online-Version-Updated-1.pdf,linked from issuer page,application/pdf (inferred from source link),Issuer website,
NSE-00173,Co-operative Bank of Kenya PLC,COOP,Periodic results material,Periodic results material,,Co-operative Bank — Integrated Reports,https://www.co-opbank.co.ke/investor-relations/integrated-reports/,https://www.co-opbank.co.ke/wp-content/uploads/2021/11/Co-op-Bank-2020-Integrated-Report-Final.pdf,linked from issuer page,application/pdf (inferred from source link),Issuer website,
NSE-00174,Co-operative Bank of Kenya PLC,COOP,Periodic results material,Periodic results material,,Co-operative Bank — Integrated Reports,https://www.co-opbank.co.ke/investor-relations/integrated-reports/,https://www.co-opbank.co.ke/wp-content/uploads/2021/11/CO-OP-BANK-2019-ANNUAL-REPORT-updated.pdf,linked from issuer page,application/pdf (inferred from source link),Issuer website,
NSE-00175,Co-operative Bank of Kenya PLC,COOP,Periodic results material,Periodic results material,,Co-operative Bank — Integrated Reports,https://www.co-opbank.co.ke/investor-relations/integrated-reports/,https://www.co-opbank.co.ke/wp-content/uploads/2021/11/CO-OP-BANK-2018-ANNUAL-REPORT-compressed-1.pdf,linked from issuer page,application/pdf (inferred from source link),Issuer website,
NSE-00176,Co-operative Bank of Kenya PLC,COOP,Periodic results material,Periodic results material,,Co-operative Bank — Integrated Reports,https://www.co-opbank.co.ke/investor-relations/integrated-reports/,https://www.co-opbank.co.ke/wp-content/uploads/2026/08/24.08.2026-UPDATED-SCHOOLS-CODES.pdf,linked from issuer page,application/pdf (inferred from source link),Issuer website,
NSE-00177,Co-operative Bank of Kenya PLC,COOP,Periodic results material,Periodic results material,,Co-operative Bank — Integrated Reports,https://www.co-opbank.co.ke/investor-relations/integrated-reports/,https://www.co-opbank.co.ke/wp-content/uploads/2022/07/Complaints_Resolution_Guide_A2_Poster_6083c1455a3.pdf,linked from issuer page,application/pdf (inferred from source link),Issuer website,
NSE-00178,Co-operative Bank of Kenya PLC,COOP,Periodic results material,Financial results / statements,,Co-operative Bank — Financial Statements,https://www.co-opbank.co.ke/investor-relations/financial-statements/,https://www.co-opbank.co.ke/investor-relations/financial-statements/,linked from issuer page,application/pdf (inferred from source link),Issuer website,
NSE-00179,Co-operative Bank of Kenya PLC,COOP,Periodic results material,Periodic results material,,Co-operative Bank — Financial Statements,https://www.co-opbank.co.ke/investor-relations/financial-statements/,https://www.co-opbank.co.ke/wp-content/uploads/2026/08/48626-CO-OP-BANK-Q2-2026-FINANCIALS-12-8-26.pdf,linked from issuer page,application/pdf (inferred from source link),Issuer website,
NSE-00180,Co-operative Bank of Kenya PLC,COOP,Periodic results material,Periodic results material,,Co-operative Bank — Financial Statements,https://www.co-opbank.co.ke/investor-relations/financial-statements/,https://www.co-opbank.co.ke/wp-content/uploads/2026/05/Co-op-Bank-Financials-Q1-2026.pdf,linked from issuer page,application/pdf (inferred from source link),Issuer website,
NSE-00181,Co-operative Bank of Kenya PLC,COOP,Periodic results material,Periodic results material,,Co-operative Bank — Financial Statements,https://www.co-opbank.co.ke/investor-relations/financial-statements/,https://www.co-opbank.co.ke/wp-content/uploads/2026/03/CO-OP-Bank-Financials-2025.pdf,linked from issuer page,application/pdf (inferred from source link),Issuer website,
NSE-00182,Co-operative Bank of Kenya PLC,COOP,Periodic results material,Periodic results material,,Co-operative Bank — Financial Statements,https://www.co-opbank.co.ke/investor-relations/financial-statements/,https://www.co-opbank.co.ke/wp-content/uploads/2025/11/Co-op-Bank-Group-Q32025-Financials.pdf,linked from issuer page,application/pdf (inferred from source link),Issuer website,
NSE-00183,Co-operative Bank of Kenya PLC,COOP,Periodic results material,Periodic results material,,Co-operative Bank — Financial Statements,https://www.co-opbank.co.ke/investor-relations/financial-statements/,https://www.co-opbank.co.ke/wp-content/uploads/2025/08/Co-op-Bank-Group-H1-2025-Financials.pdf,linked from issuer page,application/pdf (inferred from source link),Issuer website,
NSE-00184,Co-operative Bank of Kenya PLC,COOP,Periodic results material,Periodic results material,,Co-operative Bank — Financial Statements,https://www.co-opbank.co.ke/investor-relations/financial-statements/,https://www.co-opbank.co.ke/wp-content/uploads/2025/05/Co-op-Bank-Group-Q12025.pdf,linked from issuer page,application/pdf (inferred from source link),Issuer website,
NSE-00185,Co-operative Bank of Kenya PLC,COOP,Periodic results material,Periodic results material,,Co-operative Bank — Financial Statements,https://www.co-opbank.co.ke/investor-relations/financial-statements/,https://www.co-opbank.co.ke/wp-content/uploads/2025/03/CO-OP-Bank-FY-Financials-2024.pdf,linked from issuer page,application/pdf (inferred from source link),Issuer website,
NSE-00186,Co-operative Bank of Kenya PLC,COOP,Periodic results material,Periodic results material,,Co-operative Bank — Financial Statements,https://www.co-opbank.co.ke/investor-relations/financial-statements/,https://www.co-opbank.co.ke/wp-content/uploads/2024/11/Co-op-Bank-Group-Financials-Q32024.pdf,linked from issuer page,application/pdf (inferred from source link),Issuer website,
NSE-00187,Co-operative Bank of Kenya PLC,COOP,Periodic results material,Periodic results material,,Co-operative Bank — Financial Statements,https://www.co-opbank.co.ke/investor-relations/financial-statements/,https://www.co-opbank.co.ke/wp-content/uploads/2024/08/Co-op-Bank-Group-H1-2024-Financials.pdf,linked from issuer page,application/pdf (inferred from source link),Issuer website,
NSE-00188,Co-operative Bank of Kenya PLC,COOP,Periodic results material,Periodic results material,,Co-operative Bank — Financial Statements,https://www.co-opbank.co.ke/investor-relations/financial-statements/,https://www.co-opbank.co.ke/wp-content/uploads/2024/05/CO-OP-BANK-Q1-2024-FINANCIALS.pdf,linked from issuer page,application/pdf (inferred from source link),Issuer website,
NSE-00189,Co-operative Bank of Kenya PLC,COOP,Periodic results material,Periodic results material,,Co-operative Bank — Financial Statements,https://www.co-opbank.co.ke/investor-relations/financial-statements/,https://www.co-opbank.co.ke/wp-content/uploads/2024/03/Co-op-Bank-Group-FY2023-Financials.pdf,linked from issuer page,application/pdf (inferred from source link),Issuer website,
NSE-00190,Co-operative Bank of Kenya PLC,COOP,Periodic results material,Periodic results material,,Co-operative Bank — Financial Statements,https://www.co-opbank.co.ke/investor-relations/financial-statements/,https://www.co-opbank.co.ke/wp-content/uploads/2023/11/Co-opBank-Group-Q3-Financials.pdf,linked from issuer page,application/pdf (inferred from source link),Issuer website,
NSE-00191,East African Breweries PLC,EABL,Annual / full-year,Investor presentation,2026,EABL — Financial Results,https://www.eabl.com/investors/financial-results,https://www.eabl.com/~/media/Files/E/eabl/documents/investor/financial-result/2026/eabl-full-year-2026-financial-results-presentation.pdf,linked from issuer page,application/pdf (inferred from source link),Issuer website,
NSE-00192,East African Breweries PLC,EABL,Annual / full-year,Financial results / statements,2026,EABL — Financial Results,https://www.eabl.com/investors/financial-results,https://www.eabl.com/~/media/Files/E/eabl/documents/investor/financial-result/2026/eabl-full-year-2026-financial-results-press-ad.pdf,linked from issuer page,application/pdf (inferred from source link),Issuer website,
NSE-00193,East African Breweries PLC,EABL,Annual / full-year,Results announcement / commentary,2026,EABL — Financial Results,https://www.eabl.com/investors/financial-results,https://www.eabl.com/~/media/Files/E/eabl/documents/investor/financial-result/2026/eabl-full-year-2026-press-release.pdf,linked from issuer page,application/pdf (inferred from source link),Issuer website,
NSE-00194,East African Breweries PLC,EABL,Semi-annual / half-year,Investor presentation,2026,EABL — Financial Results,https://www.eabl.com/investors/financial-results,https://www.eabl.com/~/media/Files/E/eabl/documents/investor/financial-result/2026/eabl-half-year-2026-financial-results-presentation.pdf,linked from issuer page,application/pdf (inferred from source link),Issuer website,
NSE-00195,East African Breweries PLC,EABL,Semi-annual / half-year,Financial results / statements,2026,EABL — Financial Results,https://www.eabl.com/investors/financial-results,https://www.eabl.com/~/media/Files/E/eabl/documents/investor/financial-result/2026/eabl-half-year-2026-financial-results-press-ad.pdf,linked from issuer page,application/pdf (inferred from source link),Issuer website,
NSE-00196,East African Breweries PLC,EABL,Semi-annual / half-year,Results announcement / commentary,2026,EABL — Financial Results,https://www.eabl.com/investors/financial-results,https://www.eabl.com/~/media/Files/E/eabl/documents/investor/financial-result/2026/eabl-half-year-2026-press-release.pdf,linked from issuer page,application/pdf (inferred from source link),Issuer website,
NSE-00197,East African Breweries PLC,EABL,Annual / full-year,Investor presentation,2025,EABL — Financial Results,https://www.eabl.com/investors/financial-results,https://www.eabl.com/~/media/Files/E/eabl/documents/investor/financial-result/2025/EABL-Full-Year-2025-Financial-Results-Presentation.pdf,linked from issuer page,application/pdf (inferred from source link),Issuer website,
NSE-00198,East African Breweries PLC,EABL,Annual / full-year,Financial results / statements,2025,EABL — Financial Results,https://www.eabl.com/investors/financial-results,https://www.eabl.com/~/media/Files/E/eabl/documents/investor/financial-result/2025/eabl-f25-full-year-2025-financial-results-press-release.pdf,linked from issuer page,application/pdf (inferred from source link),Issuer website,
NSE-00199,East African Breweries PLC,EABL,Semi-annual / half-year,Investor presentation,2025,EABL — Financial Results,https://www.eabl.com/investors/financial-results,https://www.eabl.com/~/media/Files/E/eabl/documents/investor/financial-result/2025/f25-hy-investor-presentation.pdf,linked from issuer page,application/pdf (inferred from source link),Issuer website,
NSE-00200,East African Breweries PLC,EABL,Semi-annual / half-year,Financial results / statements,2025,EABL — Financial Results,https://www.eabl.com/investors/financial-results,https://www.eabl.com/~/media/Files/E/eabl/documents/investor/financial-result/2025/eabl-f25-half-year-results-press-ad-final.pdf,linked from issuer page,application/pdf (inferred from source link),Issuer website,
NSE-00201,East African Breweries PLC,EABL,Semi-annual / half-year,Results announcement / commentary,,EABL — Financial Results,https://www.eabl.com/investors/financial-results,https://www.eabl.com/~/media/Files/E/eabl/documents/investor/financial-result/2025/f25-hy-results-press-release-30-1-25.pdf,linked from issuer page,application/pdf (inferred from source link),Issuer website,
NSE-00202,East African Breweries PLC,EABL,Annual / full-year,Investor presentation,2024,EABL — Financial Results,https://www.eabl.com/investors/financial-results,https://www.eabl.com/~/media/Files/E/eabl/documents/investor/financial-result/2024/eabl-f24-full-year-financial-results-announcement-presentation.pdf,linked from issuer page,application/pdf (inferred from source link),Issuer website,
NSE-00203,East African Breweries PLC,EABL,Annual / full-year,Financial results / statements,2024,EABL — Financial Results,https://www.eabl.com/investors/financial-results,https://www.eabl.com/~/media/Files/E/eabl/documents/investor/financial-result/2024/eabl-f24-full-year-financial-results-ad.pdf,linked from issuer page,application/pdf (inferred from source link),Issuer website,
NSE-00204,East African Breweries PLC,EABL,Semi-annual / half-year,Results announcement / commentary,2024,EABL — Financial Results,https://www.eabl.com/investors/financial-results,https://www.eabl.com/~/media/Files/E/eabl/documents/investor/financial-result/2024/eabl-f24-half-year-results-press-release.pdf,linked from issuer page,application/pdf (inferred from source link),Issuer website,
NSE-00205,East African Breweries PLC,EABL,Semi-annual / half-year,Investor presentation,2024,EABL — Financial Results,https://www.eabl.com/investors/financial-results,https://www.eabl.com/~/media/Files/E/eabl/documents/investor/financial-result/2024/eabl-f24-half-year-results-presentation.pdf,linked from issuer page,application/pdf (inferred from source link),Issuer website,
NSE-00206,East African Breweries PLC,EABL,Annual / full-year,Results booklet / abridged report,2023,EABL — Financial Results,https://www.eabl.com/investors/financial-results,https://www.eabl.com/~/media/Files/E/eabl/documents/investor/financial-result/2023/eabl-results-booklet-for-the-year-ended-30-june-2023.pdf,linked from issuer page,application/pdf (inferred from source link),Issuer website,
NSE-00207,East African Breweries PLC,EABL,Annual / full-year,Investor presentation,2023,EABL — Financial Results,https://www.eabl.com/investors/financial-results,https://www.eabl.com/~/media/Files/E/eabl/documents/investor/financial-result/2023/eabl-f23-full-year-results-investor-presentation.pdf,linked from issuer page,application/pdf (inferred from source link),Issuer website,
NSE-00208,East African Breweries PLC,EABL,Periodic results material,Financial results / statements,2023,EABL — Financial Results,https://www.eabl.com/investors/financial-results,https://www.eabl.com/~/media/Files/E/eabl/documents/investor/financial-result/2023/eabl-full-2023-year-financial-results-press-ad.pdf,linked from issuer page,application/pdf (inferred from source link),Issuer website,
NSE-00209,East African Breweries PLC,EABL,Annual / full-year,Results announcement / commentary,2023,EABL — Financial Results,https://www.eabl.com/investors/financial-results,https://www.eabl.com/~/media/Files/E/eabl/documents/investor/financial-result/2023/eabl-f23-full-2023-year-press-release.pdf,linked from issuer page,application/pdf (inferred from source link),Issuer website,
NSE-00210,East African Breweries PLC,EABL,Semi-annual / half-year,Financial results / statements,2023,EABL — Financial Results,https://www.eabl.com/investors/financial-results,https://www.eabl.com/~/media/Files/E/eabl/documents/investor/financial-result/2023/eabl-2023-h1-financial-press-ad.pdf,linked from issuer page,application/pdf (inferred from source link),Issuer website,
NSE-00211,East African Breweries PLC,EABL,Semi-annual / half-year,Investor presentation,2023,EABL — Financial Results,https://www.eabl.com/investors/financial-results,https://www.eabl.com/~/media/Files/E/eabl/documents/investor/financial-result/2023/f23-hy-investor-presentation-0.pdf,linked from issuer page,application/pdf (inferred from source link),Issuer website,
NSE-00212,East African Breweries PLC,EABL,Annual / full-year,Financial results / statements,2022,EABL — Financial Results,https://www.eabl.com/investors/financial-results,https://www.eabl.com/~/media/Files/E/eabl/documents/investor/financial-result/2022/eabl-fy-press-ad-july-2022.pdf,linked from issuer page,application/pdf (inferred from source link),Issuer website,
NSE-00213,East African Breweries PLC,EABL,Semi-annual / half-year,Investor presentation,2022,EABL — Financial Results,https://www.eabl.com/investors/financial-results,https://www.eabl.com/~/media/Files/E/eabl/documents/investor/financial-result/2022/eabl-f22-half-year-financial-results-presentation.pdf,linked from issuer page,application/pdf (inferred from source link),Issuer website,
NSE-00214,East African Breweries PLC,EABL,Semi-annual / half-year,Results announcement / commentary,2022,EABL — Financial Results,https://www.eabl.com/investors/financial-results,https://www.eabl.com/~/media/Files/E/eabl/documents/investor/financial-result/2022/eabl-f22-half-year-financial-results-press-release.pdf,linked from issuer page,application/pdf (inferred from source link),Issuer website,
NSE-00215,East African Breweries PLC,EABL,Semi-annual / half-year,Financial results / statements,2022,EABL — Financial Results,https://www.eabl.com/investors/financial-results,https://www.eabl.com/~/media/Files/E/eabl/documents/investor/financial-result/2022/eabl-f22-Half-year-financial-results-press-ad.pdf,linked from issuer page,application/pdf (inferred from source link),Issuer website,
NSE-00216,East African Breweries PLC,EABL,Annual / full-year,Financial results / statements,2021,EABL — Financial Results,https://www.eabl.com/investors/financial-results,https://www.eabl.com/~/media/Files/E/eabl/documents/investor/financial-result/2021/eabl-f21-full-year-results-ad.pdf,linked from issuer page,application/pdf (inferred from source link),Issuer website,
NSE-00217,East African Breweries PLC,EABL,Annual / full-year,Investor presentation,2021,EABL — Financial Results,https://www.eabl.com/investors/financial-results,https://www.eabl.com/~/media/Files/E/eabl/documents/investor/financial-result/2021/eabl-f21-full-year-results-30th-july-2021.pdf,linked from issuer page,application/pdf (inferred from source link),Issuer website,
NSE-00218,East African Breweries PLC,EABL,Semi-annual / half-year,Investor presentation,2021,EABL — Financial Results,https://www.eabl.com/investors/financial-results,https://www.eabl.com/~/media/Files/E/eabl/documents/investor/financial-result/2021/f21-eabl-half-year-result-investor-presentation-0.pdf,linked from issuer page,application/pdf (inferred from source link),Issuer website,
NSE-00219,East African Breweries PLC,EABL,Semi-annual / half-year,Investor presentation,2021,EABL — Financial Results,https://www.eabl.com/investors/financial-results,https://www.eabl.com/~/media/Files/E/eabl/documents/investor/financial-result/2021/f21-eabl-half-year-result-investor-presentation.pdf,linked from issuer page,application/pdf (inferred from source link),Issuer website,
NSE-00220,East African Breweries PLC,EABL,Annual / full-year,Investor presentation,2020,EABL — Financial Results,https://www.eabl.com/investors/financial-results,https://www.eabl.com/~/media/Files/E/eabl/documents/investor/financial-result/2020/eabl-2020-full-year-results-presentation.pdf,linked from issuer page,application/pdf (inferred from source link),Issuer website,
NSE-00221,East African Breweries PLC,EABL,Annual / full-year,Financial results / statements,2020,EABL — Financial Results,https://www.eabl.com/investors/financial-results,https://www.eabl.com/~/media/Files/E/eabl/documents/investor/financial-result/2020/eabl-2020-full-year-results-financials.pdf,linked from issuer page,application/pdf (inferred from source link),Issuer website,
NSE-00222,East African Breweries PLC,EABL,Periodic results material,Periodic results material,2020,EABL — Financial Results,https://www.eabl.com/investors/financial-results,https://www.eabl.com/~/media/Files/E/eabl/documents/investor/financial-result/2020/cautionary-statement-chairman.pdf,linked from issuer page,application/pdf (inferred from source link),Issuer website,
NSE-00223,East African Breweries PLC,EABL,Semi-annual / half-year,Investor presentation,2020,EABL — Financial Results,https://www.eabl.com/investors/financial-results,https://www.eabl.com/~/media/Files/E/eabl/documents/investor/financial-result/2020/eabl-2020-half-year-results-presentation.pdf,linked from issuer page,application/pdf (inferred from source link),Issuer website,
NSE-00224,East African Breweries PLC,EABL,Semi-annual / half-year,Financial results / statements,2020,EABL — Financial Results,https://www.eabl.com/investors/financial-results,https://www.eabl.com/~/media/Files/E/eabl/documents/investor/financial-result/2020/eabl-2020-half-year-results-media-release.pdf,linked from issuer page,application/pdf (inferred from source link),Issuer website,
NSE-00225,East African Breweries PLC,EABL,Semi-annual / half-year,Financial results / statements,2020,EABL — Financial Results,https://www.eabl.com/investors/financial-results,https://www.eabl.com/~/media/Files/E/eabl/documents/investor/financial-result/2020/eabl-2020-half-year-results-financials.pdf,linked from issuer page,application/pdf (inferred from source link),Issuer website,
NSE-00226,East African Breweries PLC,EABL,Annual / full-year,Financial results / statements,2019,EABL — Financial Results,https://www.eabl.com/investors/financial-results,https://www.eabl.com/~/media/Files/E/eabl/documents/investor/financial-result/2019/eabl-2019-full-year-results-financials.pdf,linked from issuer page,application/pdf (inferred from source link),Issuer website,
NSE-00227,East African Breweries PLC,EABL,Annual / full-year,Investor presentation,2019,EABL — Financial Results,https://www.eabl.com/investors/financial-results,https://www.eabl.com/~/media/Files/E/eabl/documents/investor/financial-result/2019/eabl-2019-full-year-results-presentation.pdf,linked from issuer page,application/pdf (inferred from source link),Issuer website,
NSE-00228,East African Breweries PLC,EABL,Semi-annual / half-year,Investor presentation,2019,EABL — Financial Results,https://www.eabl.com/investors/financial-results,https://www.eabl.com/~/media/Files/E/eabl/documents/investor/financial-result/2019/eabl-2019-half-year-results-presentation.pdf,linked from issuer page,application/pdf (inferred from source link),Issuer website,
NSE-00229,East African Breweries PLC,EABL,Annual / full-year,Investor presentation,2018,EABL — Financial Results,https://www.eabl.com/investors/financial-results,https://www.eabl.com/~/media/Files/E/eabl/documents/investor/financial-result/2018/eabl-2018-full-year-results-presentation.pdf,linked from issuer page,application/pdf (inferred from source link),Issuer website,
NSE-00230,East African Breweries PLC,EABL,Semi-annual / half-year,Financial results / statements,2018,EABL — Financial Results,https://www.eabl.com/investors/financial-results,https://www.eabl.com/~/media/Files/E/eabl/documents/investor/financial-result/2018/eabl-2018-half-year-results-financials.pdf,linked from issuer page,application/pdf (inferred from source link),Issuer website,
NSE-00231,East African Breweries PLC,EABL,Semi-annual / half-year,Investor presentation,2018,EABL — Financial Results,https://www.eabl.com/investors/financial-results,https://www.eabl.com/~/media/Files/E/eabl/documents/investor/financial-result/2018/eabl-2018-half-year-results-presentation.pdf,linked from issuer page,application/pdf (inferred from source link),Issuer website,
NSE-00232,East African Breweries PLC,EABL,Semi-annual / half-year,Financial results / statements,2018,EABL — Financial Results,https://www.eabl.com/investors/financial-results,https://www.eabl.com/~/media/Files/E/eabl/documents/investor/financial-result/2018/eabl-2018-half-year-results-call-transcript.pdf,linked from issuer page,application/pdf (inferred from source link),Issuer website,
NSE-00233,East African Breweries PLC,EABL,Annual / full-year,Investor presentation,2017,EABL — Financial Results,https://www.eabl.com/investors/financial-results,https://www.eabl.com/~/media/Files/E/eabl/documents/investor/financial-result/2017/eabl-2017-full-year-results-presentation.pdf,linked from issuer page,application/pdf (inferred from source link),Issuer website,
NSE-00234,East African Breweries PLC,EABL,Semi-annual / half-year,Investor presentation,2017,EABL — Financial Results,https://www.eabl.com/investors/financial-results,https://www.eabl.com/~/media/Files/E/eabl/documents/investor/financial-result/2017/eabl-2017-half-year-results-presentation.pdf,linked from issuer page,application/pdf (inferred from source link),Issuer website,
NSE-00235,East African Breweries PLC,EABL,Semi-annual / half-year,Financial results / statements,2017,EABL — Financial Results,https://www.eabl.com/investors/financial-results,https://www.eabl.com/~/media/Files/E/eabl/documents/investor/financial-result/2017/eabl-2017-half-year-results-financials.pdf,linked from issuer page,application/pdf (inferred from source link),Issuer website,
NSE-00236,East African Breweries PLC,EABL,Annual / full-year,Investor presentation,2016,EABL — Financial Results,https://www.eabl.com/investors/financial-results,https://www.eabl.com/~/media/Files/E/eabl/documents/investor/financial-result/2016/eabl-2016-full-year-results-presentation.pdf,linked from issuer page,application/pdf (inferred from source link),Issuer website,
NSE-00237,East African Breweries PLC,EABL,Semi-annual / half-year,Investor presentation,2016,EABL — Financial Results,https://www.eabl.com/investors/financial-results,https://www.eabl.com/~/media/Files/E/eabl/documents/investor/financial-result/2016/eabl-2016-half-year-results-presentation.pdf,linked from issuer page,application/pdf (inferred from source link),Issuer website,
NSE-00238,East African Breweries PLC,EABL,Annual / full-year,Financial results / statements,2015,EABL — Financial Results,https://www.eabl.com/investors/financial-results,https://www.eabl.com/~/media/Files/E/eabl/documents/investor/financial-result/2015/eabl-2015-full-year-results-financials.pdf,linked from issuer page,application/pdf (inferred from source link),Issuer website,
NSE-00239,East African Breweries PLC,EABL,Annual / full-year,Investor presentation,2015,EABL — Financial Results,https://www.eabl.com/investors/financial-results,https://www.eabl.com/~/media/Files/E/eabl/documents/investor/financial-result/2015/eabl-2015-full-year-results-presentation.pdf,linked from issuer page,application/pdf (inferred from source link),Issuer website,
NSE-00240,East African Breweries PLC,EABL,Semi-annual / half-year,Financial results / statements,2015,EABL — Financial Results,https://www.eabl.com/investors/financial-results,https://www.eabl.com/~/media/Files/E/eabl/documents/investor/financial-result/2015/eabl-2015-half-year-results-financials.pdf,linked from issuer page,application/pdf (inferred from source link),Issuer website,
NSE-00241,East African Breweries PLC,EABL,Semi-annual / half-year,Investor presentation,2015,EABL — Financial Results,https://www.eabl.com/investors/financial-results,https://www.eabl.com/~/media/Files/E/eabl/documents/investor/financial-result/2015/eabl-2015-half-year-results-presentation.pdf,linked from issuer page,application/pdf (inferred from source link),Issuer website,
NSE-00242,East African Breweries PLC,EABL,Annual / full-year,Financial results / statements,2014,EABL — Financial Results,https://www.eabl.com/investors/financial-results,https://www.eabl.com/~/media/Files/E/eabl/documents/investor/financial-result/2014/eabl-2014-full-year-results-financials.pdf,linked from issuer page,application/pdf (inferred from source link),Issuer website,
NSE-00243,East African Breweries PLC,EABL,Annual / full-year,Investor presentation,2014,EABL — Financial Results,https://www.eabl.com/investors/financial-results,https://www.eabl.com/~/media/Files/E/eabl/documents/investor/financial-result/2014/eabl-2014-full-year-results-presentation.pdf,linked from issuer page,application/pdf (inferred from source link),Issuer website,
NSE-00244,East African Breweries PLC,EABL,Semi-annual / half-year,Financial results / statements,2014,EABL — Financial Results,https://www.eabl.com/investors/financial-results,https://www.eabl.com/~/media/Files/E/eabl/documents/investor/financial-result/2014/eabl-2014-half-year-results-financials.pdf,linked from issuer page,application/pdf (inferred from source link),Issuer website,
NSE-00245,East African Breweries PLC,EABL,Semi-annual / half-year,Investor presentation,2014,EABL — Financial Results,https://www.eabl.com/investors/financial-results,https://www.eabl.com/~/media/Files/E/eabl/documents/investor/financial-result/2014/eabl-2014-half-year-results-presentation.pdf,linked from issuer page,application/pdf (inferred from source link),Issuer website,
NSE-00246,East African Breweries PLC,EABL,Annual / full-year,Financial results / statements,2013,EABL — Financial Results,https://www.eabl.com/investors/financial-results,https://www.eabl.com/~/media/Files/E/eabl/documents/investor/financial-result/2013/eabl-2013-full-year-results-financials-0.pdf,linked from issuer page,application/pdf (inferred from source link),Issuer website,
NSE-00247,East African Breweries PLC,EABL,Annual / full-year,Investor presentation,2013,EABL — Financial Results,https://www.eabl.com/investors/financial-results,https://www.eabl.com/~/media/Files/E/eabl/documents/investor/financial-result/2013/eabl-2013-full-year-results-presentation-0.pdf,linked from issuer page,application/pdf (inferred from source link),Issuer website,
NSE-00248,East African Breweries PLC,EABL,Semi-annual / half-year,Financial results / statements,2013,EABL — Financial Results,https://www.eabl.com/investors/financial-results,https://www.eabl.com/~/media/Files/E/eabl/documents/investor/financial-result/2013/eabl-2013-full-year-results-financials.pdf,linked from issuer page,application/pdf (inferred from source link),Issuer website,
NSE-00249,East African Breweries PLC,EABL,Semi-annual / half-year,Investor presentation,2013,EABL — Financial Results,https://www.eabl.com/investors/financial-results,https://www.eabl.com/~/media/Files/E/eabl/documents/investor/financial-result/2013/eabl-2013-half-year-results-presentation.pdf,linked from issuer page,application/pdf (inferred from source link),Issuer website,
NSE-00250,East African Breweries PLC,EABL,Annual / full-year,Investor presentation,2012,EABL — Financial Results,https://www.eabl.com/investors/financial-results,https://www.eabl.com/~/media/Files/E/eabl/documents/investor/financial-result/2012/eabl-2012-full-year-results-presentation.pdf,linked from issuer page,application/pdf (inferred from source link),Issuer website,
NSE-00251,East African Breweries PLC,EABL,Semi-annual / half-year,Investor presentation,2012,EABL — Financial Results,https://www.eabl.com/investors/financial-results,https://www.eabl.com/~/media/Files/E/eabl/documents/investor/financial-result/2012/eabl-2012-half-year-results-presentation.pdf,linked from issuer page,application/pdf (inferred from source link),Issuer website,
NSE-00252,East African Breweries PLC,EABL,Annual / full-year,Investor presentation,2011,EABL — Financial Results,https://www.eabl.com/investors/financial-results,https://www.eabl.com/~/media/Files/E/eabl/documents/investor/financial-result/2011/eabl-2011-full-year-results-presentation.pdf,linked from issuer page,application/pdf (inferred from source link),Issuer website,
NSE-00253,East African Breweries PLC,EABL,Semi-annual / half-year,Investor presentation,2011,EABL — Financial Results,https://www.eabl.com/investors/financial-results,https://www.eabl.com/~/media/Files/E/eabl/documents/investor/financial-result/2011/eabl-2011-half-year-results-presentation.pdf,linked from issuer page,application/pdf (inferred from source link),Issuer website,
NSE-00254,East African Breweries PLC,EABL,Semi-annual / half-year,Investor presentation,2010,EABL — Financial Results,https://www.eabl.com/investors/financial-results,https://www.eabl.com/~/media/Files/E/eabl/documents/investor/financial-result/2010/eabl-2010-half-year-results-presentation.pdf,linked from issuer page,application/pdf (inferred from source link),Issuer website,
NSE-00255,East African Breweries PLC,EABL,Annual / full-year,Investor presentation,2009,EABL — Financial Results,https://www.eabl.com/investors/financial-results,https://www.eabl.com/~/media/Files/E/eabl/documents/investor/financial-result/2009/eabl-2009-full-year-results-presentation.pdf,linked from issuer page,application/pdf (inferred from source link),Issuer website,
NSE-00256,East African Breweries PLC,EABL,Semi-annual / half-year,Investor presentation,2009,EABL — Financial Results,https://www.eabl.com/investors/financial-results,https://www.eabl.com/~/media/Files/E/eabl/documents/investor/financial-result/2009/eabl-2009-half-year-results-presentation.pdf,linked from issuer page,application/pdf (inferred from source link),Issuer website,
NSE-00257,East African Breweries PLC,EABL,Annual / full-year,Investor presentation,2008,EABL — Financial Results,https://www.eabl.com/investors/financial-results,https://www.eabl.com/~/media/Files/E/eabl/documents/investor/financial-result/2008/eabl-2008-full-year-results-presentation.pdf,linked from issuer page,application/pdf (inferred from source link),Issuer website,
NSE-00258,East African Breweries PLC,EABL,Semi-annual / half-year,Investor presentation,2008,EABL — Financial Results,https://www.eabl.com/investors/financial-results,https://www.eabl.com/~/media/Files/E/eabl/documents/investor/financial-result/2008/eabl-2008-half-year-results-presentation.pdf,linked from issuer page,application/pdf (inferred from source link),Issuer website,
NSE-00259,NCBA Group PLC,NCBA,Semi-annual / half-year,Periodic results material,2026,NCBA — Quarterly Earnings,https://ncbagroup.com/quarterly-earnings/,https://ncbagroup.com/wp-content/uploads/2026/08/NCBA-Group-Plc-H1-26-Investor-Deck-1.pdf,linked from issuer page,application/pdf (inferred from source link),Issuer website,"August 10, 2026"
NSE-00260,NCBA Group PLC,NCBA,Semi-annual / half-year,Results announcement / commentary,2026,NCBA — Quarterly Earnings,https://ncbagroup.com/quarterly-earnings/,https://ncbagroup.com/wp-content/uploads/2026/08/NCBA-GROUP-PLC-H1-2026-Financial-Results-Press-Release-Final.pdf,linked from issuer page,application/pdf (inferred from source link),Issuer website,"August 5, 2026"
NSE-00261,NCBA Group PLC,NCBA,Semi-annual / half-year,Financial results / statements,2026,NCBA — Quarterly Earnings,https://ncbagroup.com/quarterly-earnings/,https://ncbagroup.com/wp-content/uploads/2026/08/NCBA-Group-H1-2026-Unaudited-Financials.pdf,linked from issuer page,application/pdf (inferred from source link),Issuer website,"August 5, 2026"
NSE-00262,NCBA Group PLC,NCBA,Semi-annual / half-year,Financial results / statements,2026,NCBA — Quarterly Earnings,https://ncbagroup.com/quarterly-earnings/,https://ncbagroup.com/wp-content/uploads/2026/08/NCBA-Investment-Bank-H1-2026-Unaudited-Financials.pdf,linked from issuer page,application/pdf (inferred from source link),Issuer website,"August 5, 2026"
NSE-00263,NCBA Group PLC,NCBA,Quarterly,Financial results / statements,2026,NCBA — Quarterly Earnings,https://ncbagroup.com/quarterly-earnings/,https://ncbagroup.com/wp-content/uploads/2026/05/NCBA-GROUP-PLC-FINANCIALS-PUBLICATION-Q1-2026-FINAL.pdf,linked from issuer page,application/pdf (inferred from source link),Issuer website,"May 20, 2026"
NSE-00264,NCBA Group PLC,NCBA,Periodic results material,Results booklet / abridged report,2025,NCBA — Quarterly Earnings,https://ncbagroup.com/quarterly-earnings/,https://ncbagroup.com/wp-content/uploads/2026/04/NCBA-Group-Abridged-Financials-FY2025.pdf,linked from issuer page,application/pdf (inferred from source link),Issuer website,"November 23, 2025"
NSE-00265,NCBA Group PLC,NCBA,Periodic results material,Financial results / statements,2026,NCBA — Quarterly Earnings,https://ncbagroup.com/quarterly-earnings/,https://ncbagroup.com/wp-content/uploads/securepdfs/2026/04/NCBA-Group-Financials-Final-25.03.2026.pdf,linked from issuer page,application/pdf (inferred from source link),Issuer website,"November 18, 2025"
NSE-00266,NCBA Group PLC,NCBA,Quarterly,Financial results / statements,2025,NCBA — Quarterly Earnings,https://ncbagroup.com/quarterly-earnings/,https://ncbagroup.com/wp-content/uploads/securepdfs/2026/03/NCBA-Group-Q3-2025-Financial-Results.pdf,linked from issuer page,application/pdf (inferred from source link),Issuer website,"September 27, 2025"
NSE-00267,NCBA Group PLC,NCBA,Quarterly,Results announcement / commentary,2025,NCBA — Quarterly Earnings,https://ncbagroup.com/quarterly-earnings/,https://ncbagroup.com/wp-content/uploads/securepdfs/2026/03/Press-Release-NCBA-Q3-2025-Financial-Results.pdf,linked from issuer page,application/pdf (inferred from source link),Issuer website,"September 15, 2025"
NSE-00268,I&M Group PLC,IMH,Quarterly,Financial results / statements,2026,"I&M — Financial Results, Annual Reports and Investor Presentations",https://www.imbankgroup.com/financial-results-annual-reports-and-investor-presentation/,https://www.imbankgroup.com/wp-content/uploads/2026/06/IM-GROUP-PLC-Financials-Q1-2026.pdf,linked from issuer page,application/pdf (inferred from source link),Issuer website,
NSE-00269,I&M Group PLC,IMH,Annual / full-year,Financial results / statements,2025,"I&M — Financial Results, Annual Reports and Investor Presentations",https://www.imbankgroup.com/financial-results-annual-reports-and-investor-presentation/,https://www.imbankgroup.com/wp-content/uploads/2026/03/im-bank-group-financials.pdf,linked from issuer page,application/pdf (inferred from source link),Issuer website,
NSE-00270,I&M Group PLC,IMH,Quarterly,Financial results / statements,2025,"I&M — Financial Results, Annual Reports and Investor Presentations",https://www.imbankgroup.com/financial-results-annual-reports-and-investor-presentation/,https://www.imbankgroup.com/wp-content/uploads/2025/11/im-Group-Q3-2025-Financial-Results.pdf,linked from issuer page,application/pdf (inferred from source link),Issuer website,
NSE-00271,I&M Group PLC,IMH,Semi-annual / half-year,Financial results / statements,2025,"I&M — Financial Results, Annual Reports and Investor Presentations",https://www.imbankgroup.com/financial-results-annual-reports-and-investor-presentation/,https://www.imbankgroup.com/wp-content/uploads/2025/08/Updated-Group-Financials4.pdf,linked from issuer page,application/pdf (inferred from source link),Issuer website,
NSE-00272,I&M Group PLC,IMH,Quarterly,Financial results / statements,2025,"I&M — Financial Results, Annual Reports and Investor Presentations",https://www.imbankgroup.com/financial-results-annual-reports-and-investor-presentation/,https://www.imbankgroup.com/wp-content/uploads/2025/05/IM-GROUP-Financial-results_31-March-2025.pdf,linked from issuer page,application/pdf (inferred from source link),Issuer website,
NSE-00273,I&M Group PLC,IMH,Annual / full-year,Financial results / statements,2024,"I&M — Financial Results, Annual Reports and Investor Presentations",https://www.imbankgroup.com/financial-results-annual-reports-and-investor-presentation/,https://www.imbankgroup.com/wp-content/uploads/2025/03/imbank-finacials-fy-2024.pdf,linked from issuer page,application/pdf (inferred from source link),Issuer website,
NSE-00274,I&M Group PLC,IMH,Quarterly,Financial results / statements,2024,"I&M — Financial Results, Annual Reports and Investor Presentations",https://www.imbankgroup.com/financial-results-annual-reports-and-investor-presentation/,https://www.imbankgroup.com/wp-content/uploads/2024/11/2024-Q3-Group60.pdf,linked from issuer page,application/pdf (inferred from source link),Issuer website,
NSE-00275,I&M Group PLC,IMH,Semi-annual / half-year,Financial results / statements,2024,"I&M — Financial Results, Annual Reports and Investor Presentations",https://www.imbankgroup.com/financial-results-annual-reports-and-investor-presentation/,https://www.imbankgroup.com/wp-content/uploads/2024/08/im-capital-hy-2024-Results.pdf,linked from issuer page,application/pdf (inferred from source link),Issuer website,
NSE-00276,I&M Group PLC,IMH,Semi-annual / half-year,Financial results / statements,2024,"I&M — Financial Results, Annual Reports and Investor Presentations",https://www.imbankgroup.com/financial-results-annual-reports-and-investor-presentation/,https://www.imbankgroup.com/wp-content/uploads/2024/08/im-group-hy-2024-results.pdf,linked from issuer page,application/pdf (inferred from source link),Issuer website,
NSE-00277,I&M Group PLC,IMH,Quarterly,Financial results / statements,2024,"I&M — Financial Results, Annual Reports and Investor Presentations",https://www.imbankgroup.com/financial-results-annual-reports-and-investor-presentation/,https://www.imbankgroup.com/wp-content/uploads/2024/05/im-group-financials-Q1-2024.pdf,linked from issuer page,application/pdf (inferred from source link),Issuer website,
NSE-00278,I&M Group PLC,IMH,Annual / full-year,Financial results / statements,2023,"I&M — Financial Results, Annual Reports and Investor Presentations",https://www.imbankgroup.com/financial-results-annual-reports-and-investor-presentation/,https://www.imbankgroup.com/wp-content/uploads/2024/03/FY2023-Capital-Financials-Final.pdf,linked from issuer page,application/pdf (inferred from source link),Issuer website,
NSE-00279,I&M Group PLC,IMH,Annual / full-year,Financial results / statements,2023,"I&M — Financial Results, Annual Reports and Investor Presentations",https://www.imbankgroup.com/financial-results-annual-reports-and-investor-presentation/,https://www.imbankgroup.com/wp-content/uploads/2024/03/FY2023-Group-DN-FP.pdf,linked from issuer page,application/pdf (inferred from source link),Issuer website,
NSE-00280,I&M Group PLC,IMH,Quarterly,Financial results / statements,2023,"I&M — Financial Results, Annual Reports and Investor Presentations",https://www.imbankgroup.com/financial-results-annual-reports-and-investor-presentation/,https://www.imbankgroup.com/wp-content/uploads/2023/11/IM-Group-Plc-Financial-Results-Q3-2023.pdf,linked from issuer page,application/pdf (inferred from source link),Issuer website,
NSE-00281,I&M Group PLC,IMH,Semi-annual / half-year,Financial results / statements,2023,"I&M — Financial Results, Annual Reports and Investor Presentations",https://www.imbankgroup.com/financial-results-annual-reports-and-investor-presentation/,https://www.imbankgroup.com/wp-content/uploads/2023/08/IM-Capital-HY2023-Financials-Daily-Nation_.pdf,linked from issuer page,application/pdf (inferred from source link),Issuer website,
NSE-00282,I&M Group PLC,IMH,Semi-annual / half-year,Financial results / statements,2023,"I&M — Financial Results, Annual Reports and Investor Presentations",https://www.imbankgroup.com/financial-results-annual-reports-and-investor-presentation/,https://www.imbankgroup.com/wp-content/uploads/2023/08/IM-Group-HY2023-Financials-Daily-Nation_.pdf,linked from issuer page,application/pdf (inferred from source link),Issuer website,
NSE-00283,I&M Group PLC,IMH,Quarterly,Financial results / statements,2023,"I&M — Financial Results, Annual Reports and Investor Presentations",https://www.imbankgroup.com/financial-results-annual-reports-and-investor-presentation/,https://www.imbankgroup.com/wp-content/uploads/2023/05/Q1-Group-Financials-Daily-Nation-.pdf,linked from issuer page,application/pdf (inferred from source link),Issuer website,
NSE-00284,I&M Group PLC,IMH,Periodic results material,Financial results / statements,2022,"I&M — Financial Results, Annual Reports and Investor Presentations",https://www.imbankgroup.com/financial-results-annual-reports-and-investor-presentation/,https://www.imbankgroup.com/wp-content/uploads/2023/03/IM-Group-Financials-–-Full-page-Standard-2022.pdf,linked from issuer page,application/pdf (inferred from source link),Issuer website,
NSE-00285,I&M Group PLC,IMH,Periodic results material,Financial results / statements,2022,"I&M — Financial Results, Annual Reports and Investor Presentations",https://www.imbankgroup.com/financial-results-annual-reports-and-investor-presentation/,https://www.imbankgroup.com/wp-content/uploads/2023/03/DN-IM-Capital-Financials-31-DEC-2022-FA.pdf,linked from issuer page,application/pdf (inferred from source link),Issuer website,
NSE-00286,I&M Group PLC,IMH,Quarterly,Financial results / statements,2022,"I&M — Financial Results, Annual Reports and Investor Presentations",https://www.imbankgroup.com/financial-results-annual-reports-and-investor-presentation/,https://www.imbankgroup.com/wp-content/uploads/2022/11/IM-GROUP-Financials-Daily-Nation-–-FA-Q3.pdf,linked from issuer page,application/pdf (inferred from source link),Issuer website,
NSE-00287,I&M Group PLC,IMH,Semi-annual / half-year,Financial results / statements,2022,"I&M — Financial Results, Annual Reports and Investor Presentations",https://www.imbankgroup.com/financial-results-annual-reports-and-investor-presentation/,https://www.imbankgroup.com/wp-content/uploads/2022/08/IM-Group-DN-FA.pdf,linked from issuer page,application/pdf (inferred from source link),Issuer website,
NSE-00288,I&M Group PLC,IMH,Semi-annual / half-year,Financial results / statements,2022,"I&M — Financial Results, Annual Reports and Investor Presentations",https://www.imbankgroup.com/financial-results-annual-reports-and-investor-presentation/,https://www.imbankgroup.com/wp-content/uploads/2022/08/IM-Capital-Financials-FA-STD.pdf,linked from issuer page,application/pdf (inferred from source link),Issuer website,
NSE-00289,I&M Group PLC,IMH,Quarterly,Financial results / statements,2022,"I&M — Financial Results, Annual Reports and Investor Presentations",https://www.imbankgroup.com/financial-results-annual-reports-and-investor-presentation/,https://www.imbankgroup.com/wp-content/uploads/2022/05/25.05.22-GROUP-FINANCIALS-DN-FA.pdf,linked from issuer page,application/pdf (inferred from source link),Issuer website,
NSE-00290,I&M Group PLC,IMH,Periodic results material,Financial results / statements,2021,"I&M — Financial Results, Annual Reports and Investor Presentations",https://www.imbankgroup.com/financial-results-annual-reports-and-investor-presentation/,https://www.imbankgroup.com/wp-content/uploads/2022/08/IM-Capital-2021-Financials-Daily-Nation.pdf,linked from issuer page,application/pdf (inferred from source link),Issuer website,
NSE-00291,I&M Group PLC,IMH,Periodic results material,Financial results / statements,2021,"I&M — Financial Results, Annual Reports and Investor Presentations",https://www.imbankgroup.com/financial-results-annual-reports-and-investor-presentation/,https://www.imbankgroup.com/wp-content/uploads/2022/03/IM-Group-Financials-2021-compressed.pdf,linked from issuer page,application/pdf (inferred from source link),Issuer website,
NSE-00292,I&M Group PLC,IMH,Periodic results material,Financial results / statements,2021,"I&M — Financial Results, Annual Reports and Investor Presentations",https://www.imbankgroup.com/financial-results-annual-reports-and-investor-presentation/,https://www.imbankgroup.com/wp-content/uploads/2022/03/IM-Capital-Financials-2021-compressed.pdf,linked from issuer page,application/pdf (inferred from source link),Issuer website,
NSE-00293,I&M Group PLC,IMH,Quarterly,Financial results / statements,2021,"I&M — Financial Results, Annual Reports and Investor Presentations",https://www.imbankgroup.com/financial-results-annual-reports-and-investor-presentation/,https://www.imbankgroup.com/wp-content/uploads/2021/11/Approved-Financial-results-As-at-Sept30-02-V2-Standard-FA-1.pdf,linked from issuer page,application/pdf (inferred from source link),Issuer website,
NSE-00294,I&M Group PLC,IMH,Semi-annual / half-year,Financial results / statements,2021,"I&M — Financial Results, Annual Reports and Investor Presentations",https://www.imbankgroup.com/financial-results-annual-reports-and-investor-presentation/,https://www.imbankgroup.com/wp-content/uploads/2021/08/2021-GROUP-FINANCIALS-DN-FA-1.pdf,linked from issuer page,application/pdf (inferred from source link),Issuer website,
NSE-00295,I&M Group PLC,IMH,Quarterly,Financial results / statements,2021,"I&M — Financial Results, Annual Reports and Investor Presentations",https://www.imbankgroup.com/financial-results-annual-reports-and-investor-presentation/,https://www.imbankgroup.com/wp-content/uploads/2021/06/60af1aa7b18d2IM-Holdings-PLC-Publication-March-2021-CMU_Press-Ready-The-Std.pdf,linked from issuer page,application/pdf (inferred from source link),Issuer website,
NSE-00296,I&M Group PLC,IMH,Periodic results material,Financial results / statements,2020,"I&M — Financial Results, Annual Reports and Investor Presentations",https://www.imbankgroup.com/financial-results-annual-reports-and-investor-presentation/,https://www.imbankgroup.com/wp-content/uploads/2021/06/606400672f491IM-Holdings-PLC-Financials-2020.pdf,linked from issuer page,application/pdf (inferred from source link),Issuer website,
NSE-00297,I&M Group PLC,IMH,Quarterly,Financial results / statements,2020,"I&M — Financial Results, Annual Reports and Investor Presentations",https://www.imbankgroup.com/financial-results-annual-reports-and-investor-presentation/,https://www.imbankgroup.com/wp-content/uploads/2021/06/5fc4920c4051dDN-FINANCIALS-HOLDINGS-FA-.pdf,linked from issuer page,application/pdf (inferred from source link),Issuer website,
NSE-00298,I&M Group PLC,IMH,Semi-annual / half-year,Financial results / statements,2020,"I&M — Financial Results, Annual Reports and Investor Presentations",https://www.imbankgroup.com/financial-results-annual-reports-and-investor-presentation/,https://www.imbankgroup.com/wp-content/uploads/2021/06/5f905e78151beIM-Holdings-Financials-HY-2020.pdf,linked from issuer page,application/pdf (inferred from source link),Issuer website,
NSE-00299,I&M Group PLC,IMH,Quarterly,Financial results / statements,2020,"I&M — Financial Results, Annual Reports and Investor Presentations",https://www.imbankgroup.com/financial-results-annual-reports-and-investor-presentation/,https://www.imbankgroup.com/wp-content/uploads/2021/06/5f905dc57387fIMHP-financials-2020-Q1.pdf,linked from issuer page,application/pdf (inferred from source link),Issuer website,
NSE-00300,I&M Group PLC,IMH,Quarterly,Financial results / statements,2019,"I&M — Financial Results, Annual Reports and Investor Presentations",https://www.imbankgroup.com/financial-results-annual-reports-and-investor-presentation/,https://www.imbankgroup.com/wp-content/uploads/2021/06/5ff6f9ca96c1cIM-Holdings-PLC-Financial-Results-Q3-2019.pdf,linked from issuer page,application/pdf (inferred from source link),Issuer website,
NSE-00301,I&M Group PLC,IMH,Periodic results material,Financial results / statements,2019,"I&M — Financial Results, Annual Reports and Investor Presentations",https://www.imbankgroup.com/financial-results-annual-reports-and-investor-presentation/,https://www.imbankgroup.com/wp-content/uploads/2021/06/5f905da1e31d1IM-Holdings-Financials-2019.pdf,linked from issuer page,application/pdf (inferred from source link),Issuer website,
NSE-00302,I&M Group PLC,IMH,Periodic results material,Financial results / statements,2019,"I&M — Financial Results, Annual Reports and Investor Presentations",https://www.imbankgroup.com/financial-results-annual-reports-and-investor-presentation/,https://www.imbankgroup.com/wp-content/uploads/2021/06/5d67b8f432fe7IM-Holdings-PLC-30.06.2019-NSE-CMA.pdf,linked from issuer page,application/pdf (inferred from source link),Issuer website,
NSE-00303,I&M Group PLC,IMH,Semi-annual / half-year,Financial results / statements,2019,"I&M — Financial Results, Annual Reports and Investor Presentations",https://www.imbankgroup.com/financial-results-annual-reports-and-investor-presentation/,https://www.imbankgroup.com/wp-content/uploads/2021/06/5d67b8dbd8d8e2019-HOLDINGS-FINANCIALS-4.pdf,linked from issuer page,application/pdf (inferred from source link),Issuer website,
NSE-00304,I&M Group PLC,IMH,Quarterly,Financial results / statements,2019,"I&M — Financial Results, Annual Reports and Investor Presentations",https://www.imbankgroup.com/financial-results-annual-reports-and-investor-presentation/,https://www.imbankgroup.com/wp-content/uploads/2021/06/5d136e5b2af63IMHP-FINANCIALS-NATION.pdf,linked from issuer page,application/pdf (inferred from source link),Issuer website,
NSE-00305,I&M Group PLC,IMH,Periodic results material,Financial results / statements,2018,"I&M — Financial Results, Annual Reports and Investor Presentations",https://www.imbankgroup.com/financial-results-annual-reports-and-investor-presentation/,https://www.imbankgroup.com/wp-content/uploads/2021/06/5d136e138f7ebHoldings-Financials-WEB.pdf,linked from issuer page,application/pdf (inferred from source link),Issuer website,
NSE-00306,I&M Group PLC,IMH,Semi-annual / half-year,Financial results / statements,2018,"I&M — Financial Results, Annual Reports and Investor Presentations",https://www.imbankgroup.com/financial-results-annual-reports-and-investor-presentation/,https://www.imbankgroup.com/wp-content/uploads/2021/06/5d136dfa80bbfIM-Holdings-Unaudited-Interim-Condensed-Financial-Statements-September-2018-1.pdf,linked from issuer page,application/pdf (inferred from source link),Issuer website,
NSE-00307,I&M Group PLC,IMH,Quarterly,Financial results / statements,2018,"I&M — Financial Results, Annual Reports and Investor Presentations",https://www.imbankgroup.com/financial-results-annual-reports-and-investor-presentation/,https://www.imbankgroup.com/wp-content/uploads/2021/06/5d136dd8c1da1IMHL-2018-Q3-Financials-S.pdf,linked from issuer page,application/pdf (inferred from source link),Issuer website,
NSE-00308,I&M Group PLC,IMH,Semi-annual / half-year,Financial results / statements,2018,"I&M — Financial Results, Annual Reports and Investor Presentations",https://www.imbankgroup.com/financial-results-annual-reports-and-investor-presentation/,https://www.imbankgroup.com/wp-content/uploads/2021/06/5d136dbdb2d78IM-HOLDINGS-PLC_CMA_NSE_30-06-2018.pdf,linked from issuer page,application/pdf (inferred from source link),Issuer website,
NSE-00309,I&M Group PLC,IMH,Semi-annual / half-year,Financial results / statements,2018,"I&M — Financial Results, Annual Reports and Investor Presentations",https://www.imbankgroup.com/financial-results-annual-reports-and-investor-presentation/,https://www.imbankgroup.com/wp-content/uploads/2021/06/5d136da16fb51IMHL-HALF-YEAR-Financials-WEB-280818.pdf,linked from issuer page,application/pdf (inferred from source link),Issuer website,
NSE-00310,I&M Group PLC,IMH,Quarterly,Financial results / statements,2018,"I&M — Financial Results, Annual Reports and Investor Presentations",https://www.imbankgroup.com/financial-results-annual-reports-and-investor-presentation/,https://www.imbankgroup.com/wp-content/uploads/2021/06/5d136d7fe8ceaIM-Holdings-Financials-Q1-2018.pdf,linked from issuer page,application/pdf (inferred from source link),Issuer website,
NSE-00311,I&M Group PLC,IMH,Periodic results material,Financial results / statements,2017,"I&M — Financial Results, Annual Reports and Investor Presentations",https://www.imbankgroup.com/financial-results-annual-reports-and-investor-presentation/,https://www.imbankgroup.com/wp-content/uploads/2021/06/5d136d61f13faIMHL-Financials-2017.pdf,linked from issuer page,application/pdf (inferred from source link),Issuer website,
NSE-00312,I&M Group PLC,IMH,Semi-annual / half-year,Financial results / statements,2017,"I&M — Financial Results, Annual Reports and Investor Presentations",https://www.imbankgroup.com/financial-results-annual-reports-and-investor-presentation/,https://www.imbankgroup.com/wp-content/uploads/2021/06/5d136d4241d2cIM-Holdings-Financials-HY17.pdf,linked from issuer page,application/pdf (inferred from source link),Issuer website,
NSE-00313,I&M Group PLC,IMH,Periodic results material,Financial results / statements,2016,"I&M — Financial Results, Annual Reports and Investor Presentations",https://www.imbankgroup.com/financial-results-annual-reports-and-investor-presentation/,https://www.imbankgroup.com/wp-content/uploads/2021/06/5d136d1a3ccb1IM-Holdings-Financials-2016.pdf,linked from issuer page,application/pdf (inferred from source link),Issuer website,
NSE-00314,I&M Group PLC,IMH,Quarterly,Financial results / statements,2016,"I&M — Financial Results, Annual Reports and Investor Presentations",https://www.imbankgroup.com/financial-results-annual-reports-and-investor-presentation/,https://www.imbankgroup.com/wp-content/uploads/2021/06/5d136cf8ef5dbIMHL_CMA_NSE_TEMPLATE_30-09-2016.pdf,linked from issuer page,application/pdf (inferred from source link),Issuer website,
NSE-00315,I&M Group PLC,IMH,Semi-annual / half-year,Financial results / statements,2016,"I&M — Financial Results, Annual Reports and Investor Presentations",https://www.imbankgroup.com/financial-results-annual-reports-and-investor-presentation/,https://www.imbankgroup.com/wp-content/uploads/2021/06/5d136cd23d683IM-Financials-HY-2016-1.pdf,linked from issuer page,application/pdf (inferred from source link),Issuer website,
NSE-00316,I&M Group PLC,IMH,Semi-annual / half-year,Financial results / statements,2016,"I&M — Financial Results, Annual Reports and Investor Presentations",https://www.imbankgroup.com/financial-results-annual-reports-and-investor-presentation/,https://www.imbankgroup.com/wp-content/uploads/2021/06/5d136cb931f44IMCL-Financials-Nation-Press-Ad.pdf,linked from issuer page,application/pdf (inferred from source link),Issuer website,
NSE-00317,I&M Group PLC,IMH,Quarterly,Financial results / statements,2016,"I&M — Financial Results, Annual Reports and Investor Presentations",https://www.imbankgroup.com/financial-results-annual-reports-and-investor-presentation/,https://www.imbankgroup.com/wp-content/uploads/2021/06/5d13411e64578IMHL_CMA_NSE_TEMPLATE_31-03-2016-F.pdf,linked from issuer page,application/pdf (inferred from source link),Issuer website,
NSE-00318,I&M Group PLC,IMH,Annual / full-year,Annual report,2025,"I&M — Financial Results, Annual Reports and Investor Presentations",https://www.imbankgroup.com/financial-results-annual-reports-and-investor-presentation/,https://www.imbankgroup.com/wp-content/uploads/2026/05/2025-INTEGRATED-REPORT-TPALAZEDIT8.pdf,linked from issuer page,application/pdf (inferred from source link),Issuer website,
NSE-00319,I&M Group PLC,IMH,Annual / full-year,Annual report,2024,"I&M — Financial Results, Annual Reports and Investor Presentations",https://www.imbankgroup.com/financial-results-annual-reports-and-investor-presentation/,https://www.imbankgroup.com/wp-content/uploads/2025/05/IM-INTEGRATED-REPORT-.pdf,linked from issuer page,application/pdf (inferred from source link),Issuer website,
NSE-00320,I&M Group PLC,IMH,Annual / full-year,Annual report,2023,"I&M — Financial Results, Annual Reports and Investor Presentations",https://www.imbankgroup.com/financial-results-annual-reports-and-investor-presentation/,https://www.imbankgroup.com/wp-content/uploads/2024/05/Annual-Integrated-Report-and-Financial-Statements-2023.pdf,linked from issuer page,application/pdf (inferred from source link),Issuer website,
NSE-00321,I&M Group PLC,IMH,Periodic results material,Periodic results material,2022,"I&M — Financial Results, Annual Reports and Investor Presentations",https://www.imbankgroup.com/financial-results-annual-reports-and-investor-presentation/,https://www.imbankgroup.com/wp-content/uploads/2023/05/Annual-Intergrated-Report-and-Financial-Statements-2022_.pdf,linked from issuer page,application/pdf (inferred from source link),Issuer website,
NSE-00322,I&M Group PLC,IMH,Annual / full-year,Annual report,2022,"I&M — Financial Results, Annual Reports and Investor Presentations",https://www.imbankgroup.com/financial-results-annual-reports-and-investor-presentation/,https://www.imbankgroup.com/wp-content/uploads/2023/04/IM-Group-PLC-2022-AFS.pdf,linked from issuer page,application/pdf (inferred from source link),Issuer website,
NSE-00323,I&M Group PLC,IMH,Annual / full-year,Annual report,2021,"I&M — Financial Results, Annual Reports and Investor Presentations",https://www.imbankgroup.com/financial-results-annual-reports-and-investor-presentation/,https://www.imbankgroup.com/wp-content/uploads/2022/05/IM-Group-Plc-Annual-Intergrated-Report-Financial-Statements-2021.pdf,linked from issuer page,application/pdf (inferred from source link),Issuer website,
NSE-00324,I&M Group PLC,IMH,Annual / full-year,Annual report,2021,"I&M — Financial Results, Annual Reports and Investor Presentations",https://www.imbankgroup.com/financial-results-annual-reports-and-investor-presentation/,https://www.imbankgroup.com/wp-content/uploads/2022/05/IM-Group-PLC-2021-AFS-2.pdf,linked from issuer page,application/pdf (inferred from source link),Issuer website,
NSE-00325,I&M Group PLC,IMH,Annual / full-year,Annual report,2020,"I&M — Financial Results, Annual Reports and Investor Presentations",https://www.imbankgroup.com/financial-results-annual-reports-and-investor-presentation/,https://www.imbankgroup.com/wp-content/uploads/2021/06/60ad0a88b0ff62021-HOLDINGS-AR-DOUBLE-SPREAD.pdf,linked from issuer page,application/pdf (inferred from source link),Issuer website,
NSE-00326,I&M Group PLC,IMH,Annual / full-year,Annual report,2019,"I&M — Financial Results, Annual Reports and Investor Presentations",https://www.imbankgroup.com/financial-results-annual-reports-and-investor-presentation/,https://www.imbankgroup.com/wp-content/uploads/2021/06/5f90439596665IM-Intergrated-Report_FINAL_SPREADS-June.pdf,linked from issuer page,application/pdf (inferred from source link),Issuer website,
NSE-00327,I&M Group PLC,IMH,Annual / full-year,Annual report,2018,"I&M — Financial Results, Annual Reports and Investor Presentations",https://www.imbankgroup.com/financial-results-annual-reports-and-investor-presentation/,https://www.imbankgroup.com/wp-content/uploads/2021/06/5d13640519b4eIM-Holdings-Annual-Report-2018.pdf,linked from issuer page,application/pdf (inferred from source link),Issuer website,
NSE-00328,I&M Group PLC,IMH,Annual / full-year,Annual report,2017,"I&M — Financial Results, Annual Reports and Investor Presentations",https://www.imbankgroup.com/financial-results-annual-reports-and-investor-presentation/,https://www.imbankgroup.com/wp-content/uploads/2021/06/5d1363eca800fIM-Holdings-Annual-Report-2017.pdf,linked from issuer page,application/pdf (inferred from source link),Issuer website,
NSE-00329,I&M Group PLC,IMH,Annual / full-year,Annual report,2016,"I&M — Financial Results, Annual Reports and Investor Presentations",https://www.imbankgroup.com/financial-results-annual-reports-and-investor-presentation/,https://www.imbankgroup.com/wp-content/uploads/2021/06/5d1363d9bdb82IM-Holdings-Annual-Report-2016.pdf,linked from issuer page,application/pdf (inferred from source link),Issuer website,
NSE-00330,I&M Group PLC,IMH,Annual / full-year,Annual report,2015,"I&M — Financial Results, Annual Reports and Investor Presentations",https://www.imbankgroup.com/financial-results-annual-reports-and-investor-presentation/,https://www.imbankgroup.com/wp-content/uploads/2021/06/5d1363c5523d9IM-Holdings-Annual-Report-2015.pdf,linked from issuer page,application/pdf (inferred from source link),Issuer website,
NSE-00331,I&M Group PLC,IMH,Annual / full-year,Annual report,2014,"I&M — Financial Results, Annual Reports and Investor Presentations",https://www.imbankgroup.com/financial-results-annual-reports-and-investor-presentation/,https://www.imbankgroup.com/wp-content/uploads/2021/06/5d1363ace3c83IM-Holdings-Annual-Report-2014.pdf,linked from issuer page,application/pdf (inferred from source link),Issuer website,
NSE-00332,I&M Group PLC,IMH,Annual / full-year,Annual report,2013,"I&M — Financial Results, Annual Reports and Investor Presentations",https://www.imbankgroup.com/financial-results-annual-reports-and-investor-presentation/,https://www.imbankgroup.com/wp-content/uploads/2021/06/5d1340d194c69IMHL-Annual-Report-2013.pdf,linked from issuer page,application/pdf (inferred from source link),Issuer website,
NSE-00333,I&M Group PLC,IMH,Periodic results material,Investor presentation,2026,"I&M — Financial Results, Annual Reports and Investor Presentations",https://www.imbankgroup.com/financial-results-annual-reports-and-investor-presentation/,https://www.imbankgroup.com/wp-content/uploads/2026/08/IM-GROUP-PLC-HY2026-IVESTOR-PRESENTATION.pdf,linked from issuer page,application/pdf (inferred from source link),Issuer website,
NSE-00334,I&M Group PLC,IMH,Quarterly,Investor presentation,2026,"I&M — Financial Results, Annual Reports and Investor Presentations",https://www.imbankgroup.com/financial-results-annual-reports-and-investor-presentation/,https://www.imbankgroup.com/wp-content/uploads/2026/06/imgp-q1-2026-ip-2026.pdf,linked from issuer page,application/pdf (inferred from source link),Issuer website,
NSE-00335,I&M Group PLC,IMH,Annual / full-year,Investor presentation,2025,"I&M — Financial Results, Annual Reports and Investor Presentations",https://www.imbankgroup.com/financial-results-annual-reports-and-investor-presentation/,https://www.imbankgroup.com/wp-content/uploads/2026/03/IM-GROUP-FY-2025-IP-March-2026.pdf,linked from issuer page,application/pdf (inferred from source link),Issuer website,
NSE-00336,I&M Group PLC,IMH,Semi-annual / half-year,Investor presentation,2025,"I&M — Financial Results, Annual Reports and Investor Presentations",https://www.imbankgroup.com/financial-results-annual-reports-and-investor-presentation/,https://www.imbankgroup.com/wp-content/uploads/2025/08/IMGP-H1-2025.pdf,linked from issuer page,application/pdf (inferred from source link),Issuer website,
NSE-00337,I&M Group PLC,IMH,Quarterly,Investor presentation,2025,"I&M — Financial Results, Annual Reports and Investor Presentations",https://www.imbankgroup.com/financial-results-annual-reports-and-investor-presentation/,https://www.imbankgroup.com/wp-content/uploads/2025/06/IMGP-Q1-2025_Investor-Presentation-.pdf,linked from issuer page,application/pdf (inferred from source link),Issuer website,
NSE-00338,I&M Group PLC,IMH,Annual / full-year,Investor presentation,2024,"I&M — Financial Results, Annual Reports and Investor Presentations",https://www.imbankgroup.com/financial-results-annual-reports-and-investor-presentation/,https://www.imbankgroup.com/wp-content/uploads/2025/03/imgp-fy-2024-investor-briefing-presentation.pdf,linked from issuer page,application/pdf (inferred from source link),Issuer website,
NSE-00339,I&M Group PLC,IMH,Quarterly,Investor presentation,2024,"I&M — Financial Results, Annual Reports and Investor Presentations",https://www.imbankgroup.com/financial-results-annual-reports-and-investor-presentation/,https://www.imbankgroup.com/wp-content/uploads/2024/11/IMGP-Investor-Presentation_Q3-2024.pdf,linked from issuer page,application/pdf (inferred from source link),Issuer website,
NSE-00340,I&M Group PLC,IMH,Periodic results material,Investor presentation,2024,"I&M — Financial Results, Annual Reports and Investor Presentations",https://www.imbankgroup.com/financial-results-annual-reports-and-investor-presentation/,https://www.imbankgroup.com/wp-content/uploads/2024/08/IM-Group_HY2024_Investor-Presentation-.pdf,linked from issuer page,application/pdf (inferred from source link),Issuer website,
NSE-00341,I&M Group PLC,IMH,Quarterly,Investor presentation,2024,"I&M — Financial Results, Annual Reports and Investor Presentations",https://www.imbankgroup.com/financial-results-annual-reports-and-investor-presentation/,https://www.imbankgroup.com/wp-content/uploads/2024/05/IMGP-Q1-2024-Briefing-Presentation.pdf,linked from issuer page,application/pdf (inferred from source link),Issuer website,
NSE-00342,I&M Group PLC,IMH,Annual / full-year,Investor presentation,2023,"I&M — Financial Results, Annual Reports and Investor Presentations",https://www.imbankgroup.com/financial-results-annual-reports-and-investor-presentation/,https://www.imbankgroup.com/wp-content/uploads/2024/03/IMGP-FY-2023-Investor-Briefing-Presentation_FNL.pdf,linked from issuer page,application/pdf (inferred from source link),Issuer website,
NSE-00343,I&M Group PLC,IMH,Quarterly,Investor presentation,2023,"I&M — Financial Results, Annual Reports and Investor Presentations",https://www.imbankgroup.com/financial-results-annual-reports-and-investor-presentation/,https://www.imbankgroup.com/wp-content/uploads/2023/12/IMGP-Q3-2023-Investor-Briefing-Presentation_Final-12.29.16-2.pdf,linked from issuer page,application/pdf (inferred from source link),Issuer website,
NSE-00344,I&M Group PLC,IMH,Periodic results material,Investor presentation,2023,"I&M — Financial Results, Annual Reports and Investor Presentations",https://www.imbankgroup.com/financial-results-annual-reports-and-investor-presentation/,https://www.imbankgroup.com/wp-content/uploads/2023/08/IMGP-HY-2023-Investor-Briefing-Presentation_28823_v1.pdf,linked from issuer page,application/pdf (inferred from source link),Issuer website,
NSE-00345,I&M Group PLC,IMH,Quarterly,Investor presentation,2023,"I&M — Financial Results, Annual Reports and Investor Presentations",https://www.imbankgroup.com/financial-results-annual-reports-and-investor-presentation/,https://www.imbankgroup.com/wp-content/uploads/2023/06/IMGP-Q1-2023-Investor-Briefing-Presentation_25-May-2023_FNL.pdf,linked from issuer page,application/pdf (inferred from source link),Issuer website,
NSE-00346,I&M Group PLC,IMH,Annual / full-year,Investor presentation,2022,"I&M — Financial Results, Annual Reports and Investor Presentations",https://www.imbankgroup.com/financial-results-annual-reports-and-investor-presentation/,https://www.imbankgroup.com/wp-content/uploads/2023/03/FY-2022-Investor-Presentation_Final.pdf,linked from issuer page,application/pdf (inferred from source link),Issuer website,
NSE-00347,I&M Group PLC,IMH,Quarterly,Investor presentation,2022,"I&M — Financial Results, Annual Reports and Investor Presentations",https://www.imbankgroup.com/financial-results-annual-reports-and-investor-presentation/,https://www.imbankgroup.com/wp-content/uploads/2022/11/Q3-2022-Investor-Presentation.pdf,linked from issuer page,application/pdf (inferred from source link),Issuer website,
NSE-00348,I&M Group PLC,IMH,Semi-annual / half-year,Investor presentation,2022,"I&M — Financial Results, Annual Reports and Investor Presentations",https://www.imbankgroup.com/financial-results-annual-reports-and-investor-presentation/,https://www.imbankgroup.com/wp-content/uploads/2022/09/HY2022-Investor-Presentation-1.pdf,linked from issuer page,application/pdf (inferred from source link),Issuer website,
NSE-00349,I&M Group PLC,IMH,Quarterly,Investor presentation,2022,"I&M — Financial Results, Annual Reports and Investor Presentations",https://www.imbankgroup.com/financial-results-annual-reports-and-investor-presentation/,https://www.imbankgroup.com/wp-content/uploads/2022/05/IMG-Plc_Q1-2022-Investor-Briefing-Presentation-1.pdf,linked from issuer page,application/pdf (inferred from source link),Issuer website,
NSE-00350,I&M Group PLC,IMH,Annual / full-year,Investor presentation,2021,"I&M — Financial Results, Annual Reports and Investor Presentations",https://www.imbankgroup.com/financial-results-annual-reports-and-investor-presentation/,https://www.imbankgroup.com/wp-content/uploads/2022/04/IMGP-FY2021-Investor-Briefing-Presentation-1.pdf,linked from issuer page,application/pdf (inferred from source link),Issuer website,
NSE-00351,I&M Group PLC,IMH,Quarterly,Investor presentation,2021,"I&M — Financial Results, Annual Reports and Investor Presentations",https://www.imbankgroup.com/financial-results-annual-reports-and-investor-presentation/,https://www.imbankgroup.com/wp-content/uploads/2021/12/Investor-Presentation.pdf,linked from issuer page,application/pdf (inferred from source link),Issuer website,
NSE-00352,I&M Group PLC,IMH,Semi-annual / half-year,Investor presentation,2021,"I&M — Financial Results, Annual Reports and Investor Presentations",https://www.imbankgroup.com/financial-results-annual-reports-and-investor-presentation/,https://www.imbankgroup.com/wp-content/uploads/2021/09/Investor-Presentation-V5-06.09.21-compressed1.pdf,linked from issuer page,application/pdf (inferred from source link),Issuer website,
NSE-00353,I&M Group PLC,IMH,Quarterly,Investor presentation,2021,"I&M — Financial Results, Annual Reports and Investor Presentations",https://www.imbankgroup.com/financial-results-annual-reports-and-investor-presentation/,https://www.imbankgroup.com/wp-content/uploads/2021/06/60c07cb930fb2IM-Holdings_-Investor-Presentation_June2021_Final.pdf,linked from issuer page,application/pdf (inferred from source link),Issuer website,
NSE-00354,I&M Group PLC,IMH,Annual / full-year,Investor presentation,2020,"I&M — Financial Results, Annual Reports and Investor Presentations",https://www.imbankgroup.com/financial-results-annual-reports-and-investor-presentation/,https://www.imbankgroup.com/wp-content/uploads/2021/06/6078253809912IM-Holdings_-Investor-Presentation_FINAL.pdf,linked from issuer page,application/pdf (inferred from source link),Issuer website,
NSE-00355,I&M Group PLC,IMH,Semi-annual / half-year,Investor presentation,2020,"I&M — Financial Results, Annual Reports and Investor Presentations",https://www.imbankgroup.com/financial-results-annual-reports-and-investor-presentation/,https://www.imbankgroup.com/wp-content/uploads/2021/06/5f901fc36e563IM-Holdings-Investor-Presentation_Sept-2020_.pdf,linked from issuer page,application/pdf (inferred from source link),Issuer website,
NSE-00356,I&M Group PLC,IMH,Quarterly,Investor presentation,2020,"I&M — Financial Results, Annual Reports and Investor Presentations",https://www.imbankgroup.com/financial-results-annual-reports-and-investor-presentation/,https://www.imbankgroup.com/wp-content/uploads/2021/06/5f901e6e5f1ceIMHP-Investor-Brief-Presentation-H1-June-2019-compressed-1.pdf,linked from issuer page,application/pdf (inferred from source link),Issuer website,
NSE-00357,I&M Group PLC,IMH,Annual / full-year,Investor presentation,2019,"I&M — Financial Results, Annual Reports and Investor Presentations",https://www.imbankgroup.com/financial-results-annual-reports-and-investor-presentation/,https://www.imbankgroup.com/wp-content/uploads/2021/06/5f901d93a4de35d136e43315acIMH_Investor-Presentation_FY2018_9April.pdf,linked from issuer page,application/pdf (inferred from source link),Issuer website,
NSE-00358,Standard Chartered Bank Kenya PLC,SCBK,Quarterly,Financial results / statements,2026,Standard Chartered Kenya — Investor Relations,https://www.sc.com/ke/investor-relations/,https://av.sc.com/ke/content/docs/ke-statement-of-financial-position.pdf,linked from issuer page,application/pdf (inferred from source link),Issuer website,
NSE-00359,Standard Chartered Bank Kenya PLC,SCBK,Annual / full-year,Results booklet / abridged report,2025,Standard Chartered Kenya — Investor Relations,https://www.sc.com/ke/investor-relations/,https://av.sc.com/ke/content/docs/ke-abridged-financials-fy-2025.pdf,linked from issuer page,application/pdf (inferred from source link),Issuer website,
NSE-00360,Standard Chartered Bank Kenya PLC,SCBK,Periodic results material,Periodic results material,2026,Standard Chartered Kenya — Investor Relations,https://www.sc.com/ke/investor-relations/,https://av.sc.com/ke/content/docs/ke-policies-for-shareholder-annual-general-meeting.pdf,linked from issuer page,application/pdf (inferred from source link),Issuer website,
NSE-00361,Standard Chartered Bank Kenya PLC,SCBK,Annual / full-year,Annual report,2025,Standard Chartered Kenya — Investor Relations,https://www.sc.com/ke/investor-relations/,https://av.sc.com/ke/content/docs/ke-annual-report-2025.pdf,linked from issuer page,application/pdf (inferred from source link),Issuer website,
NSE-00362,Standard Chartered Bank Kenya PLC,SCBK,Quarterly,Financial results / statements,2025,Standard Chartered Kenya — Investor Relations,https://www.sc.com/ke/investor-relations/,https://av.sc.com/ke/content/docs/ke-financial-results-q3-2025.pdf,linked from issuer page,application/pdf (inferred from source link),Issuer website,
NSE-00363,Standard Chartered Bank Kenya PLC,SCBK,Quarterly,Results announcement / commentary,2025,Standard Chartered Kenya — Investor Relations,https://www.sc.com/ke/investor-relations/,https://av.sc.com/ke/content/docs/ke-sc-financial-results-q3-2025.pdf,linked from issuer page,application/pdf (inferred from source link),Issuer website,
NSE-00364,Standard Chartered Bank Kenya PLC,SCBK,Quarterly,Financial results / statements,2025,Standard Chartered Kenya — Investor Relations,https://www.sc.com/ke/investor-relations/,https://av.sc.com/ke/content/docs/ke-q1-2025-unaudited-financials-results.pdf,linked from issuer page,application/pdf (inferred from source link),Issuer website,
NSE-00365,Standard Chartered Bank Kenya PLC,SCBK,Annual / full-year,Results booklet / abridged report,2024,Standard Chartered Kenya — Investor Relations,https://www.sc.com/ke/investor-relations/,https://av.sc.com/ke/content/docs/ke-abridged-financials-2024.pdf,linked from issuer page,application/pdf (inferred from source link),Issuer website,
NSE-00366,Standard Chartered Bank Kenya PLC,SCBK,Annual / full-year,Investor presentation,2025,Standard Chartered Kenya — Investor Relations,https://www.sc.com/ke/investor-relations/,https://av.sc.com/ke/content/docs/sc-ke-fy-investor-briefing.pdf,linked from issuer page,application/pdf (inferred from source link),Issuer website,
NSE-00367,Standard Chartered Bank Kenya PLC,SCBK,Annual / full-year,Annual report,2024,Standard Chartered Kenya — Investor Relations,https://www.sc.com/ke/investor-relations/,https://av.sc.com/ke/content/docs/ke-sc-annual-report-2024.pdf,linked from issuer page,application/pdf (inferred from source link),Issuer website,
NSE-00368,Standard Chartered Bank Kenya PLC,SCBK,Annual / full-year,Investor presentation,2024,Standard Chartered Kenya — Investor Relations,https://www.sc.com/ke/investor-relations/,https://av.sc.com/ke/content/docs/ke-investor-briefing-19-march-2025.pdf,linked from issuer page,application/pdf (inferred from source link),Issuer website,
NSE-00369,Standard Chartered Bank Kenya PLC,SCBK,Quarterly,Financial results / statements,2024,Standard Chartered Kenya — Investor Relations,https://www.sc.com/ke/investor-relations/,https://av.sc.com/ke/content/docs/ke-sc-financials-full-nation.pdf,linked from issuer page,application/pdf (inferred from source link),Issuer website,
NSE-00370,Standard Chartered Bank Kenya PLC,SCBK,Quarterly,Results announcement / commentary,2024,Standard Chartered Kenya — Investor Relations,https://www.sc.com/ke/investor-relations/,https://av.sc.com/ke/content/docs/ke-scb-q3-2024-results-press-release.pdf,linked from issuer page,application/pdf (inferred from source link),Issuer website,
NSE-00371,Standard Chartered Bank Kenya PLC,SCBK,Annual / full-year,Results booklet / abridged report,2023,Standard Chartered Kenya — Investor Relations,https://www.sc.com/ke/investor-relations/,https://av.sc.com/ke/content/docs/ke-sc-abridged-financials.pdf,linked from issuer page,application/pdf (inferred from source link),Issuer website,
NSE-00372,Standard Chartered Bank Kenya PLC,SCBK,Quarterly,Financial results / statements,2024,Standard Chartered Kenya — Investor Relations,https://www.sc.com/ke/investor-relations/,https://av.sc.com/ke/content/docs/ke-scbk-financial-results-q1-2024.pdf,linked from issuer page,application/pdf (inferred from source link),Issuer website,
NSE-00373,Standard Chartered Bank Kenya PLC,SCBK,Annual / full-year,Annual report,2023,Standard Chartered Kenya — Investor Relations,https://www.sc.com/ke/investor-relations/,https://av.sc.com/ke/content/docs/ke-sc-2023-annual-report.pdf,linked from issuer page,application/pdf (inferred from source link),Issuer website,
NSE-00374,Standard Chartered Bank Kenya PLC,SCBK,Annual / full-year,Investor presentation,2023,Standard Chartered Kenya — Investor Relations,https://www.sc.com/ke/investor-relations/,https://av.sc.com/ke/content/docs/ke-fy-23-results-and-strategy-presentation-vff.pdf,linked from issuer page,application/pdf (inferred from source link),Issuer website,
NSE-00375,Standard Chartered Bank Kenya PLC,SCBK,Quarterly,Financial results / statements,2023,Standard Chartered Kenya — Investor Relations,https://www.sc.com/ke/investor-relations/,https://av.sc.com/ke/content/docs/ke-sc-q3-publication.pdf,linked from issuer page,application/pdf (inferred from source link),Issuer website,
NSE-00376,Standard Chartered Bank Kenya PLC,SCBK,Quarterly,Financial results / statements,2023,Standard Chartered Kenya — Investor Relations,https://www.sc.com/ke/investor-relations/,https://av.sc.com/ke/content/docs/ke-scb-2023-q1-results.pdf,linked from issuer page,application/pdf (inferred from source link),Issuer website,
NSE-00377,Standard Chartered Bank Kenya PLC,SCBK,Periodic results material,Periodic results material,2023,Standard Chartered Kenya — Investor Relations,https://www.sc.com/ke/investor-relations/,https://av.sc.com/ke/content/docs/ke-2023-annual-general-meeting-notice.pdf,linked from issuer page,application/pdf (inferred from source link),Issuer website,
NSE-00378,Standard Chartered Bank Kenya PLC,SCBK,Annual / full-year,Financial results / statements,2022,Standard Chartered Kenya — Investor Relations,https://www.sc.com/ke/investor-relations/,https://av.sc.com/ke/content/docs/ke-2023-audited-financial-statements.pdf,linked from issuer page,application/pdf (inferred from source link),Issuer website,
NSE-00379,Standard Chartered Bank Kenya PLC,SCBK,Annual / full-year,Annual report,2022,Standard Chartered Kenya — Investor Relations,https://www.sc.com/ke/investor-relations/,https://av.sc.com/ke/content/docs/ke-scb-annual-report-2022.pdf,linked from issuer page,application/pdf (inferred from source link),Issuer website,
NSE-00380,Standard Chartered Bank Kenya PLC,SCBK,Periodic results material,Periodic results material,2022,Standard Chartered Kenya — Investor Relations,https://www.sc.com/ke/investor-relations/,https://av.sc.com/ke/content/docs/ke-scb-2022-annual-general-meeting-notice.pdf,linked from issuer page,application/pdf (inferred from source link),Issuer website,
NSE-00381,Standard Chartered Bank Kenya PLC,SCBK,Annual / full-year,Annual report,2021,Standard Chartered Kenya — Investor Relations,https://www.sc.com/ke/investor-relations/,https://av.sc.com/ke/content/docs/ke-scbkl-2021-annual-report.pdf,linked from issuer page,application/pdf (inferred from source link),Issuer website,
NSE-00382,Standard Chartered Bank Kenya PLC,SCBK,Periodic results material,Periodic results material,2021,Standard Chartered Kenya — Investor Relations,https://www.sc.com/ke/investor-relations/,https://av.sc.com/ke/content/docs/ke-2021-annual-general-meeting-notice.pdf,linked from issuer page,application/pdf (inferred from source link),Issuer website,
NSE-00383,Standard Chartered Bank Kenya PLC,SCBK,Annual / full-year,Annual report,2020,Standard Chartered Kenya — Investor Relations,https://www.sc.com/ke/investor-relations/,https://av.sc.com/ke/content/docs/ke-2020-annual-report.pdf,linked from issuer page,application/pdf (inferred from source link),Issuer website,
NSE-00384,Standard Chartered Bank Kenya PLC,SCBK,Annual / full-year,Financial results / statements,2020,Standard Chartered Kenya — Investor Relations,https://www.sc.com/ke/investor-relations/,https://av.sc.com/ke/content/docs/ke-full-year-2020-audited-results.pdf,linked from issuer page,application/pdf (inferred from source link),Issuer website,
NSE-00385,Standard Chartered Bank Kenya PLC,SCBK,Quarterly,Financial results / statements,,Standard Chartered Kenya — Investor Relations,https://www.sc.com/ke/investor-relations/,https://av.sc.com/ke/content/docs/ke-scb-q3-un-audited-results.pdf,linked from issuer page,application/pdf (inferred from source link),Issuer website,
NSE-00386,Standard Chartered Bank Kenya PLC,SCBK,Semi-annual / half-year,Financial results / statements,2020,Standard Chartered Kenya — Investor Relations,https://www.sc.com/ke/investor-relations/,https://av.sc.com/ke/content/docs/ke-2020-q2-un-audited-results.pdf,linked from issuer page,application/pdf (inferred from source link),Issuer website,
NSE-00387,Standard Chartered Bank Kenya PLC,SCBK,Quarterly,Financial results / statements,,Standard Chartered Kenya — Investor Relations,https://www.sc.com/ke/investor-relations/,https://av.sc.com/ke/content/docs/ke-q1-unaudited-results-2020.pdf,linked from issuer page,application/pdf (inferred from source link),Issuer website,
NSE-00388,Standard Chartered Bank Kenya PLC,SCBK,Periodic results material,Periodic results material,2020,Standard Chartered Kenya — Investor Relations,https://www.sc.com/ke/investor-relations/,https://av.sc.com/ke/content/docs/ke-2019-annual-general-meeting-notice.pdf,linked from issuer page,application/pdf (inferred from source link),Issuer website,
NSE-00389,Standard Chartered Bank Kenya PLC,SCBK,Annual / full-year,Annual report,2019,Standard Chartered Kenya — Investor Relations,https://www.sc.com/ke/investor-relations/,https://av.sc.com/ke/content/docs/ke-2019-annual-report.pdf,linked from issuer page,application/pdf (inferred from source link),Issuer website,
NSE-00390,Standard Chartered Bank Kenya PLC,SCBK,Periodic results material,Periodic results material,2019,Standard Chartered Kenya — Investor Relations,https://www.sc.com/ke/investor-relations/,https://av.sc.com/ke/content/docs/ke-proposed-dividend-for-the-2019-financial-year.pdf,linked from issuer page,application/pdf (inferred from source link),Issuer website,
NSE-00391,Standard Chartered Bank Kenya PLC,SCBK,Annual / full-year,Financial results / statements,2019,Standard Chartered Kenya — Investor Relations,https://www.sc.com/ke/investor-relations/,https://av.sc.com/ke/content/docs/ke-full-year-2019-audited-results.pdf,linked from issuer page,application/pdf (inferred from source link),Issuer website,
NSE-00392,Standard Chartered Bank Kenya PLC,SCBK,Annual / full-year,Investor presentation,2019,Standard Chartered Kenya — Investor Relations,https://www.sc.com/ke/investor-relations/,https://av.sc.com/ke/content/docs/ke-scbk-fy-2019-results-presentation.pdf,linked from issuer page,application/pdf (inferred from source link),Issuer website,
NSE-00393,Standard Chartered Bank Kenya PLC,SCBK,Quarterly,Financial results / statements,,Standard Chartered Kenya — Investor Relations,https://www.sc.com/ke/investor-relations/,https://av.sc.com/ke/content/docs/ke-q3-un-audited-results.pdf,linked from issuer page,application/pdf (inferred from source link),Issuer website,
NSE-00394,Standard Chartered Bank Kenya PLC,SCBK,Semi-annual / half-year,Investor presentation,,Standard Chartered Kenya — Investor Relations,https://www.sc.com/ke/investor-relations/,https://av.sc.com/ke/content/docs/ke-h1-results-presentation..pdf,linked from issuer page,application/pdf (inferred from source link),Issuer website,
NSE-00395,Standard Chartered Bank Kenya PLC,SCBK,Semi-annual / half-year,Financial results / statements,,Standard Chartered Kenya — Investor Relations,https://www.sc.com/ke/investor-relations/,https://av.sc.com/ke/content/docs/ke-2019-q2-un-audited-results.pdf,linked from issuer page,application/pdf (inferred from source link),Issuer website,
NSE-00396,Standard Chartered Bank Kenya PLC,SCBK,Quarterly,Financial results / statements,,Standard Chartered Kenya — Investor Relations,https://www.sc.com/ke/investor-relations/,https://av.sc.com/ke/content/docs/ke-2019-Q1-un-audited-results.pdf,linked from issuer page,application/pdf (inferred from source link),Issuer website,
NSE-00397,Standard Chartered Bank Kenya PLC,SCBK,Annual / full-year,Annual report,2018,Standard Chartered Kenya — Investor Relations,https://www.sc.com/ke/investor-relations/,https://av.sc.com/ke/content/docs/ke-scb-annual-report.pdf,linked from issuer page,application/pdf (inferred from source link),Issuer website,
NSE-00398,Standard Chartered Bank Kenya PLC,SCBK,Annual / full-year,Financial results / statements,2018,Standard Chartered Kenya — Investor Relations,https://www.sc.com/ke/investor-relations/,https://av.sc.com/ke/content/docs/ke-q4-un-audited-results-2018.pdf,linked from issuer page,application/pdf (inferred from source link),Issuer website,
NSE-00399,Standard Chartered Bank Kenya PLC,SCBK,Quarterly,Financial results / statements,2018,Standard Chartered Kenya — Investor Relations,https://www.sc.com/ke/investor-relations/,https://www.sc.com/global/av/ke-q3-un-audited-results-2018.pdf,linked from issuer page,application/pdf (inferred from source link),Issuer website,
NSE-00400,Standard Chartered Bank Kenya PLC,SCBK,Semi-annual / half-year,Financial results / statements,,Standard Chartered Kenya — Investor Relations,https://www.sc.com/ke/investor-relations/,https://www.sc.com/global/av/ke-h1-un-audited-results.pdf,linked from issuer page,application/pdf (inferred from source link),Issuer website,
NSE-00401,Standard Chartered Bank Kenya PLC,SCBK,Quarterly,Financial results / statements,,Standard Chartered Kenya — Investor Relations,https://www.sc.com/ke/investor-relations/,https://www.sc.com/global/av/ke-unauditedresults.pdf,linked from issuer page,application/pdf (inferred from source link),Issuer website,
NSE-00402,Standard Chartered Bank Kenya PLC,SCBK,Annual / full-year,Annual report,2017,Standard Chartered Kenya — Investor Relations,https://www.sc.com/ke/investor-relations/,https://www.sc.com/global/av/ke-scb-annual-report-final-2017-online.pdf,linked from issuer page,application/pdf (inferred from source link),Issuer website,
NSE-00403,Standard Chartered Bank Kenya PLC,SCBK,Annual / full-year,Financial results / statements,2017,Standard Chartered Kenya — Investor Relations,https://www.sc.com/ke/investor-relations/,https://www.sc.com/global/av/ke-full-year-audited-results.pdf,linked from issuer page,application/pdf (inferred from source link),Issuer website,
NSE-00404,Standard Chartered Bank Kenya PLC,SCBK,Quarterly,Financial results / statements,2017,Standard Chartered Kenya — Investor Relations,https://www.sc.com/ke/investor-relations/,https://www.sc.com/global/av/ke-q3-unaudited-results.pdf,linked from issuer page,application/pdf (inferred from source link),Issuer website,
NSE-00405,Standard Chartered Bank Kenya PLC,SCBK,Semi-annual / half-year,Financial results / statements,2017,Standard Chartered Kenya — Investor Relations,https://www.sc.com/ke/investor-relations/,https://www.sc.com/global/av/ke-h12017-unaudited-results.pdf,linked from issuer page,application/pdf (inferred from source link),Issuer website,
NSE-00406,Standard Chartered Bank Kenya PLC,SCBK,Quarterly,Financial results / statements,2017,Standard Chartered Kenya — Investor Relations,https://www.sc.com/ke/investor-relations/,https://www.sc.com/global/av/ke-q1-unaudited-results-final.pdf,linked from issuer page,application/pdf (inferred from source link),Issuer website,
NSE-00407,Standard Chartered Bank Kenya PLC,SCBK,Annual / full-year,Annual report,2016,Standard Chartered Kenya — Investor Relations,https://www.sc.com/ke/investor-relations/,https://www.sc.com/global/av/ke-annual-report-2016.pdf,linked from issuer page,application/pdf (inferred from source link),Issuer website,
NSE-00408,Standard Chartered Bank Kenya PLC,SCBK,Annual / full-year,Financial results / statements,2016,Standard Chartered Kenya — Investor Relations,https://www.sc.com/ke/investor-relations/,https://www.sc.com/global/av/ke-2016-fy-result.pdf,linked from issuer page,application/pdf (inferred from source link),Issuer website,
NSE-00409,Standard Chartered Bank Kenya PLC,SCBK,Quarterly,Financial results / statements,2016,Standard Chartered Kenya — Investor Relations,https://www.sc.com/ke/investor-relations/,https://www.sc.com/global/av/ke-q3-2016-un-audited-results.pdf,linked from issuer page,application/pdf (inferred from source link),Issuer website,
NSE-00410,Standard Chartered Bank Kenya PLC,SCBK,Semi-annual / half-year,Financial results / statements,2016,Standard Chartered Kenya — Investor Relations,https://www.sc.com/ke/investor-relations/,https://www.sc.com/global/av/ke-unaudited-results-24-aug.pdf,linked from issuer page,application/pdf (inferred from source link),Issuer website,
NSE-00411,Standard Chartered Bank Kenya PLC,SCBK,Quarterly,Financial results / statements,2016,Standard Chartered Kenya — Investor Relations,https://www.sc.com/ke/investor-relations/,https://www.sc.com/global/av/ke-q1-2016-un-audited-results.pdf,linked from issuer page,application/pdf (inferred from source link),Issuer website,
NSE-00412,Standard Chartered Bank Kenya PLC,SCBK,Annual / full-year,Annual report,2015,Standard Chartered Kenya — Investor Relations,https://www.sc.com/ke/investor-relations/,https://www.sc.com/global/av/ke-2015-annual-report.pdf,linked from issuer page,application/pdf (inferred from source link),Issuer website,
NSE-00413,Standard Chartered Bank Kenya PLC,SCBK,Annual / full-year,Financial results / statements,2015,Standard Chartered Kenya — Investor Relations,https://www.sc.com/ke/investor-relations/,https://www.sc.com/global/av/ke-full-year-audited-results-2015.pdf,linked from issuer page,application/pdf (inferred from source link),Issuer website,
NSE-00414,Standard Chartered Bank Kenya PLC,SCBK,Quarterly,Financial results / statements,2015,Standard Chartered Kenya — Investor Relations,https://www.sc.com/ke/investor-relations/,https://www.sc.com/global/av/ke-quarter-3-full-pg-ad-september-2015.pdf,linked from issuer page,application/pdf (inferred from source link),Issuer website,
NSE-00415,Standard Chartered Bank Kenya PLC,SCBK,Semi-annual / half-year,Financial results / statements,2015,Standard Chartered Kenya — Investor Relations,https://www.sc.com/ke/investor-relations/,https://av.sc.com/ke/content/docs/h1-un-audited-results-2015.pdf,linked from issuer page,application/pdf (inferred from source link),Issuer website,
NSE-00416,Standard Chartered Bank Kenya PLC,SCBK,Quarterly,Financial results / statements,2015,Standard Chartered Kenya — Investor Relations,https://www.sc.com/ke/investor-relations/,https://av.sc.com/ke/content/docs/quarter-full-pg-ad-may-2015-final.pdf,linked from issuer page,application/pdf (inferred from source link),Issuer website,
NSE-00417,Standard Chartered Bank Kenya PLC,SCBK,Annual / full-year,Annual report,2014,Standard Chartered Kenya — Investor Relations,https://www.sc.com/ke/investor-relations/,https://av.sc.com/ke/content/docs/scb-2014-final-web.pdf,linked from issuer page,application/pdf (inferred from source link),Issuer website,
NSE-00418,Standard Chartered Bank Kenya PLC,SCBK,Annual / full-year,Financial results / statements,2014,Standard Chartered Kenya — Investor Relations,https://www.sc.com/ke/investor-relations/,https://av.sc.com/ke/content/docs/full-year-2014-audited-results.pdf,linked from issuer page,application/pdf (inferred from source link),Issuer website,
NSE-00419,Standard Chartered Bank Kenya PLC,SCBK,Quarterly,Financial results / statements,2014,Standard Chartered Kenya — Investor Relations,https://www.sc.com/ke/investor-relations/,https://av.sc.com/ke/content/docs/q3-2014-un-audited-results.pdf,linked from issuer page,application/pdf (inferred from source link),Issuer website,
NSE-00420,Standard Chartered Bank Kenya PLC,SCBK,Semi-annual / half-year,Financial results / statements,2014,Standard Chartered Kenya — Investor Relations,https://www.sc.com/ke/investor-relations/,https://av.sc.com/ke/content/docs/SCBK-H1-2014-Un-Audited-Results.pdf,linked from issuer page,application/pdf (inferred from source link),Issuer website,
NSE-00421,Standard Chartered Bank Kenya PLC,SCBK,Quarterly,Financial results / statements,2014,Standard Chartered Kenya — Investor Relations,https://www.sc.com/ke/investor-relations/,https://av.sc.com/ke/content/docs/q1-2014-un-audited-results.pdf,linked from issuer page,application/pdf (inferred from source link),Issuer website,
NSE-00422,Standard Chartered Bank Kenya PLC,SCBK,Annual / full-year,Annual report,2013,Standard Chartered Kenya — Investor Relations,https://www.sc.com/ke/investor-relations/,https://av.sc.com/ke/content/docs/annual-report-2013-final.pdf,linked from issuer page,application/pdf (inferred from source link),Issuer website,
NSE-00423,Standard Chartered Bank Kenya PLC,SCBK,Annual / full-year,Financial results / statements,2013,Standard Chartered Kenya — Investor Relations,https://www.sc.com/ke/investor-relations/,https://av.sc.com/ke/content/docs/2013-audited-financial-statements.pdf,linked from issuer page,application/pdf (inferred from source link),Issuer website,
NSE-00424,Standard Chartered Bank Kenya PLC,SCBK,Annual / full-year,Financial results / statements,2013,Standard Chartered Kenya — Investor Relations,https://www.sc.com/ke/investor-relations/,https://av.sc.com/ke/content/docs/2013-audited-results.pdf,linked from issuer page,application/pdf (inferred from source link),Issuer website,
NSE-00425,Standard Chartered Bank Kenya PLC,SCBK,Quarterly,Financial results / statements,2013,Standard Chartered Kenya — Investor Relations,https://www.sc.com/ke/investor-relations/,https://av.sc.com/ke/content/docs/q3-2013-un-audited-results.pdf,linked from issuer page,application/pdf (inferred from source link),Issuer website,
NSE-00426,Standard Chartered Bank Kenya PLC,SCBK,Semi-annual / half-year,Financial results / statements,2013,Standard Chartered Kenya — Investor Relations,https://www.sc.com/ke/investor-relations/,https://av.sc.com/ke/content/docs/2013-h1-un-audited-results.pdf,linked from issuer page,application/pdf (inferred from source link),Issuer website,
NSE-00427,Standard Chartered Bank Kenya PLC,SCBK,Quarterly,Financial results / statements,2013,Standard Chartered Kenya — Investor Relations,https://www.sc.com/ke/investor-relations/,https://av.sc.com/ke/content/docs/2013-q1-un-audited-results.pdf,linked from issuer page,application/pdf (inferred from source link),Issuer website,
NSE-00428,Standard Chartered Bank Kenya PLC,SCBK,Annual / full-year,Annual report,2012,Standard Chartered Kenya — Investor Relations,https://www.sc.com/ke/investor-relations/,https://av.sc.com/ke/content/docs/annual-report-2012-final.pdf,linked from issuer page,application/pdf (inferred from source link),Issuer website,
NSE-00429,Standard Chartered Bank Kenya PLC,SCBK,Periodic results material,Periodic results material,2011,Standard Chartered Kenya — Investor Relations,https://www.sc.com/ke/investor-relations/,https://av.sc.com/ke/content/docs/2011-financial-highlights.pdf,linked from issuer page,application/pdf (inferred from source link),Issuer website,
NSE-00430,Standard Chartered Bank Kenya PLC,SCBK,Periodic results material,Results announcement / commentary,2011,Standard Chartered Kenya — Investor Relations,https://www.sc.com/ke/investor-relations/,https://av.sc.com/ke/content/docs/ceo-2011-financial-result-announcement.pdf,linked from issuer page,application/pdf (inferred from source link),Issuer website,
NSE-00431,Standard Chartered Bank Kenya PLC,SCBK,Periodic results material,Periodic results material,2011,Standard Chartered Kenya — Investor Relations,https://www.sc.com/ke/investor-relations/,https://av.sc.com/ke/content/docs/notice-of-annual-general-meeting-2011.pdf,linked from issuer page,application/pdf (inferred from source link),Issuer website,
NSE-00432,Standard Chartered Bank Kenya PLC,SCBK,Periodic results material,Periodic results material,2010,Standard Chartered Kenya — Investor Relations,https://www.sc.com/ke/investor-relations/,https://av.sc.com/ke/content/docs/cashflow-statement-2009.pdf,linked from issuer page,application/pdf (inferred from source link),Issuer website,
NSE-00433,Standard Chartered Bank Kenya PLC,SCBK,Periodic results material,Periodic results material,2010,Standard Chartered Kenya — Investor Relations,https://www.sc.com/ke/investor-relations/,https://av.sc.com/ke/content/docs/stanchart-36x6.pdf,linked from issuer page,application/pdf (inferred from source link),Issuer website,
NSE-00434,Standard Chartered Bank Kenya PLC,SCBK,Periodic results material,Periodic results material,,Standard Chartered Kenya — Investor Relations,https://www.sc.com/ke/investor-relations/,https://av.sc.com/ke/content/docs/Statement-on-Protection-of-Minority-Shareholders.pdf,linked from issuer page,application/pdf (inferred from source link),Issuer website,
NSE-00435,Standard Chartered Bank Kenya PLC,SCBK,Periodic results material,Periodic results material,,Standard Chartered Kenya — Investor Relations,https://www.sc.com/ke/investor-relations/,https://av.sc.com/ke/content/docs/Statement-on-Information-Technology-Policies.pdf,linked from issuer page,application/pdf (inferred from source link),Issuer website,
NSE-00436,Standard Chartered Bank Kenya PLC,SCBK,Periodic results material,Periodic results material,,Standard Chartered Kenya — Investor Relations,https://www.sc.com/ke/investor-relations/,https://av.sc.com/ke/content/docs/ke-statement-on-risk-management-approach.pdf,linked from issuer page,application/pdf (inferred from source link),Issuer website,
NSE-00437,Standard Chartered Bank Kenya PLC,SCBK,Periodic results material,Periodic results material,,Standard Chartered Kenya — Investor Relations,https://www.sc.com/ke/investor-relations/,https://av.sc.com/ke/content/docs/Defence-Sector-Position-Statement.pdf,linked from issuer page,application/pdf (inferred from source link),Issuer website,
NSE-00438,Standard Chartered Bank Kenya PLC,SCBK,Periodic results material,Periodic results material,,Standard Chartered Kenya — Investor Relations,https://www.sc.com/ke/investor-relations/,https://av.sc.com/ke/content/docs/Gambling-Sector-Position-Statement.pdf,linked from issuer page,application/pdf (inferred from source link),Issuer website,
NSE-00439,Kenya Power and Lighting PLC,KPLC,Annual / full-year,Annual report,2025,Kenya Power — Annual Reports,https://www.kplc.co.ke/annual-reports,https://www.kplc.co.ke/storage/01KB4JTB49DXJ81DG79JVEE0M3.pdf,linked from issuer page,application/pdf (inferred from source link),Issuer website,
NSE-00440,Kenya Power and Lighting PLC,KPLC,Semi-annual / half-year,Financial results / statements,2025,Kenya Power — Annual Reports,https://www.kplc.co.ke/annual-reports,https://www.kplc.co.ke/storage/01K6Z8XAY9BAVJP0EQY2RYRS13.pdf,linked from issuer page,application/pdf (inferred from source link),Issuer website,
NSE-00441,Kenya Power and Lighting PLC,KPLC,Semi-annual / half-year,Financial results / statements,2025,Kenya Power — Annual Reports,https://www.kplc.co.ke/annual-reports,https://www.kplc.co.ke/storage/01K6ZBC99ZEKTBW6XDZCXSD57M.pdf,linked from issuer page,application/pdf (inferred from source link),Issuer website,
NSE-00442,Kenya Power and Lighting PLC,KPLC,Semi-annual / half-year,Financial results / statements,2024,Kenya Power — Annual Reports,https://www.kplc.co.ke/annual-reports,https://www.kplc.co.ke/storage/01JJXQ4GVZAK3BRMNTZQPGJ19B.pdf,linked from issuer page,application/pdf (inferred from source link),Issuer website,
NSE-00443,Kenya Power and Lighting PLC,KPLC,Semi-annual / half-year,Annual report,2024,Kenya Power — Annual Reports,https://www.kplc.co.ke/annual-reports,https://www.kplc.co.ke/storage/01JDRPZS8NZ473CWE2XCSQ1REJ.pdf,linked from issuer page,application/pdf (inferred from source link),Issuer website,
NSE-00444,Kenya Power and Lighting PLC,KPLC,Semi-annual / half-year,Financial results / statements,2024,Kenya Power — Annual Reports,https://www.kplc.co.ke/annual-reports,https://www.kplc.co.ke/storage/01JBBBBHR4WNEZJST4AN0TS0MG.pdf,linked from issuer page,application/pdf (inferred from source link),Issuer website,
NSE-00445,Kenya Power and Lighting PLC,KPLC,Annual / full-year,Financial results / statements,2023,Kenya Power — Annual Reports,https://www.kplc.co.ke/annual-reports,https://www.kplc.co.ke/storage/01J1A4XG081B37C8FM8X83RV64.pdf,linked from issuer page,application/pdf (inferred from source link),Issuer website,
NSE-00446,Kenya Power and Lighting PLC,KPLC,Annual / full-year,Financial results / statements,2023,Kenya Power — Annual Reports,https://www.kplc.co.ke/annual-reports,https://www.kplc.co.ke/storage/01J1A57J1MX470CNCD228FKTNG.pdf,linked from issuer page,application/pdf (inferred from source link),Issuer website,
NSE-00447,Kenya Power and Lighting PLC,KPLC,Semi-annual / half-year,Annual report,2023,Kenya Power — Annual Reports,https://www.kplc.co.ke/annual-reports,https://www.kplc.co.ke/storage/01J1AF61SZX223MXPQ13RNFBKY.pdf,linked from issuer page,application/pdf (inferred from source link),Issuer website,
NSE-00448,Kenya Power and Lighting PLC,KPLC,Semi-annual / half-year,Financial results / statements,2022,Kenya Power — Annual Reports,https://www.kplc.co.ke/annual-reports,https://www.kplc.co.ke/storage/01J1A5E8B538ZHTGDMWCED06K9.pdf,linked from issuer page,application/pdf (inferred from source link),Issuer website,
NSE-00449,Kenya Power and Lighting PLC,KPLC,Semi-annual / half-year,Annual report,2022,Kenya Power — Annual Reports,https://www.kplc.co.ke/annual-reports,https://www.kplc.co.ke/storage/01J199X5D4WQQ1XEK07HM6WJYZ.pdf,linked from issuer page,application/pdf (inferred from source link),Issuer website,
NSE-00450,Kenya Power and Lighting PLC,KPLC,Annual / full-year,Financial results / statements,2022,Kenya Power — Annual Reports,https://www.kplc.co.ke/annual-reports,https://www.kplc.co.ke/storage/01J1A5Q647P1PVGVA2SMD36A2A.pdf,linked from issuer page,application/pdf (inferred from source link),Issuer website,
NSE-00451,Kenya Power and Lighting PLC,KPLC,Annual / full-year,Financial results / statements,2021,Kenya Power — Annual Reports,https://www.kplc.co.ke/annual-reports,https://www.kplc.co.ke/storage/01J1A5WPGN1TMQVX2DGAHSW3SG.pdf,linked from issuer page,application/pdf (inferred from source link),Issuer website,
NSE-00452,KenGen PLC,KEGN,Annual / full-year,Annual report,2025,KenGen — Financial Information,https://www.kengen.co.ke/download/kengen-integrated-annual-report-financial-statement-2025/,https://www.kengen.co.ke/download/kengen-integrated-annual-report-financial-statement-2025/?wpdmdl=4037&refresh=6a8fefc5de69a1787817925,linked from issuer page,application/pdf (inferred from source link),Issuer website,
NSE-00453,KenGen PLC,KEGN,Annual / full-year,Annual report,2024,KenGen — Financial Information,https://www.kengen.co.ke/download/kengen-integrated-annual-report-financial-statement-2024/,https://www.kengen.co.ke/download/kengen-integrated-annual-report-financial-statement-2024/?wpdmdl=4040&refresh=6a8fefc8048791787817928,linked from issuer page,application/pdf (inferred from source link),Issuer website,
NSE-00454,KenGen PLC,KEGN,Annual / full-year,Annual report,2023,KenGen — Financial Information,https://www.kengen.co.ke/download/2023-integrated-annual-report-financial-statement/,https://www.kengen.co.ke/download/2023-integrated-annual-report-financial-statement/?wpdmdl=4044&refresh=6a8fefc9cbd2f1787817929,linked from issuer page,application/pdf (inferred from source link),Issuer website,
NSE-00455,KenGen PLC,KEGN,Annual / full-year,Annual report,,KenGen — Financial Information,https://www.kengen.co.ke/download/integrated-annual-report-financial-statements-4/,https://www.kengen.co.ke/download/integrated-annual-report-financial-statements-4/?wpdmdl=4057&refresh=6a8fefcbd82581787817931,linked from issuer page,application/pdf (inferred from source link),Issuer website,
NSE-00456,Absa Bank Kenya PLC,ABSA,Annual / full-year,Annual report,2025,Absa — Investor Relations,https://www.absabank.co.ke/investor-relations/,https://www.absabank.co.ke/content/dam/kenya/absa/pdf/Investor-Relations/Annual-Reports/2025-integrated-annual-report.pdf,linked from issuer page,application/pdf (inferred from source link),Issuer website,
NSE-00457,Absa Bank Kenya PLC,ABSA,Periodic results material,Periodic results material,2024,Absa — Investor Relations,https://www.absabank.co.ke/investor-relations/,https://www.absabank.co.ke/content/dam/kenya/absa/pdf/Investor-Relations/Annual-Reports/principles-for-responsible-banking-report-2024.pdf,linked from issuer page,application/pdf (inferred from source link),Issuer website,
NSE-00458,Absa Bank Kenya PLC,ABSA,Annual / full-year,Annual report,2024,Absa — Investor Relations,https://www.absabank.co.ke/investor-relations/,https://www.absabank.co.ke/content/dam/kenya/absa/pdf/Investor-Relations/Annual-Reports/integrated-report-2024.pdf,linked from issuer page,application/pdf (inferred from source link),Issuer website,
NSE-00459,Absa Bank Kenya PLC,ABSA,Periodic results material,Periodic results material,2023,Absa — Investor Relations,https://www.absabank.co.ke/investor-relations/,https://www.absabank.co.ke/content/dam/kenya/absa/pdf/Investor-Relations/Annual-Reports/principles-for-responsible-banking-report-2023.pdf,linked from issuer page,application/pdf (inferred from source link),Issuer website,
NSE-00460,Absa Bank Kenya PLC,ABSA,Periodic results material,Periodic results material,2023,Absa — Investor Relations,https://www.absabank.co.ke/investor-relations/,https://www.absabank.co.ke/content/dam/kenya/absa/pdf/Investor-Relations/Annual-Reports/2023-climate-report.pdf,linked from issuer page,application/pdf (inferred from source link),Issuer website,
NSE-00461,Absa Bank Kenya PLC,ABSA,Annual / full-year,Annual report,2023,Absa — Investor Relations,https://www.absabank.co.ke/investor-relations/,https://www.absabank.co.ke/content/dam/kenya/absa/pdf/Investor-Relations/Annual-Reports/integrated-report-2023.pdf,linked from issuer page,application/pdf (inferred from source link),Issuer website,
NSE-00462,Absa Bank Kenya PLC,ABSA,Annual / full-year,Annual report,2022,Absa — Investor Relations,https://www.absabank.co.ke/investor-relations/,https://www.absabank.co.ke/content/dam/kenya/absa/pdf/Investor-Relations/Financial-Results/integrated-report-2022.pdf,linked from issuer page,application/pdf (inferred from source link),Issuer website,
NSE-00463,Absa Bank Kenya PLC,ABSA,Periodic results material,Periodic results material,2022,Absa — Investor Relations,https://www.absabank.co.ke/investor-relations/,https://www.absabank.co.ke/content/dam/kenya/absa/pdf/Investor-Relations/Financial-Results/climate-related-financial-disclosures-2022.pdf,linked from issuer page,application/pdf (inferred from source link),Issuer website,
NSE-00464,Absa Bank Kenya PLC,ABSA,Annual / full-year,Annual report,2021,Absa — Investor Relations,https://www.absabank.co.ke/investor-relations/,https://www.absabank.co.ke/content/dam/kenya/absa/pdf/Investor-Relations/Annual-Reports/integrated-report-2021.pdf,linked from issuer page,application/pdf (inferred from source link),Issuer website,
NSE-00465,Absa Bank Kenya PLC,ABSA,Annual / full-year,Annual report,2020,Absa — Investor Relations,https://www.absabank.co.ke/investor-relations/,https://www.absabank.co.ke/content/dam/kenya/absa/pdf/Investor-Relations/Annual-Reports/integrated-report-2020.pdf,linked from issuer page,application/pdf (inferred from source link),Issuer website,
NSE-00466,Absa Bank Kenya PLC,ABSA,Periodic results material,Periodic results material,,Absa — Investor Relations,https://www.absabank.co.ke/investor-relations/,https://www.absabank.co.ke/content/dam/kenya/absa/pdf/Investor-Relations/Annual-Reports/draft-memorandum-and-articles.pdf,linked from issuer page,application/pdf (inferred from source link),Issuer website,
NSE-00467,Absa Bank Kenya PLC,ABSA,Periodic results material,Periodic results material,,Absa — Investor Relations,https://www.absabank.co.ke/investor-relations/,https://www.absabank.co.ke/content/dam/kenya/absa/pdf/Investor-Relations/Annual-Reports/matrix-of-changes-in-articles-of-association.pdf,linked from issuer page,application/pdf (inferred from source link),Issuer website,
NSE-00468,Absa Bank Kenya PLC,ABSA,Periodic results material,Periodic results material,,Absa — Investor Relations,https://www.absabank.co.ke/investor-relations/,https://www.absabank.co.ke/content/dam/kenya/absa/pdf/Investor-Relations/Annual-Reports/cma-no-objections-letter.pdf,linked from issuer page,application/pdf (inferred from source link),Issuer website,
NSE-00469,Absa Bank Kenya PLC,ABSA,Annual / full-year,Annual report,2019,Absa — Investor Relations,https://www.absabank.co.ke/investor-relations/,https://www.absabank.co.ke/content/dam/kenya/absa/pdf/Investor-Relations/Annual-Reports/integrated-report-2019.pdf,linked from issuer page,application/pdf (inferred from source link),Issuer website,
NSE-00470,Absa Bank Kenya PLC,ABSA,Periodic results material,Periodic results material,2019,Absa — Investor Relations,https://www.absabank.co.ke/investor-relations/,https://www.absabank.co.ke/content/dam/kenya/absa/pdf/Investor-Relations/Annual-Reports/absa-africa-financial-markets-index-2019.PDF,linked from issuer page,application/pdf (inferred from source link),Issuer website,
NSE-00471,Absa Bank Kenya PLC,ABSA,Annual / full-year,Annual report,2018,Absa — Investor Relations,https://www.absabank.co.ke/investor-relations/,https://www.absabank.co.ke/content/dam/kenya/absa/pdf/Investor-Relations/Annual-Reports/2018-annual-report.pdf,linked from issuer page,application/pdf (inferred from source link),Issuer website,
NSE-00472,Absa Bank Kenya PLC,ABSA,Annual / full-year,Annual report,2017,Absa — Investor Relations,https://www.absabank.co.ke/investor-relations/,https://www.absabank.co.ke/content/dam/kenya/absa/pdf/Investor-Relations/Annual-Reports/Full%202016%20Barclays%20Bank%20of%20Kenya%20Integrated%20Annual%20Report.pdf,linked from issuer page,application/pdf (inferred from source link),Issuer website,
NSE-00473,Absa Bank Kenya PLC,ABSA,Periodic results material,Periodic results material,2017,Absa — Investor Relations,https://www.absabank.co.ke/investor-relations/,https://www.absabank.co.ke/content/dam/kenya/absa/pdf/Investor-Relations/Annual-Reports/Barclays-Bank-Kenya-IR-2017-Full-Report.pdf,linked from issuer page,application/pdf (inferred from source link),Issuer website,
NSE-00474,Absa Bank Kenya PLC,ABSA,Annual / full-year,Annual report,2017,Absa — Investor Relations,https://www.absabank.co.ke/investor-relations/,https://www.absabank.co.ke/content/dam/kenya/absa/pdf/Investor-Relations/Annual-Reports/BBK-2017-%20-end-year-%20financials%20PDF%20f.pdf,linked from issuer page,application/pdf (inferred from source link),Issuer website,
NSE-00475,Absa Bank Kenya PLC,ABSA,Annual / full-year,Annual report,2015,Absa — Investor Relations,https://www.absabank.co.ke/investor-relations/,https://www.absabank.co.ke/content/dam/kenya/absa/pdf/Investor-Relations/Annual-Reports/full-2015-annual-report-and-financial-statements.pdf,linked from issuer page,application/pdf (inferred from source link),Issuer website,
NSE-00476,Absa Bank Kenya PLC,ABSA,Annual / full-year,Results booklet / abridged report,2014,Absa — Investor Relations,https://www.absabank.co.ke/investor-relations/,https://www.absabank.co.ke/content/dam/kenya/absa/pdf/Investor-Relations/Annual-Reports/full-2014-annual-report-and-financial-statements.pdf,linked from issuer page,application/pdf (inferred from source link),Issuer website,
NSE-00477,Absa Bank Kenya PLC,ABSA,Annual / full-year,Annual report,2013,Absa — Investor Relations,https://www.absabank.co.ke/investor-relations/,https://www.absabank.co.ke/content/dam/kenya/absa/pdf/Investor-Relations/Annual-Reports/2013-annual-report.pdf,linked from issuer page,application/pdf (inferred from source link),Issuer website,
NSE-00478,Absa Bank Kenya PLC,ABSA,Annual / full-year,Annual report,2012,Absa — Investor Relations,https://www.absabank.co.ke/investor-relations/,https://www.absabank.co.ke/content/dam/kenya/absa/pdf/Investor-Relations/Annual-Reports/barclays-kenya-annual-report-2012.pdf,linked from issuer page,application/pdf (inferred from source link),Issuer website,
NSE-00479,Absa Bank Kenya PLC,ABSA,Annual / full-year,Annual report,2011,Absa — Investor Relations,https://www.absabank.co.ke/investor-relations/,https://www.absabank.co.ke/content/dam/kenya/absa/pdf/Investor-Relations/Annual-Reports/bkk-annual-report-2011.pdf,linked from issuer page,application/pdf (inferred from source link),Issuer website,
NSE-00480,Absa Bank Kenya PLC,ABSA,Annual / full-year,Annual report,2010,Absa — Investor Relations,https://www.absabank.co.ke/investor-relations/,https://www.absabank.co.ke/content/dam/kenya/absa/pdf/Investor-Relations/Annual-Reports/full-2010-annual-report-and-financial-statements.pdf,linked from issuer page,application/pdf (inferred from source link),Issuer website,
NSE-00481,Absa Bank Kenya PLC,ABSA,Periodic results material,Results booklet / abridged report,,Absa — Investor Relations,https://www.absabank.co.ke/investor-relations/,https://www.absabank.co.ke/content/dam/kenya/absa/pdf/Investor-Relations/Annual-Reports/abridged-chairmans-and-md-report.pdf,linked from issuer page,application/pdf (inferred from source link),Issuer website,
NSE-00482,Absa Bank Kenya PLC,ABSA,Periodic results material,Results booklet / abridged report,,Absa — Investor Relations,https://www.absabank.co.ke/investor-relations/,https://www.absabank.co.ke/content/dam/kenya/absa/pdf/Investor-Relations/Annual-Reports/abridged-financial-statements1.pdf,linked from issuer page,application/pdf (inferred from source link),Issuer website,
NSE-00483,Absa Bank Kenya PLC,ABSA,Annual / full-year,Annual report,2009,Absa — Investor Relations,https://www.absabank.co.ke/investor-relations/,https://www.absabank.co.ke/content/dam/kenya/absa/pdf/Investor-Relations/Annual-Reports/2009-annual-report.pdf,linked from issuer page,application/pdf (inferred from source link),Issuer website,
NSE-00484,Absa Bank Kenya PLC,ABSA,Annual / full-year,Annual report,2008,Absa — Investor Relations,https://www.absabank.co.ke/investor-relations/,https://www.absabank.co.ke/content/dam/kenya/absa/pdf/Investor-Relations/Annual-Reports/2008-annual-report.pdf,linked from issuer page,application/pdf (inferred from source link),Issuer website,
NSE-00485,Absa Bank Kenya PLC,ABSA,Annual / full-year,Annual report,2007,Absa — Investor Relations,https://www.absabank.co.ke/investor-relations/,https://www.absabank.co.ke/content/dam/kenya/absa/pdf/Investor-Relations/Annual-Reports/2007-annual-report.pdf,linked from issuer page,application/pdf (inferred from source link),Issuer website,
NSE-00486,Absa Bank Kenya PLC,ABSA,Annual / full-year,Annual report,2006,Absa — Investor Relations,https://www.absabank.co.ke/investor-relations/,https://www.absabank.co.ke/content/dam/kenya/absa/pdf/Investor-Relations/Annual-Reports/2006-annual-report.pdf,linked from issuer page,application/pdf (inferred from source link),Issuer website,
NSE-00487,Absa Bank Kenya PLC,ABSA,Annual / full-year,Annual report,2005,Absa — Investor Relations,https://www.absabank.co.ke/investor-relations/,https://www.absabank.co.ke/content/dam/kenya/absa/pdf/Investor-Relations/Annual-Reports/2005-annual-report.pdf,linked from issuer page,application/pdf (inferred from source link),Issuer website,
NSE-00488,Absa Bank Kenya PLC,ABSA,Annual / full-year,Annual report,2004,Absa — Investor Relations,https://www.absabank.co.ke/investor-relations/,https://www.absabank.co.ke/content/dam/kenya/absa/pdf/Investor-Relations/Annual-Reports/2004-annual-report.pdf,linked from issuer page,application/pdf (inferred from source link),Issuer website,
NSE-00489,Absa Bank Kenya PLC,ABSA,Semi-annual / half-year,Financial results / statements,2026,Absa — Investor Relations,https://www.absabank.co.ke/investor-relations/,https://www.absabank.co.ke/content/dam/kenya/absa/pdf/Investor-Relations/Financial-Results/unaudited-results-for-period-ended-30-June-2026.pdf,linked from issuer page,application/pdf (inferred from source link),Issuer website,
NSE-00490,Absa Bank Kenya PLC,ABSA,Semi-annual / half-year,Investor presentation,2026,Absa — Investor Relations,https://www.absabank.co.ke/investor-relations/,https://www.absabank.co.ke/content/dam/kenya/absa/pdf/Investor-Relations/Financial-Results/abk-investor-briefing-2026.pdf,linked from issuer page,application/pdf (inferred from source link),Issuer website,
NSE-00491,Absa Bank Kenya PLC,ABSA,Quarterly,Financial results / statements,,Absa — Investor Relations,https://www.absabank.co.ke/investor-relations/,https://www.absabank.co.ke/content/dam/kenya/absa/pdf/Investor-Relations/Financial-Results/abk-financials-q1-2026.pdf,linked from issuer page,application/pdf (inferred from source link),Issuer website,
NSE-00492,Absa Bank Kenya PLC,ABSA,Annual / full-year,Financial results / statements,2025,Absa — Investor Relations,https://www.absabank.co.ke/investor-relations/,https://www.absabank.co.ke/content/dam/kenya/absa/pdf/Investor-Relations/Financial-Results/financial-results-2025.pdf,linked from issuer page,application/pdf (inferred from source link),Issuer website,
NSE-00493,Absa Bank Kenya PLC,ABSA,Annual / full-year,Investor presentation,2025,Absa — Investor Relations,https://www.absabank.co.ke/investor-relations/,https://www.absabank.co.ke/content/dam/kenya/absa/pdf/Investor-Relations/Financial-Results/abk-investor-briefing-2025.pdf,linked from issuer page,application/pdf (inferred from source link),Issuer website,
NSE-00494,Absa Bank Kenya PLC,ABSA,Quarterly,Financial results / statements,2025,Absa — Investor Relations,https://www.absabank.co.ke/investor-relations/,https://www.absabank.co.ke/content/dam/kenya/absa/pdf/Investor-Relations/Financial-Results/unaudited-results-for-period-ended-30-september-2025.pdf,linked from issuer page,application/pdf (inferred from source link),Issuer website,
NSE-00495,Absa Bank Kenya PLC,ABSA,Semi-annual / half-year,Financial results / statements,2025,Absa — Investor Relations,https://www.absabank.co.ke/investor-relations/,https://www.absabank.co.ke/content/dam/kenya/absa/pdf/Investor-Relations/Financial-Results/unaudited-results-for-period-ended-30-June-2025.pdf,linked from issuer page,application/pdf (inferred from source link),Issuer website,
NSE-00496,Absa Bank Kenya PLC,ABSA,Semi-annual / half-year,Investor presentation,2025,Absa — Investor Relations,https://www.absabank.co.ke/investor-relations/,https://www.absabank.co.ke/content/dam/kenya/absa/pdf/Investor-Relations/Financial-Results/absa-bank-kenya-plc-fy-2025-investor-briefing-pack.pdf,linked from issuer page,application/pdf (inferred from source link),Issuer website,
NSE-00497,Absa Bank Kenya PLC,ABSA,Quarterly,Financial results / statements,,Absa — Investor Relations,https://www.absabank.co.ke/investor-relations/,https://www.absabank.co.ke/content/dam/kenya/absa/pdf/Investor-Relations/Financial-Results/abk-financials-q1-2025.pdf,linked from issuer page,application/pdf (inferred from source link),Issuer website,
NSE-00498,Absa Bank Kenya PLC,ABSA,Annual / full-year,Financial results / statements,2024,Absa — Investor Relations,https://www.absabank.co.ke/investor-relations/,https://www.absabank.co.ke/content/dam/kenya/absa/pdf/Investor-Relations/Financial-Results/abk-financial-statement-full-year-2024.pdf,linked from issuer page,application/pdf (inferred from source link),Issuer website,
NSE-00499,Absa Bank Kenya PLC,ABSA,Annual / full-year,Investor presentation,2024,Absa — Investor Relations,https://www.absabank.co.ke/investor-relations/,https://www.absabank.co.ke/content/dam/kenya/absa/pdf/Investor-Relations/Financial-Results/absa-bank-kenya-plc-fy-2024-investor-briefing-pack.pdf,linked from issuer page,application/pdf (inferred from source link),Issuer website,
NSE-00500,Absa Bank Kenya PLC,ABSA,Quarterly,Financial results / statements,2024,Absa — Investor Relations,https://www.absabank.co.ke/investor-relations/,https://www.absabank.co.ke/content/dam/kenya/absa/pdf/Investor-Relations/Financial-Results/unaudited-results-for-period-ended-30-september-2024.pdf,linked from issuer page,application/pdf (inferred from source link),Issuer website,
NSE-00501,Absa Bank Kenya PLC,ABSA,Semi-annual / half-year,Investor presentation,2024,Absa — Investor Relations,https://www.absabank.co.ke/investor-relations/,https://www.absabank.co.ke/content/dam/kenya/absa/pdf/Investor-Relations/Financial-Results/absa-bank-kenya-h1-2024-investor-briefing-pack.pdf,linked from issuer page,application/pdf (inferred from source link),Issuer website,
NSE-00502,Absa Bank Kenya PLC,ABSA,Semi-annual / half-year,Financial results / statements,2024,Absa — Investor Relations,https://www.absabank.co.ke/investor-relations/,https://www.absabank.co.ke/content/dam/kenya/absa/pdf/Investor-Relations/Financial-Results/unaudited-results-for-period-ended-30-June-2024.pdf,linked from issuer page,application/pdf (inferred from source link),Issuer website,
NSE-00503,Absa Bank Kenya PLC,ABSA,Quarterly,Financial results / statements,2024,Absa — Investor Relations,https://www.absabank.co.ke/investor-relations/,https://www.absabank.co.ke/content/dam/kenya/absa/pdf/Investor-Relations/Financial-Results/abk-financials-q1-2024.pdf,linked from issuer page,application/pdf (inferred from source link),Issuer website,
NSE-00504,Absa Bank Kenya PLC,ABSA,Annual / full-year,Investor presentation,2023,Absa — Investor Relations,https://www.absabank.co.ke/investor-relations/,https://www.absabank.co.ke/content/dam/kenya/absa/pdf/Investor-Relations/Financial-Results/abk-investor-briefing-pack-2023.pdf,linked from issuer page,application/pdf (inferred from source link),Issuer website,
NSE-00505,Absa Bank Kenya PLC,ABSA,Quarterly,Financial results / statements,2023,Absa — Investor Relations,https://www.absabank.co.ke/investor-relations/,https://www.absabank.co.ke/content/dam/kenya/absa/pdf/Investor-Relations/Financial-Results/abk-financials-full-year-2023.pdf,linked from issuer page,application/pdf (inferred from source link),Issuer website,
NSE-00506,Absa Bank Kenya PLC,ABSA,Quarterly,Financial results / statements,2023,Absa — Investor Relations,https://www.absabank.co.ke/investor-relations/,https://www.absabank.co.ke/content/dam/kenya/absa/pdf/Investor-Relations/Financial-Results/financial-results-q3-2023.pdf,linked from issuer page,application/pdf (inferred from source link),Issuer website,
NSE-00507,Absa Bank Kenya PLC,ABSA,Semi-annual / half-year,Financial results / statements,2023,Absa — Investor Relations,https://www.absabank.co.ke/investor-relations/,https://www.absabank.co.ke/content/dam/kenya/absa/pdf/Investor-Relations/Financial-Results/unaudited-group-results-30-june-2023.pdf,linked from issuer page,application/pdf (inferred from source link),Issuer website,
NSE-00508,Absa Bank Kenya PLC,ABSA,Semi-annual / half-year,Investor presentation,2023,Absa — Investor Relations,https://www.absabank.co.ke/investor-relations/,https://www.absabank.co.ke/content/dam/kenya/absa/pdf/Investor-Relations/Financial-Results/absa-bank-kenya-plc-h1-2023-earnings-pack.pdf,linked from issuer page,application/pdf (inferred from source link),Issuer website,
NSE-00509,Absa Bank Kenya PLC,ABSA,Quarterly,Financial results / statements,2023,Absa — Investor Relations,https://www.absabank.co.ke/investor-relations/,https://www.absabank.co.ke/content/dam/kenya/absa/pdf/Investor-Relations/Financial-Results/q1-2023-financials.pdf,linked from issuer page,application/pdf (inferred from source link),Issuer website,
NSE-00510,Absa Bank Kenya PLC,ABSA,Annual / full-year,Investor presentation,2022,Absa — Investor Relations,https://www.absabank.co.ke/investor-relations/,https://www.absabank.co.ke/content/dam/kenya/absa/pdf/Investor-Relations/Financial-Results/absa-bank-kenya-plc-q4-2022-earnings-pack.pdf,linked from issuer page,application/pdf (inferred from source link),Issuer website,
NSE-00511,Absa Bank Kenya PLC,ABSA,Annual / full-year,Financial results / statements,2022,Absa — Investor Relations,https://www.absabank.co.ke/investor-relations/,https://www.absabank.co.ke/content/dam/kenya/absa/pdf/Investor-Relations/Financial-Results/abk-financials-full-year-2022.pdf,linked from issuer page,application/pdf (inferred from source link),Issuer website,
NSE-00512,Absa Bank Kenya PLC,ABSA,Quarterly,Investor presentation,2022,Absa — Investor Relations,https://www.absabank.co.ke/investor-relations/,https://www.absabank.co.ke/content/dam/kenya/absa/pdf/Investor-Relations/Financial-Results/absa-bank-kenya-plc-Q3-2022-earnings-pack.pdf,linked from issuer page,application/pdf (inferred from source link),Issuer website,
NSE-00513,Absa Bank Kenya PLC,ABSA,Quarterly,Financial results / statements,2022,Absa — Investor Relations,https://www.absabank.co.ke/investor-relations/,https://www.absabank.co.ke/content/dam/kenya/absa/pdf/Investor-Relations/Financial-Results/abk-financial-statement-Q3-2022.pdf,linked from issuer page,application/pdf (inferred from source link),Issuer website,
NSE-00514,Absa Bank Kenya PLC,ABSA,Semi-annual / half-year,Financial results / statements,2022,Absa — Investor Relations,https://www.absabank.co.ke/investor-relations/,https://www.absabank.co.ke/content/dam/kenya/absa/pdf/Investor-Relations/Financial-Results/abk-financial-statement-h1-2022.pdf,linked from issuer page,application/pdf (inferred from source link),Issuer website,
NSE-00515,Absa Bank Kenya PLC,ABSA,Semi-annual / half-year,Investor presentation,2022,Absa — Investor Relations,https://www.absabank.co.ke/investor-relations/,https://www.absabank.co.ke/content/dam/kenya/absa/pdf/Investor-Relations/Financial-Results/absa-bank-kenya-plc-investor-briefing-pack-halfyear-2022.pdf,linked from issuer page,application/pdf (inferred from source link),Issuer website,
NSE-00516,Absa Bank Kenya PLC,ABSA,Quarterly,Financial results / statements,2022,Absa — Investor Relations,https://www.absabank.co.ke/investor-relations/,https://www.absabank.co.ke/content/dam/kenya/absa/pdf/Investor-Relations/Financial-Results/q1-2022-financials.pdf,linked from issuer page,application/pdf (inferred from source link),Issuer website,
NSE-00517,Absa Bank Kenya PLC,ABSA,Annual / full-year,Investor presentation,2021,Absa — Investor Relations,https://www.absabank.co.ke/investor-relations/,https://www.absabank.co.ke/content/dam/kenya/absa/pdf/Investor-Relations/Financial-Results/abk-2021-full-year-earnings-pack.pdf,linked from issuer page,application/pdf (inferred from source link),Issuer website,
NSE-00518,Absa Bank Kenya PLC,ABSA,Annual / full-year,Financial results / statements,2021,Absa — Investor Relations,https://www.absabank.co.ke/investor-relations/,https://www.absabank.co.ke/content/dam/kenya/absa/pdf/Investor-Relations/Financial-Results/abk-financial-statement-full-year-2021.pdf,linked from issuer page,application/pdf (inferred from source link),Issuer website,
NSE-00519,Absa Bank Kenya PLC,ABSA,Quarterly,Financial results / statements,2021,Absa — Investor Relations,https://www.absabank.co.ke/investor-relations/,https://www.absabank.co.ke/content/dam/kenya/absa/pdf/Investor-Relations/Financial-Results/q3-2021-financials.pdf,linked from issuer page,application/pdf (inferred from source link),Issuer website,
NSE-00520,Absa Bank Kenya PLC,ABSA,Semi-annual / half-year,Financial results / statements,2021,Absa — Investor Relations,https://www.absabank.co.ke/investor-relations/,https://www.absabank.co.ke/content/dam/kenya/absa/pdf/Investor-Relations/Financial-Results/abk-half-1-financials-2021.pdf,linked from issuer page,application/pdf (inferred from source link),Issuer website,
NSE-00521,Absa Bank Kenya PLC,ABSA,Semi-annual / half-year,Investor presentation,2021,Absa — Investor Relations,https://www.absabank.co.ke/investor-relations/,https://www.absabank.co.ke/content/dam/kenya/absa/pdf/Investor-Relations/Financial-Results/h1-2021-investor-briefing-pack.pdf,linked from issuer page,application/pdf (inferred from source link),Issuer website,
NSE-00522,Absa Bank Kenya PLC,ABSA,Quarterly,Financial results / statements,2021,Absa — Investor Relations,https://www.absabank.co.ke/investor-relations/,https://www.absabank.co.ke/content/dam/kenya/absa/pdf/Investor-Relations/Financial-Results/q1-2021-financials.pdf,linked from issuer page,application/pdf (inferred from source link),Issuer website,
NSE-00523,Absa Bank Kenya PLC,ABSA,Periodic results material,Results booklet / abridged report,2020,Absa — Investor Relations,https://www.absabank.co.ke/investor-relations/,https://www.absabank.co.ke/content/dam/kenya/absa/pdf/Investor-Relations/Financial-Results/abridged-group-financial-results-2020.pdf,linked from issuer page,application/pdf (inferred from source link),Issuer website,
NSE-00524,Absa Bank Kenya PLC,ABSA,Annual / full-year,Financial results / statements,2020,Absa — Investor Relations,https://www.absabank.co.ke/investor-relations/,https://www.absabank.co.ke/content/dam/kenya/absa/pdf/Investor-Relations/Financial-Results/financial-statements-2020.pdf,linked from issuer page,application/pdf (inferred from source link),Issuer website,
NSE-00525,Absa Bank Kenya PLC,ABSA,Annual / full-year,Investor presentation,2020,Absa — Investor Relations,https://www.absabank.co.ke/investor-relations/,https://www.absabank.co.ke/content/dam/kenya/absa/pdf/Investor-Relations/Financial-Results/earnings-pack-2020.pdf,linked from issuer page,application/pdf (inferred from source link),Issuer website,
NSE-00526,Absa Bank Kenya PLC,ABSA,Quarterly,Financial results / statements,2020,Absa — Investor Relations,https://www.absabank.co.ke/investor-relations/,https://www.absabank.co.ke/content/dam/kenya/absa/pdf/Investor-Relations/Financial-Results/absa-kenya-financial-statement-september-2020.pdf,linked from issuer page,application/pdf (inferred from source link),Issuer website,
NSE-00527,Absa Bank Kenya PLC,ABSA,Quarterly,Financial results / statements,2020,Absa — Investor Relations,https://www.absabank.co.ke/investor-relations/,https://www.absabank.co.ke/content/dam/kenya/absa/pdf/Investor-Relations/Annual-Reports/financial-statement-q2.pdf,linked from issuer page,application/pdf (inferred from source link),Issuer website,
NSE-00528,Absa Bank Kenya PLC,ABSA,Quarterly,Investor presentation,2020,Absa — Investor Relations,https://www.absabank.co.ke/investor-relations/,https://www.absabank.co.ke/content/dam/kenya/absa/pdf/Investor-Relations/Annual-Reports/investor-briefing-h1.pdf,linked from issuer page,application/pdf (inferred from source link),Issuer website,
NSE-00529,Absa Bank Kenya PLC,ABSA,Quarterly,Financial results / statements,2020,Absa — Investor Relations,https://www.absabank.co.ke/investor-relations/,https://www.absabank.co.ke/content/dam/kenya/absa/pdf/Investor-Relations/Annual-Reports/2020-q1-results.pdf,linked from issuer page,application/pdf (inferred from source link),Issuer website,
NSE-00530,Absa Bank Kenya PLC,ABSA,Periodic results material,Investor presentation,2020,Absa — Investor Relations,https://www.absabank.co.ke/investor-relations/,https://www.absabank.co.ke/content/dam/kenya/absa/pdf/Investor-Relations/Financial-Results/absa-kenya-plc-investor-briefing-pack-march-2020.pdf,linked from issuer page,application/pdf (inferred from source link),Issuer website,
NSE-00531,Absa Bank Kenya PLC,ABSA,Quarterly,Financial results / statements,2019,Absa — Investor Relations,https://www.absabank.co.ke/investor-relations/,https://www.absabank.co.ke/content/dam/kenya/absa/pdf/Investor-Relations/Financial-Results/absa-kenya-financial-statement-december-2019.pdf,linked from issuer page,application/pdf (inferred from source link),Issuer website,
NSE-00532,Absa Bank Kenya PLC,ABSA,Quarterly,Financial results / statements,2019,Absa — Investor Relations,https://www.absabank.co.ke/investor-relations/,https://www.absabank.co.ke/content/dam/kenya/absa/pdf/Investor-Relations/Financial-Results/bbk_Q1_2019.pdf,linked from issuer page,application/pdf (inferred from source link),Issuer website,
NSE-00533,Absa Bank Kenya PLC,ABSA,Quarterly,Financial results / statements,2019,Absa — Investor Relations,https://www.absabank.co.ke/investor-relations/,https://www.absabank.co.ke/content/dam/kenya/absa/pdf/Investor-Relations/Financial-Results/bbk-financial-statement-q2-2019.pdf,linked from issuer page,application/pdf (inferred from source link),Issuer website,
NSE-00534,Absa Bank Kenya PLC,ABSA,Quarterly,Financial results / statements,2019,Absa — Investor Relations,https://www.absabank.co.ke/investor-relations/,https://www.absabank.co.ke/content/dam/kenya/absa/pdf/Investor-Relations/Financial-Results/bbk-financial-statements-q3-2019%20Results.pdf,linked from issuer page,application/pdf (inferred from source link),Issuer website,
NSE-00535,Absa Bank Kenya PLC,ABSA,Quarterly,Financial results / statements,2018,Absa — Investor Relations,https://www.absabank.co.ke/investor-relations/,https://www.absabank.co.ke/content/dam/kenya/absa/pdf/Investor-Relations/Annual-Reports/BKO-financials-september-2018.pdf,linked from issuer page,application/pdf (inferred from source link),Issuer website,
NSE-00536,Absa Bank Kenya PLC,ABSA,Semi-annual / half-year,Financial results / statements,2018,Absa — Investor Relations,https://www.absabank.co.ke/investor-relations/,https://www.absabank.co.ke/content/dam/kenya/absa/pdf/Investor-Relations/Annual-Reports/bbk-h1-2018-financial-statements.pdf,linked from issuer page,application/pdf (inferred from source link),Issuer website,
NSE-00537,Absa Bank Kenya PLC,ABSA,Semi-annual / half-year,Investor presentation,,Absa — Investor Relations,https://www.absabank.co.ke/investor-relations/,https://www.absabank.co.ke/content/dam/kenya/absa/pdf/Investor-Relations/Annual-Reports/investor-briefing-h1-2018.pdf,linked from issuer page,application/pdf (inferred from source link),Issuer website,
NSE-00538,Absa Bank Kenya PLC,ABSA,Quarterly,Financial results / statements,2018,Absa — Investor Relations,https://www.absabank.co.ke/investor-relations/,https://www.absabank.co.ke/content/dam/kenya/absa/pdf/Investor-Relations/Financial-Results/BBK-2018-Q1-financials.pdf,linked from issuer page,application/pdf (inferred from source link),Issuer website,
NSE-00539,Absa Bank Kenya PLC,ABSA,Semi-annual / half-year,Financial results / statements,2017,Absa — Investor Relations,https://www.absabank.co.ke/investor-relations/,https://www.absabank.co.ke/content/dam/kenya/absa/pdf/Investor-Relations/Financial-Results/h1-results-v6-twin.pdf,linked from issuer page,application/pdf (inferred from source link),Issuer website,
NSE-00540,Absa Bank Kenya PLC,ABSA,Quarterly,Financial results / statements,2017,Absa — Investor Relations,https://www.absabank.co.ke/investor-relations/,https://www.absabank.co.ke/content/dam/kenya/absa/pdf/Investor-Relations/Financial-Results/bbk-q1-2017-financial-statements.pdf,linked from issuer page,application/pdf (inferred from source link),Issuer website,
NSE-00541,Absa Bank Kenya PLC,ABSA,Periodic results material,Financial results / statements,2016,Absa — Investor Relations,https://www.absabank.co.ke/investor-relations/,https://www.absabank.co.ke/content/dam/kenya/absa/pdf/Investor-Relations/Financial-Results/Barclays-bank-of-Kenya-limited-financial-statements-2016.pdf,linked from issuer page,application/pdf (inferred from source link),Issuer website,
NSE-00542,Absa Bank Kenya PLC,ABSA,Periodic results material,Results announcement / commentary,2016,Absa — Investor Relations,https://www.absabank.co.ke/investor-relations/,https://www.absabank.co.ke/content/dam/kenya/absa/pdf/Investor-Relations/Financial-Results/bbk-2016-annual-results-announcement.pdf,linked from issuer page,application/pdf (inferred from source link),Issuer website,
NSE-00543,Absa Bank Kenya PLC,ABSA,Quarterly,Financial results / statements,2016,Absa — Investor Relations,https://www.absabank.co.ke/investor-relations/,https://www.absabank.co.ke/content/dam/kenya/absa/pdf/Investor-Relations/Financial-Results/bbk-2016-q3-financials-v9.pdf,linked from issuer page,application/pdf (inferred from source link),Issuer website,
NSE-00544,Absa Bank Kenya PLC,ABSA,Quarterly,Financial results / statements,2016,Absa — Investor Relations,https://www.absabank.co.ke/investor-relations/,https://www.absabank.co.ke/content/dam/kenya/absa/pdf/Investor-Relations/Financial-Results/bbk-2016-q1-financials.pdf,linked from issuer page,application/pdf (inferred from source link),Issuer website,
NSE-00545,Absa Bank Kenya PLC,ABSA,Semi-annual / half-year,Financial results / statements,2016,Absa — Investor Relations,https://www.absabank.co.ke/investor-relations/,https://www.absabank.co.ke/content/dam/kenya/absa/pdf/Investor-Relations/Financial-Results/financial-results-h1-2016.PDF,linked from issuer page,application/pdf (inferred from source link),Issuer website,
NSE-00546,Absa Bank Kenya PLC,ABSA,Periodic results material,Financial results / statements,2015,Absa — Investor Relations,https://www.absabank.co.ke/investor-relations/,https://www.absabank.co.ke/content/dam/kenya/absa/pdf/Investor-Relations/Financial-Results/fy-2015-results-barclays-kenya.pdf,linked from issuer page,application/pdf (inferred from source link),Issuer website,
NSE-00547,Absa Bank Kenya PLC,ABSA,Annual / full-year,Financial results / statements,2015,Absa — Investor Relations,https://www.absabank.co.ke/investor-relations/,https://www.absabank.co.ke/content/dam/kenya/absa/pdf/Investor-Relations/Financial-Results/fy-2015-results-barclays.pdf,linked from issuer page,application/pdf (inferred from source link),Issuer website,
NSE-00548,Absa Bank Kenya PLC,ABSA,Annual / full-year,Investor presentation,2015,Absa — Investor Relations,https://www.absabank.co.ke/investor-relations/,https://www.absabank.co.ke/content/dam/kenya/absa/pdf/Investor-Relations/Financial-Results/investor-presentation-fy-2015-4th-mar-2015.pdf,linked from issuer page,application/pdf (inferred from source link),Issuer website,
NSE-00549,Absa Bank Kenya PLC,ABSA,Quarterly,Financial results / statements,2015,Absa — Investor Relations,https://www.absabank.co.ke/investor-relations/,https://www.absabank.co.ke/content/dam/kenya/absa/pdf/Investor-Relations/Financial-Results/q3-2015-financial-results.pdf,linked from issuer page,application/pdf (inferred from source link),Issuer website,
NSE-00550,Absa Bank Kenya PLC,ABSA,Semi-annual / half-year,Investor presentation,2015,Absa — Investor Relations,https://www.absabank.co.ke/investor-relations/,https://www.absabank.co.ke/content/dam/kenya/absa/pdf/Investor-Relations/Financial-Results/h1-2015-investor-presentation.pdf,linked from issuer page,application/pdf (inferred from source link),Issuer website,
NSE-00551,Absa Bank Kenya PLC,ABSA,Semi-annual / half-year,Financial results / statements,2015,Absa — Investor Relations,https://www.absabank.co.ke/investor-relations/,https://www.absabank.co.ke/content/dam/kenya/absa/pdf/Investor-Relations/Financial-Results/financial-results-h1-2015.pdf,linked from issuer page,application/pdf (inferred from source link),Issuer website,
NSE-00552,Absa Bank Kenya PLC,ABSA,Quarterly,Financial results / statements,2015,Absa — Investor Relations,https://www.absabank.co.ke/investor-relations/,https://www.absabank.co.ke/content/dam/kenya/absa/pdf/Investor-Relations/Financial-Results/bbk-2015-q1-financials.pdf,linked from issuer page,application/pdf (inferred from source link),Issuer website,
NSE-00553,Absa Bank Kenya PLC,ABSA,Periodic results material,Financial results / statements,2014,Absa — Investor Relations,https://www.absabank.co.ke/investor-relations/,https://www.absabank.co.ke/content/dam/kenya/absa/pdf/Investor-Relations/Financial-Results/end-of-year-financials-2014.pdf,linked from issuer page,application/pdf (inferred from source link),Issuer website,
NSE-00554,Absa Bank Kenya PLC,ABSA,Periodic results material,Financial results / statements,2014,Absa — Investor Relations,https://www.absabank.co.ke/investor-relations/,https://www.absabank.co.ke/content/dam/kenya/absa/pdf/Investor-Relations/Financial-Results/financial-results-2014.pdf,linked from issuer page,application/pdf (inferred from source link),Issuer website,
NSE-00555,Absa Bank Kenya PLC,ABSA,Quarterly,Financial results / statements,2014,Absa — Investor Relations,https://www.absabank.co.ke/investor-relations/,https://www.absabank.co.ke/content/dam/kenya/absa/pdf/Investor-Relations/Financial-Results/financial-results-q1-2014.pdf,linked from issuer page,application/pdf (inferred from source link),Issuer website,
NSE-00556,Absa Bank Kenya PLC,ABSA,Quarterly,Financial results / statements,2013,Absa — Investor Relations,https://www.absabank.co.ke/investor-relations/,https://www.absabank.co.ke/content/dam/kenya/absa/pdf/Investor-Relations/Financial-Results/financial-results-q1-2013.pdf,linked from issuer page,application/pdf (inferred from source link),Issuer website,
NSE-00557,Absa Bank Kenya PLC,ABSA,Semi-annual / half-year,Financial results / statements,2013,Absa — Investor Relations,https://www.absabank.co.ke/investor-relations/,https://www.absabank.co.ke/content/dam/kenya/absa/pdf/Investor-Relations/Financial-Results/financial-results-h1-2013.pdf,linked from issuer page,application/pdf (inferred from source link),Issuer website,
NSE-00558,Absa Bank Kenya PLC,ABSA,Periodic results material,Financial results / statements,2012,Absa — Investor Relations,https://www.absabank.co.ke/investor-relations/,https://www.absabank.co.ke/content/dam/kenya/absa/pdf/Investor-Relations/Financial-Results/financial-results-2012.pdf,linked from issuer page,application/pdf (inferred from source link),Issuer website,
NSE-00559,Absa Bank Kenya PLC,ABSA,Periodic results material,Financial results / statements,,Absa — Investor Relations,https://www.absabank.co.ke/investor-relations/,https://www.absabank.co.ke/content/dam/kenya/absa/pdf/Investor-Relations/Annual-Reports/voting-results.pdf,linked from issuer page,application/pdf (inferred from source link),Issuer website,
NSE-00560,Stanbic Holdings PLC,SBIC,Periodic results material,Investor presentation,,Stanbic Holdings — Investor Relations,https://www.stanbicbank.co.ke/kenya/personal/about-us/investor-relations,https://www.stanbicbank.co.ke/static_file/Kenya/Downloadable files/Stanbic Holdings PLC/Financials/2026/Stanbic Holdings Plc H1 2026 Financial Results Presentation.pdf,linked from issuer page,application/pdf (inferred from source link),Issuer website,
NSE-00561,Stanbic Holdings PLC,SBIC,Periodic results material,Investor presentation,,Stanbic Holdings — Investor Relations,https://www.stanbicbank.co.ke/kenya/personal/about-us/investor-relations,https://www.stanbicbank.co.ke/static_file/Kenya/Downloadable files/Stanbic Holdings PLC/Financials/2026/Stanbic Holdings 2025 Full Year Results Investor Presentation.pdf,linked from issuer page,application/pdf (inferred from source link),Issuer website,
NSE-00562,Stanbic Holdings PLC,SBIC,Semi-annual / half-year,Financial results / statements,2026,Stanbic Holdings — Investor Relations,https://www.stanbicbank.co.ke/kenya/personal/about-us/investor-relations,https://www.stanbicbank.co.ke/static_file/Kenya/Downloadable files/Stanbic Holdings PLC/Financials/2026/Stanbic Holdings Plc H1 2026 Financial Results.pdf,linked from issuer page,application/pdf (inferred from source link),Issuer website,
NSE-00563,Stanbic Holdings PLC,SBIC,Annual / full-year,Financial results / statements,2025,Stanbic Holdings — Investor Relations,https://www.stanbicbank.co.ke/kenya/personal/about-us/investor-relations,https://www.stanbicbank.co.ke/static_file/Kenya/Downloadable files/Stanbic Holdings PLC/Financials/2026/Stanbic Holdings Plc 2025 Full Year Financial Results.pdf,linked from issuer page,application/pdf (inferred from source link),Issuer website,
NSE-00564,Stanbic Holdings PLC,SBIC,Semi-annual / half-year,Investor presentation,2025,Stanbic Holdings — Investor Relations,https://www.stanbicbank.co.ke/kenya/personal/about-us/investor-relations,https://www.stanbicbank.co.ke/static_file/Kenya/Downloadable files/Stanbic Holdings PLC/Financials/2025/Stanbic Holdings H1 2025 Results - Investor Briefing Presentation.pdf,linked from issuer page,application/pdf (inferred from source link),Issuer website,
NSE-00565,Stanbic Holdings PLC,SBIC,Semi-annual / half-year,Financial results / statements,2025,Stanbic Holdings — Investor Relations,https://www.stanbicbank.co.ke/kenya/personal/about-us/investor-relations,https://www.stanbicbank.co.ke/static_file/Kenya/Downloadable files/Stanbic Holdings PLC/Financials/2025/Stanbic Holdings Plc H1 2025 Financial Results.pdf,linked from issuer page,application/pdf (inferred from source link),Issuer website,
NSE-00566,Stanbic Holdings PLC,SBIC,Annual / full-year,Financial results / statements,2024,Stanbic Holdings — Investor Relations,https://www.stanbicbank.co.ke/kenya/personal/about-us/investor-relations,https://www.stanbicbank.co.ke/static_file/Kenya/Downloadable files/Stanbic Holdings PLC/Financials/2025/Stanbic Holdings Plc Audited Financial Statements 31st December 2024.pdf,linked from issuer page,application/pdf (inferred from source link),Issuer website,
NSE-00567,Stanbic Holdings PLC,SBIC,Annual / full-year,Financial results / statements,2024,Stanbic Holdings — Investor Relations,https://www.stanbicbank.co.ke/kenya/personal/about-us/investor-relations,https://www.stanbicbank.co.ke/static_file/Kenya/Downloadable files/Stanbic Holdings PLC/Financials/2025/Stanbic Holdings Plc Full Year 2024 Financial Results.pdf,linked from issuer page,application/pdf (inferred from source link),Issuer website,
NSE-00568,Stanbic Holdings PLC,SBIC,Annual / full-year,Investor presentation,2024,Stanbic Holdings — Investor Relations,https://www.stanbicbank.co.ke/kenya/personal/about-us/investor-relations,https://www.stanbicbank.co.ke/static_file/Kenya/Downloadable files/Stanbic Holdings PLC/Financials/2025/Stanbic Holdings Investor Presentation - 2024 Full Year Results.pdf,linked from issuer page,application/pdf (inferred from source link),Issuer website,
NSE-00569,Stanbic Holdings PLC,SBIC,Semi-annual / half-year,Financial results / statements,2024,Stanbic Holdings — Investor Relations,https://www.stanbicbank.co.ke/kenya/personal/about-us/investor-relations,https://www.stanbicbank.co.ke/static_file/Kenya/Downloadable files/Stanbic Holdings PLC/Financials/2024/Stanbic Holdings Plc Half Year 2024 Financial Results.pdf,linked from issuer page,application/pdf (inferred from source link),Issuer website,
NSE-00570,Stanbic Holdings PLC,SBIC,Semi-annual / half-year,Investor presentation,2024,Stanbic Holdings — Investor Relations,https://www.stanbicbank.co.ke/kenya/personal/about-us/investor-relations,https://www.stanbicbank.co.ke/static_file/Kenya/Downloadable files/Stanbic Holdings PLC/Financials/2024/Investor Briefing Presentation Half Year 2024 Results.pdf,linked from issuer page,application/pdf (inferred from source link),Issuer website,
NSE-00571,Stanbic Holdings PLC,SBIC,Annual / full-year,Financial results / statements,2023,Stanbic Holdings — Investor Relations,https://www.stanbicbank.co.ke/kenya/personal/about-us/investor-relations,https://www.stanbicbank.co.ke/static_file/Kenya/Downloadable files/Stanbic Holdings PLC/Financials/2023/Stanbic Holdings Plc December 2023 Final.pdf,linked from issuer page,application/pdf (inferred from source link),Issuer website,
NSE-00572,Stanbic Holdings PLC,SBIC,Annual / full-year,Financial results / statements,2023,Stanbic Holdings — Investor Relations,https://www.stanbicbank.co.ke/kenya/personal/about-us/investor-relations,https://www.stanbicbank.co.ke/static_file/Kenya/Downloadable files/Stanbic Holdings PLC/Financials/2024/Stanbic Holdings results.pdf,linked from issuer page,application/pdf (inferred from source link),Issuer website,
NSE-00573,Stanbic Holdings PLC,SBIC,Annual / full-year,Investor presentation,2023,Stanbic Holdings — Investor Relations,https://www.stanbicbank.co.ke/kenya/personal/about-us/investor-relations,https://www.stanbicbank.co.ke/static_file/Kenya/Downloadable files/Stanbic Holdings PLC/Financials/2024/Stanbic Holdings Plc FY 2023 Results presentation-2.pdf,linked from issuer page,application/pdf (inferred from source link),Issuer website,
NSE-00574,Stanbic Holdings PLC,SBIC,Semi-annual / half-year,Financial results / statements,2023,Stanbic Holdings — Investor Relations,https://www.stanbicbank.co.ke/kenya/personal/about-us/investor-relations,https://www.stanbicbank.co.ke/static_file/Kenya/Downloadable files/Stanbic Holdings PLC/Financials/2023/Stanbic Holdings Plc.pdf,linked from issuer page,application/pdf (inferred from source link),Issuer website,
NSE-00575,Stanbic Holdings PLC,SBIC,Semi-annual / half-year,Investor presentation,2023,Stanbic Holdings — Investor Relations,https://www.stanbicbank.co.ke/kenya/personal/about-us/investor-relations,https://www.stanbicbank.co.ke/static_file/Kenya/Downloadable files/Stanbic Holdings PLC/Financials/2023/Stanbic Holdings Plc H1 2023 results presentation.pdf,linked from issuer page,application/pdf (inferred from source link),Issuer website,
NSE-00576,Stanbic Holdings PLC,SBIC,Annual / full-year,Financial results / statements,2022,Stanbic Holdings — Investor Relations,https://www.stanbicbank.co.ke/kenya/personal/about-us/investor-relations,https://www.stanbicbank.co.ke/static_file/Kenya/Downloadable files/Stanbic Holdings PLC/Financials/2023/Stanbic Holdings Plc AFS 31 December 2022.pdf,linked from issuer page,application/pdf (inferred from source link),Issuer website,
NSE-00577,Stanbic Holdings PLC,SBIC,Annual / full-year,Investor presentation,2022,Stanbic Holdings — Investor Relations,https://www.stanbicbank.co.ke/kenya/personal/about-us/investor-relations,https://www.stanbicbank.co.ke/static_file/Kenya/Downloadable files/Stanbic Holdings PLC/Financials/2023/Stanbic Holdings Plc December 2022 Financial Results Presentation Final.pdf,linked from issuer page,application/pdf (inferred from source link),Issuer website,
NSE-00578,Stanbic Holdings PLC,SBIC,Annual / full-year,Financial results / statements,2022,Stanbic Holdings — Investor Relations,https://www.stanbicbank.co.ke/kenya/personal/about-us/investor-relations,https://www.stanbicbank.co.ke/static_file/Kenya/Downloadable files/Stanbic Holdings PLC/Financials/2023/Stanbic Holdings - upload to website.pdf,linked from issuer page,application/pdf (inferred from source link),Issuer website,
NSE-00579,Stanbic Holdings PLC,SBIC,Semi-annual / half-year,Investor presentation,2022,Stanbic Holdings — Investor Relations,https://www.stanbicbank.co.ke/kenya/personal/about-us/investor-relations,https://www.stanbicbank.co.ke/static_file/Kenya/Downloadable files/Stanbic Holdings PLC/Financials/2022/H1/StanbicHoldingsPlc2022H1ResultsInvestorPresentation.pdf,linked from issuer page,application/pdf (inferred from source link),Issuer website,
NSE-00580,Stanbic Holdings PLC,SBIC,Semi-annual / half-year,Financial results / statements,2022,Stanbic Holdings — Investor Relations,https://www.stanbicbank.co.ke/kenya/personal/about-us/investor-relations,https://www.stanbicbank.co.ke/static_file/Kenya/Downloadable files/Stanbic Holdings PLC/Financials/2022/H1/StanbicHoldingsPlcH12022Results.pdf,linked from issuer page,application/pdf (inferred from source link),Issuer website,
NSE-00581,Stanbic Holdings PLC,SBIC,Annual / full-year,Financial results / statements,2021,Stanbic Holdings — Investor Relations,https://www.stanbicbank.co.ke/kenya/personal/about-us/investor-relations,https://www.stanbicbank.co.ke/static_file/Kenya/Downloadable files/Stanbic Holdings PLC/StanbicHoldingsPlcDecember2021-Final.pdf,linked from issuer page,application/pdf (inferred from source link),Issuer website,
NSE-00582,Stanbic Holdings PLC,SBIC,Periodic results material,Financial results / statements,2021,Stanbic Holdings — Investor Relations,https://www.stanbicbank.co.ke/kenya/personal/about-us/investor-relations,https://www.stanbicbank.co.ke/static_file/Kenya/Downloadable files/Stanbic Holdings PLC/Financials/2022/Stanbic Holdings Plc Financial results 31 December 2021.pdf,linked from issuer page,application/pdf (inferred from source link),Issuer website,
NSE-00583,Stanbic Holdings PLC,SBIC,Annual / full-year,Investor presentation,2021,Stanbic Holdings — Investor Relations,https://www.stanbicbank.co.ke/kenya/personal/about-us/investor-relations,https://www.stanbicbank.co.ke/static_file/Kenya/Downloadable files/Stanbic Holdings PLC/Financials/2022/Stanbic Holdings Plc December 2021 Investor presentation.pdf,linked from issuer page,application/pdf (inferred from source link),Issuer website,
NSE-00584,Stanbic Holdings PLC,SBIC,Semi-annual / half-year,Financial results / statements,2021,Stanbic Holdings — Investor Relations,https://www.stanbicbank.co.ke/kenya/personal/about-us/investor-relations,https://www.stanbicbank.co.ke/static_file/Kenya/Downloadable files/Stanbic Holdings PLC/Financials/2021/Stanbic Holdings Plc 2021 Half Year Results.pdf,linked from issuer page,application/pdf (inferred from source link),Issuer website,
NSE-00585,Stanbic Holdings PLC,SBIC,Annual / full-year,Financial results / statements,2020,Stanbic Holdings — Investor Relations,https://www.stanbicbank.co.ke/kenya/personal/about-us/investor-relations,https://www.stanbicbank.co.ke/static_file/Kenya/Downloadable files/Stanbic Holdings PLC/Financials/2020/Stanbic Holdings PLC Audited Financial Statements 31 December 2020.pdf,linked from issuer page,application/pdf (inferred from source link),Issuer website,
NSE-00586,Stanbic Holdings PLC,SBIC,Annual / full-year,Financial results / statements,2020,Stanbic Holdings — Investor Relations,https://www.stanbicbank.co.ke/kenya/personal/about-us/investor-relations,https://www.stanbicbank.co.ke/static_file/Kenya/Downloadable files/Stanbic Holdings PLC/Financials/2020/StanbicHoldingsPlc 31 Dec 2020.pdf,linked from issuer page,application/pdf (inferred from source link),Issuer website,
NSE-00587,Stanbic Holdings PLC,SBIC,Periodic results material,Investor presentation,2020,Stanbic Holdings — Investor Relations,https://www.stanbicbank.co.ke/kenya/personal/about-us/investor-relations,https://www.stanbicbank.co.ke/static_file/Kenya/Downloadable files/Results and Reports/Stanbic Holdings Plc Investor presentation June 2020.pdf,linked from issuer page,application/pdf (inferred from source link),Issuer website,
NSE-00588,Stanbic Holdings PLC,SBIC,Semi-annual / half-year,Financial results / statements,2020,Stanbic Holdings — Investor Relations,https://www.stanbicbank.co.ke/kenya/personal/about-us/investor-relations,https://www.stanbicbank.co.ke/static_file/Kenya/Downloadable files/Results and Reports/SHplc2020Half1Results.pdf,linked from issuer page,application/pdf (inferred from source link),Issuer website,
NSE-00589,Stanbic Holdings PLC,SBIC,Annual / full-year,Financial results / statements,2019,Stanbic Holdings — Investor Relations,https://www.stanbicbank.co.ke/kenya/personal/about-us/investor-relations,https://www.stanbicbank.co.ke/static_file/Kenya/Downloadable files/Stanbic Holdings PLC/Financials/SHPlcAFStatements2019Final.pdf,linked from issuer page,application/pdf (inferred from source link),Issuer website,
NSE-00590,Stanbic Holdings PLC,SBIC,Annual / full-year,Investor presentation,2019,Stanbic Holdings — Investor Relations,https://www.stanbicbank.co.ke/kenya/personal/about-us/investor-relations,https://www.stanbicbank.co.ke/static_file/Kenya/Downloadable files/Stanbic Holdings PLC/Financials/2019SHPlcFullYearResults.pdf,linked from issuer page,application/pdf (inferred from source link),Issuer website,
NSE-00591,Stanbic Holdings PLC,SBIC,Semi-annual / half-year,Financial results / statements,2019,Stanbic Holdings — Investor Relations,https://www.stanbicbank.co.ke/kenya/personal/about-us/investor-relations,https://www.stanbicbank.co.ke/static_file/Kenya/Downloadable files/Stanbic Holdings PLC/Financials/StanbicHoldingsPlc2019halfyearinvestorpresentation.pdf,linked from issuer page,application/pdf (inferred from source link),Issuer website,
NSE-00592,Stanbic Holdings PLC,SBIC,Annual / full-year,Financial results / statements,2019,Stanbic Holdings — Investor Relations,https://www.stanbicbank.co.ke/kenya/personal/about-us/investor-relations,https://www.stanbicbank.co.ke/static_file/Kenya/Downloadable files/Stanbic Holdings PLC/Financials/2019SHPlcFullYearResultsPresentation.pdf,linked from issuer page,application/pdf (inferred from source link),Issuer website,
NSE-00593,Stanbic Holdings PLC,SBIC,Semi-annual / half-year,Investor presentation,2019,Stanbic Holdings — Investor Relations,https://www.stanbicbank.co.ke/kenya/personal/about-us/investor-relations,https://www.stanbicbank.co.ke/static_file/Kenya/Downloadable files/Stanbic Holdings PLC/Financials/SHPlc2019HalfYearResults.pdf,linked from issuer page,application/pdf (inferred from source link),Issuer website,
NSE-00594,Stanbic Holdings PLC,SBIC,Annual / full-year,Financial results / statements,2018,Stanbic Holdings — Investor Relations,https://www.stanbicbank.co.ke/kenya/personal/about-us/investor-relations,https://www.stanbicbank.co.ke/static_file/Kenya/Downloadable files/Stanbic Holdings PLC/Financials/StanbicHoldingsPlcAFS31122018.pdf,linked from issuer page,application/pdf (inferred from source link),Issuer website,
NSE-00595,Stanbic Holdings PLC,SBIC,Annual / full-year,Financial results / statements,2018,Stanbic Holdings — Investor Relations,https://www.stanbicbank.co.ke/kenya/personal/about-us/investor-relations,https://www.stanbicbank.co.ke/static_file/Kenya/Downloadable files/Stanbic Holdings PLC/Financials/StanbicHoldingsPlc2018FullYearResults.pdf,linked from issuer page,application/pdf (inferred from source link),Issuer website,
NSE-00596,Stanbic Holdings PLC,SBIC,Annual / full-year,Investor presentation,2018,Stanbic Holdings — Investor Relations,https://www.stanbicbank.co.ke/kenya/personal/about-us/investor-relations,https://www.stanbicbank.co.ke/static_file/Kenya/Downloadable files/Stanbic Holdings PLC/Financials/StanbicHoldingsPlc2018FullYearResultsPresentation.pdf,linked from issuer page,application/pdf (inferred from source link),Issuer website,
NSE-00597,Stanbic Holdings PLC,SBIC,Semi-annual / half-year,Financial results / statements,2018,Stanbic Holdings — Investor Relations,https://www.stanbicbank.co.ke/kenya/personal/about-us/investor-relations,https://www.stanbicbank.co.ke/static_file/Kenya/Downloadable files/Stanbic Holdings PLC/Financials/StanbicHoldingsPlcHalfYearFinancials2018.pdf,linked from issuer page,application/pdf (inferred from source link),Issuer website,
NSE-00598,Stanbic Holdings PLC,SBIC,Semi-annual / half-year,Investor presentation,2018,Stanbic Holdings — Investor Relations,https://www.stanbicbank.co.ke/kenya/personal/about-us/investor-relations,https://www.stanbicbank.co.ke/static_file/Kenya/Downloadable files/Stanbic Holdings PLC/Financials/StanbicHoldingsPlcHalfYearFinancials2018Presentation.pdf,linked from issuer page,application/pdf (inferred from source link),Issuer website,
NSE-00599,Stanbic Holdings PLC,SBIC,Annual / full-year,Financial results / statements,2017,Stanbic Holdings — Investor Relations,https://www.stanbicbank.co.ke/kenya/personal/about-us/investor-relations,https://www.stanbicbank.co.ke/static_file/Kenya/Downloadable files/Stanbic Holdings PLC/Financials/2017SHPlcAbridgedFinancials.pdf,linked from issuer page,application/pdf (inferred from source link),Issuer website,
NSE-00600,Stanbic Holdings PLC,SBIC,Annual / full-year,Financial results / statements,2017,Stanbic Holdings — Investor Relations,https://www.stanbicbank.co.ke/kenya/personal/about-us/investor-relations,https://www.stanbicbank.co.ke/static_file/Kenya/Downloadable files/Stanbic Holdings PLC/Financials/StanbicHoldingsPlcAuditedFinancial Statements31December2017.pdf,linked from issuer page,application/pdf (inferred from source link),Issuer website,
NSE-00601,Stanbic Holdings PLC,SBIC,Semi-annual / half-year,Financial results / statements,2017,Stanbic Holdings — Investor Relations,https://www.stanbicbank.co.ke/kenya/personal/about-us/investor-relations,https://www.stanbicbank.co.ke/static_file/Kenya/Downloadable files/Stanbic Holdings PLC/Financials/StanbicHoldingsPlC2017HalfYearResults.pdf,linked from issuer page,application/pdf (inferred from source link),Issuer website,
NSE-00602,Stanbic Holdings PLC,SBIC,Annual / full-year,Financial results / statements,2017,Stanbic Holdings — Investor Relations,https://www.stanbicbank.co.ke/kenya/personal/about-us/investor-relations,https://www.stanbicbank.co.ke/static_file/Kenya/Downloadable files/Stanbic Holdings PLC/Financials/StanbicHoldingsPlc2017FullYearResults.PDF,linked from issuer page,application/pdf (inferred from source link),Issuer website,
NSE-00603,Stanbic Holdings PLC,SBIC,Annual / full-year,Investor presentation,2017,Stanbic Holdings — Investor Relations,https://www.stanbicbank.co.ke/kenya/personal/about-us/investor-relations,https://www.stanbicbank.co.ke/static_file/Kenya/Downloadable files/Stanbic Holdings PLC/Financials/StanbicHoldingsPlc2017FullYearResultsPresentation.pdf,linked from issuer page,application/pdf (inferred from source link),Issuer website,
NSE-00604,Stanbic Holdings PLC,SBIC,Annual / full-year,Investor presentation,2016,Stanbic Holdings — Investor Relations,https://www.stanbicbank.co.ke/kenya/personal/about-us/investor-relations,https://www.stanbicbank.co.ke/static_file/Kenya/Downloadable files/SBG Securities/StanbicHoldingsPlc2016FYResultsPresentation.pdf,linked from issuer page,application/pdf (inferred from source link),Issuer website,
NSE-00605,Stanbic Holdings PLC,SBIC,Semi-annual / half-year,Investor presentation,2016,Stanbic Holdings — Investor Relations,https://www.stanbicbank.co.ke/kenya/personal/about-us/investor-relations,https://www.stanbicbank.co.ke/static_file/Kenya/Downloadable files/SBG Securities/CfCStanbicHoldingsLtd2016HalyYearPresentation.pdf,linked from issuer page,application/pdf (inferred from source link),Issuer website,
NSE-00606,Stanbic Holdings PLC,SBIC,Annual / full-year,Financial results / statements,2016,Stanbic Holdings — Investor Relations,https://www.stanbicbank.co.ke/kenya/personal/about-us/investor-relations,https://www.stanbicbank.co.ke/static_file/Kenya/Downloadable files/Stanbic Holdings PLC/Financials/StanbicHoldingsPlc2016FinancialStatements.pdf,linked from issuer page,application/pdf (inferred from source link),Issuer website,
NSE-00607,Stanbic Holdings PLC,SBIC,Periodic results material,Investor presentation,2020,Stanbic Holdings — Investor Relations,https://www.stanbicbank.co.ke/kenya/personal/about-us/investor-relations,https://www.stanbicbank.co.ke/static_file/Kenya/Downloadable files/Stanbic Holdings PLC/Financials/2020/Stanbic Holdings Plc Investor Briefing Presentation December 2020.pdf,linked from issuer page,application/pdf (inferred from source link),Issuer website,
NSE-00608,Stanbic Holdings PLC,SBIC,Periodic results material,Periodic results material,,Stanbic Holdings — Investor Relations,https://www.stanbicbank.co.ke/kenya/personal/about-us/investor-relations,https://www.stanbicbank.co.ke/static_file/Kenya/Downloadable files/Stanbic Holdings PLC/Financials/2022/H1/StanbicGroupOwnershipStructure_March2022.pdf,linked from issuer page,application/pdf (inferred from source link),Issuer website,
NSE-00609,Stanbic Holdings PLC,SBIC,Annual / full-year,Annual report,2025,Stanbic Holdings — Investor Relations,https://www.stanbicbank.co.ke/kenya/personal/about-us/investor-relations,https://www.stanbicbank.co.ke/static_file/Kenya/Downloadable files/Stanbic Holdings PLC/Annual Reports/2025/Stanbic_Holdings_Annual_Integrated_Report_2025.pdf,linked from issuer page,application/pdf (inferred from source link),Issuer website,
NSE-00610,Stanbic Holdings PLC,SBIC,Annual / full-year,Annual report,2023,Stanbic Holdings — Investor Relations,https://www.stanbicbank.co.ke/kenya/personal/about-us/investor-relations,https://www.stanbicbank.co.ke/static_file/Kenya/Downloadable files/Stanbic Holdings PLC/Annual Reports/2024/2023 Stanbic Holdings Plc Annual Integrated Report.pdf,linked from issuer page,application/pdf (inferred from source link),Issuer website,
NSE-00611,Stanbic Holdings PLC,SBIC,Annual / full-year,Annual report,2022,Stanbic Holdings — Investor Relations,https://www.stanbicbank.co.ke/kenya/personal/about-us/investor-relations,https://www.stanbicbank.co.ke/static_file/Kenya/Downloadable files/Stanbic Holdings PLC/Annual Reports/2023/2022 Stanbic Holdings Plc Annual Integrated Report.pdf,linked from issuer page,application/pdf (inferred from source link),Issuer website,
NSE-00612,Stanbic Holdings PLC,SBIC,Annual / full-year,Annual report,2021,Stanbic Holdings — Investor Relations,https://www.stanbicbank.co.ke/kenya/personal/about-us/investor-relations,https://www.stanbicbank.co.ke/static_file/Kenya/Downloadable files/Stanbic Holdings PLC/Financials/2022/H1/IntergratedAnnualReport2022.pdf,linked from issuer page,application/pdf (inferred from source link),Issuer website,
NSE-00613,Stanbic Holdings PLC,SBIC,Annual / full-year,Annual report,2020,Stanbic Holdings — Investor Relations,https://www.stanbicbank.co.ke/kenya/personal/about-us/investor-relations,https://www.stanbicbank.co.ke/static_file/Kenya/Downloadable files/Stanbic Holdings PLC/Financials/Stanbic Holdings PLC Annual Integrated Report 2020_web.pdf,linked from issuer page,application/pdf (inferred from source link),Issuer website,
NSE-00614,Stanbic Holdings PLC,SBIC,Annual / full-year,Annual report,2019,Stanbic Holdings — Investor Relations,https://www.stanbicbank.co.ke/kenya/personal/about-us/investor-relations,https://www.stanbicbank.co.ke/static_file/Kenya/Downloadable files/Stanbic Holdings PLC/2019SHPlcAnnualIntegratedReport.pdf,linked from issuer page,application/pdf (inferred from source link),Issuer website,
NSE-00615,Stanbic Holdings PLC,SBIC,Annual / full-year,Annual report,2018,Stanbic Holdings — Investor Relations,https://www.stanbicbank.co.ke/kenya/personal/about-us/investor-relations,https://www.stanbicbank.co.ke/static_file/Kenya/Downloadable files/Stanbic Holdings PLC/2018StanbicHoldingsPlcAnnualIntegratedReport.pdf,linked from issuer page,application/pdf (inferred from source link),Issuer website,
NSE-00616,Stanbic Holdings PLC,SBIC,Annual / full-year,Annual report,2017,Stanbic Holdings — Investor Relations,https://www.stanbicbank.co.ke/kenya/personal/about-us/investor-relations,https://www.stanbicbank.co.ke/static_file/Kenya/Downloadable files/Stanbic Holdings PLC/Financials/Stanbic_Holdings_Plc_2017_Annual_Integrated_Report.pdf,linked from issuer page,application/pdf (inferred from source link),Issuer website,
NSE-00617,Stanbic Holdings PLC,SBIC,Annual / full-year,Annual report,2016,Stanbic Holdings — Investor Relations,https://www.stanbicbank.co.ke/kenya/personal/about-us/investor-relations,https://www.stanbicbank.co.ke/static_file/Kenya/Downloadable files/Stanbic Holdings PLC/Financials/StanbicHoldingsPlc_Annual Report_2016.pdf,linked from issuer page,application/pdf (inferred from source link),Issuer website,
NSE-00618,Stanbic Holdings PLC,SBIC,Semi-annual / half-year,Financial results / statements,2026,Stanbic Holdings — Investor Relations,https://www.stanbicbank.co.ke/kenya/personal/about-us/investor-relations,https://www.stanbicbank.co.ke/static_file/Kenya/Downloadable files/Stanbic Bank Limited/Financials/2026/Stanbic Bank H1 2026 Financial Results.pdf,linked from issuer page,application/pdf (inferred from source link),Issuer website,
NSE-00619,Stanbic Holdings PLC,SBIC,Quarterly,Financial results / statements,2026,Stanbic Holdings — Investor Relations,https://www.stanbicbank.co.ke/kenya/personal/about-us/investor-relations,https://www.stanbicbank.co.ke/static_file/Kenya/Downloadable files/Stanbic Bank Limited/Financials/2026/Stanbic-Bank-Q1-2026-Financial-Results.pdf,linked from issuer page,application/pdf (inferred from source link),Issuer website,
NSE-00620,Stanbic Holdings PLC,SBIC,Annual / full-year,Financial results / statements,2025,Stanbic Holdings — Investor Relations,https://www.stanbicbank.co.ke/kenya/personal/about-us/investor-relations,https://www.stanbicbank.co.ke/static_file/Kenya/Downloadable files/Stanbic Bank Limited/Financials/2026/Stanbic Bank Kenya Audited Financial Statements 31st December 2025.pdf,linked from issuer page,application/pdf (inferred from source link),Issuer website,
NSE-00621,Stanbic Holdings PLC,SBIC,Annual / full-year,Financial results / statements,2025,Stanbic Holdings — Investor Relations,https://www.stanbicbank.co.ke/kenya/personal/about-us/investor-relations,https://www.stanbicbank.co.ke/static_file/Kenya/Downloadable files/Stanbic Holdings PLC/Financials/2026/Stanbic Bank Full Year 2025 Financial Results.pdf,linked from issuer page,application/pdf (inferred from source link),Issuer website,
NSE-00622,Stanbic Holdings PLC,SBIC,Quarterly,Financial results / statements,2025,Stanbic Holdings — Investor Relations,https://www.stanbicbank.co.ke/kenya/personal/about-us/investor-relations,https://www.stanbicbank.co.ke/static_file/Kenya/Downloadable files/Stanbic Holdings PLC/Financials/2025/Stanbic Bank Financial Results - Q3 2025.pdf,linked from issuer page,application/pdf (inferred from source link),Issuer website,
NSE-00623,Stanbic Holdings PLC,SBIC,Semi-annual / half-year,Financial results / statements,2025,Stanbic Holdings — Investor Relations,https://www.stanbicbank.co.ke/kenya/personal/about-us/investor-relations,https://www.stanbicbank.co.ke/static_file/Kenya/Downloadable files/Stanbic Bank Limited/Financials/2025/Stanbic Bank H1 2025 Financial Results.pdf,linked from issuer page,application/pdf (inferred from source link),Issuer website,
NSE-00624,Stanbic Holdings PLC,SBIC,Quarterly,Financial results / statements,2025,Stanbic Holdings — Investor Relations,https://www.stanbicbank.co.ke/kenya/personal/about-us/investor-relations,https://www.stanbicbank.co.ke/static_file/Kenya/Downloadable files/Stanbic Bank Limited/Financials/2025/Stanbic Bank Kenya Unaudited Results Quarter 1 2025.pdf,linked from issuer page,application/pdf (inferred from source link),Issuer website,
NSE-00625,Stanbic Holdings PLC,SBIC,Annual / full-year,Financial results / statements,2024,Stanbic Holdings — Investor Relations,https://www.stanbicbank.co.ke/kenya/personal/about-us/investor-relations,https://www.stanbicbank.co.ke/static_file/Kenya/Downloadable files/Stanbic Bank Limited/Financials/2025/Stanbic Bank Kenya Audited Financial Statements 31st December 2024.pdf,linked from issuer page,application/pdf (inferred from source link),Issuer website,
NSE-00626,Stanbic Holdings PLC,SBIC,Annual / full-year,Financial results / statements,2024,Stanbic Holdings — Investor Relations,https://www.stanbicbank.co.ke/kenya/personal/about-us/investor-relations,https://www.stanbicbank.co.ke/static_file/Kenya/Downloadable files/Stanbic Bank Limited/Financials/2025/Stanbic Bank Full Year 2024 Financial Results.pdf,linked from issuer page,application/pdf (inferred from source link),Issuer website,
NSE-00627,Stanbic Holdings PLC,SBIC,Quarterly,Financial results / statements,2024,Stanbic Holdings — Investor Relations,https://www.stanbicbank.co.ke/kenya/personal/about-us/investor-relations,https://www.stanbicbank.co.ke/static_file/Kenya/Downloadable files/Stanbic Bank Limited/Financials/2024/Stanbic Bank Q3 2024 Financial Results.pdf,linked from issuer page,application/pdf (inferred from source link),Issuer website,
NSE-00628,Stanbic Holdings PLC,SBIC,Semi-annual / half-year,Financial results / statements,2024,Stanbic Holdings — Investor Relations,https://www.stanbicbank.co.ke/kenya/personal/about-us/investor-relations,https://www.stanbicbank.co.ke/static_file/Kenya/Downloadable files/Stanbic Bank Limited/Financials/2024/Stanbic Bank Half Year 2024 Financial Results.pdf,linked from issuer page,application/pdf (inferred from source link),Issuer website,
NSE-00629,Stanbic Holdings PLC,SBIC,Quarterly,Financial results / statements,2024,Stanbic Holdings — Investor Relations,https://www.stanbicbank.co.ke/kenya/personal/about-us/investor-relations,https://www.stanbicbank.co.ke/static_file/Kenya/Downloadable files/Stanbic Bank Limited/Financials/2024/Stanbic Bank Q1 2024 results.pdf,linked from issuer page,application/pdf (inferred from source link),Issuer website,
NSE-00630,Stanbic Holdings PLC,SBIC,Annual / full-year,Financial results / statements,2023,Stanbic Holdings — Investor Relations,https://www.stanbicbank.co.ke/kenya/personal/about-us/investor-relations,https://www.stanbicbank.co.ke/static_file/Kenya/Downloadable files/Stanbic Bank Limited/Financials/2024/Stanbic Bank AFS 31 December 2023_Final.pdf,linked from issuer page,application/pdf (inferred from source link),Issuer website,
NSE-00631,Stanbic Holdings PLC,SBIC,Annual / full-year,Financial results / statements,2023,Stanbic Holdings — Investor Relations,https://www.stanbicbank.co.ke/kenya/personal/about-us/investor-relations,https://www.stanbicbank.co.ke/static_file/Kenya/Downloadable files/Stanbic Bank Limited/Financials/2024/Stanbic Bank Results.pdf,linked from issuer page,application/pdf (inferred from source link),Issuer website,
NSE-00632,Stanbic Holdings PLC,SBIC,Quarterly,Financial results / statements,2023,Stanbic Holdings — Investor Relations,https://www.stanbicbank.co.ke/kenya/personal/about-us/investor-relations,https://www.stanbicbank.co.ke/static_file/Kenya/Downloadable files/Stanbic Bank Limited/Financials/2023/Stanbic Bank Q3 2023 Financial results.pdf,linked from issuer page,application/pdf (inferred from source link),Issuer website,
NSE-00633,Stanbic Holdings PLC,SBIC,Semi-annual / half-year,Financial results / statements,2023,Stanbic Holdings — Investor Relations,https://www.stanbicbank.co.ke/kenya/personal/about-us/investor-relations,https://www.stanbicbank.co.ke/static_file/Kenya/Downloadable files/Stanbic Bank Limited/Financials/2023/Stanbic Bank.pdf,linked from issuer page,application/pdf (inferred from source link),Issuer website,
NSE-00634,Stanbic Holdings PLC,SBIC,Quarterly,Financial results / statements,2023,Stanbic Holdings — Investor Relations,https://www.stanbicbank.co.ke/kenya/personal/about-us/investor-relations,https://www.stanbicbank.co.ke/static_file/Kenya/Downloadable files/Stanbic Bank Limited/Financials/2023/Stanbic Bank Kenya Limited Financial results Q1 2023.pdf,linked from issuer page,application/pdf (inferred from source link),Issuer website,
NSE-00635,Stanbic Holdings PLC,SBIC,Annual / full-year,Financial results / statements,2022,Stanbic Holdings — Investor Relations,https://www.stanbicbank.co.ke/kenya/personal/about-us/investor-relations,https://www.stanbicbank.co.ke/static_file/Kenya/Downloadable files/Stanbic Bank Limited/Financials/2023/Stanbic Bank AFS 31 December 2022_signed.pdf,linked from issuer page,application/pdf (inferred from source link),Issuer website,
NSE-00636,Stanbic Holdings PLC,SBIC,Annual / full-year,Financial results / statements,,Stanbic Holdings — Investor Relations,https://www.stanbicbank.co.ke/kenya/personal/about-us/investor-relations,https://www.stanbicbank.co.ke/static_file/Kenya/Downloadable files/Stanbic Bank Limited/Financials/2023/Stanbic Bank - upload to website.pdf,linked from issuer page,application/pdf (inferred from source link),Issuer website,
NSE-00637,Stanbic Holdings PLC,SBIC,Quarterly,Financial results / statements,2022,Stanbic Holdings — Investor Relations,https://www.stanbicbank.co.ke/kenya/personal/about-us/investor-relations,https://www.stanbicbank.co.ke/static_file/Kenya/Downloadable files/Stanbic Bank Limited/Financials/2022/STANBIC - Q3 Financials Print --approved on 24th November.pdf,linked from issuer page,application/pdf (inferred from source link),Issuer website,
NSE-00638,Stanbic Holdings PLC,SBIC,Semi-annual / half-year,Financial results / statements,,Stanbic Holdings — Investor Relations,https://www.stanbicbank.co.ke/kenya/personal/about-us/investor-relations,https://www.stanbicbank.co.ke/static_file/Kenya/Downloadable files/Stanbic Bank Limited/Financials/2022/H1/StanbicBankH1_2022Results.pdf,linked from issuer page,application/pdf (inferred from source link),Issuer website,
NSE-00639,Stanbic Holdings PLC,SBIC,Quarterly,Financial results / statements,2022,Stanbic Holdings — Investor Relations,https://www.stanbicbank.co.ke/kenya/personal/about-us/investor-relations,https://www.stanbicbank.co.ke/static_file/Kenya/Downloadable files/Stanbic Bank Limited/Financials/2022/Q1_March_2022.pdf,linked from issuer page,application/pdf (inferred from source link),Issuer website,
NSE-00640,Stanbic Holdings PLC,SBIC,Annual / full-year,Financial results / statements,2021,Stanbic Holdings — Investor Relations,https://www.stanbicbank.co.ke/kenya/personal/about-us/investor-relations,https://www.stanbicbank.co.ke/static_file/Kenya/Downloadable files/Stanbic Bank Limited/StanbicBankAFS31December2021-Final.pdf,linked from issuer page,application/pdf (inferred from source link),Issuer website,
NSE-00641,Stanbic Holdings PLC,SBIC,Annual / full-year,Financial results / statements,,Stanbic Holdings — Investor Relations,https://www.stanbicbank.co.ke/kenya/personal/about-us/investor-relations,https://www.stanbicbank.co.ke/static_file/Kenya/Downloadable files/Stanbic Bank Limited/Financials/2022/Stanbic Bank Kenya Limited Financial Results 31 December 2021.pdf,linked from issuer page,application/pdf (inferred from source link),Issuer website,
NSE-00642,Stanbic Holdings PLC,SBIC,Quarterly,Financial results / statements,2021,Stanbic Holdings — Investor Relations,https://www.stanbicbank.co.ke/kenya/personal/about-us/investor-relations,https://www.stanbicbank.co.ke/static_file/Kenya/Downloadable files/Stanbic Bank Limited/Financials/2021/SBKQ32021.pdf,linked from issuer page,application/pdf (inferred from source link),Issuer website,
NSE-00643,Stanbic Holdings PLC,SBIC,Semi-annual / half-year,Financial results / statements,,Stanbic Holdings — Investor Relations,https://www.stanbicbank.co.ke/kenya/personal/about-us/investor-relations,https://www.stanbicbank.co.ke/static_file/Kenya/Downloadable files/Stanbic Bank Limited/Financials/2021/Interim/Stanbic Bank 2021 half year results.pdf,linked from issuer page,application/pdf (inferred from source link),Issuer website,
NSE-00644,Stanbic Holdings PLC,SBIC,Quarterly,Financial results / statements,2021,Stanbic Holdings — Investor Relations,https://www.stanbicbank.co.ke/kenya/personal/about-us/investor-relations,https://www.stanbicbank.co.ke/static_file/Kenya/Downloadable files/Stanbic Bank Limited/Financials/2021/Stanbic Bank Quarter 1 2021 Financials.pdf,linked from issuer page,application/pdf (inferred from source link),Issuer website,
NSE-00645,Stanbic Holdings PLC,SBIC,Annual / full-year,Financial results / statements,2020,Stanbic Holdings — Investor Relations,https://www.stanbicbank.co.ke/kenya/personal/about-us/investor-relations,https://www.stanbicbank.co.ke/static_file/Kenya/Downloadable files/Stanbic Bank Limited/Financials/2020/Stanbic Bank Kenya Limited Audited Financial Statements 31 December 2020.pdf,linked from issuer page,application/pdf (inferred from source link),Issuer website,
NSE-00646,Stanbic Holdings PLC,SBIC,Annual / full-year,Financial results / statements,,Stanbic Holdings — Investor Relations,https://www.stanbicbank.co.ke/kenya/personal/about-us/investor-relations,https://www.stanbicbank.co.ke/static_file/Kenya/Downloadable files/Stanbic Bank Limited/Financials/2020/Stanbic Bank Feb 2020 Financials full.pdf,linked from issuer page,application/pdf (inferred from source link),Issuer website,
NSE-00647,Stanbic Holdings PLC,SBIC,Quarterly,Financial results / statements,2020,Stanbic Holdings — Investor Relations,https://www.stanbicbank.co.ke/kenya/personal/about-us/investor-relations,https://www.stanbicbank.co.ke/static_file/Kenya/Downloadable files/Stanbic Bank Limited/Financials/StanbicQ3FinancialsSep2020.pdf,linked from issuer page,application/pdf (inferred from source link),Issuer website,
NSE-00648,Stanbic Holdings PLC,SBIC,Semi-annual / half-year,Financial results / statements,,Stanbic Holdings — Investor Relations,https://www.stanbicbank.co.ke/kenya/personal/about-us/investor-relations,https://www.stanbicbank.co.ke/static_file/Kenya/Downloadable files/Results and Reports/SBK2020Half1Results.pdf,linked from issuer page,application/pdf (inferred from source link),Issuer website,
NSE-00649,Stanbic Holdings PLC,SBIC,Quarterly,Financial results / statements,,Stanbic Holdings — Investor Relations,https://www.stanbicbank.co.ke/kenya/personal/about-us/investor-relations,https://www.stanbicbank.co.ke/static_file/Kenya/Downloadable files/Stanbic Bank Limited/Financials/SBK2020Q1Results.pdf,linked from issuer page,application/pdf (inferred from source link),Issuer website,
NSE-00650,Stanbic Holdings PLC,SBIC,Annual / full-year,Financial results / statements,2019,Stanbic Holdings — Investor Relations,https://www.stanbicbank.co.ke/kenya/personal/about-us/investor-relations,https://www.stanbicbank.co.ke/static_file/Kenya/Downloadable files/Stanbic Bank Limited/Financials/SBKAFStatements2019Final.pdf,linked from issuer page,application/pdf (inferred from source link),Issuer website,
NSE-00651,Stanbic Holdings PLC,SBIC,Annual / full-year,Financial results / statements,,Stanbic Holdings — Investor Relations,https://www.stanbicbank.co.ke/kenya/personal/about-us/investor-relations,https://www.stanbicbank.co.ke/static_file/Kenya/Downloadable files/Stanbic Bank Limited/Financials/2019SBKFullYearResults.pdf,linked from issuer page,application/pdf (inferred from source link),Issuer website,
NSE-00652,Stanbic Holdings PLC,SBIC,Quarterly,Financial results / statements,2019,Stanbic Holdings — Investor Relations,https://www.stanbicbank.co.ke/kenya/personal/about-us/investor-relations,https://www.stanbicbank.co.ke/static_file/Kenya/Downloadable files/Stanbic Bank Limited/Financials/SBK2019Q3Financials.pdf,linked from issuer page,application/pdf (inferred from source link),Issuer website,
NSE-00653,Stanbic Holdings PLC,SBIC,Semi-annual / half-year,Financial results / statements,,Stanbic Holdings — Investor Relations,https://www.stanbicbank.co.ke/kenya/personal/about-us/investor-relations,https://www.stanbicbank.co.ke/static_file/Kenya/Downloadable files/Stanbic Bank Limited/Financials/SBKL2019HalfYearResults.pdf,linked from issuer page,application/pdf (inferred from source link),Issuer website,
NSE-00654,Stanbic Holdings PLC,SBIC,Quarterly,Financial results / statements,2019,Stanbic Holdings — Investor Relations,https://www.stanbicbank.co.ke/kenya/personal/about-us/investor-relations,https://www.stanbicbank.co.ke/static_file/Kenya/Downloadable files/Stanbic Bank Limited/Financials/SBK2019Quater1Results.pdf,linked from issuer page,application/pdf (inferred from source link),Issuer website,
NSE-00655,Stanbic Holdings PLC,SBIC,Annual / full-year,Financial results / statements,2018,Stanbic Holdings — Investor Relations,https://www.stanbicbank.co.ke/kenya/personal/about-us/investor-relations,https://www.stanbicbank.co.ke/static_file/Kenya/Downloadable files/Stanbic Bank Limited/Financials/StanbicBankAFS31December2018.pdf,linked from issuer page,application/pdf (inferred from source link),Issuer website,
NSE-00656,Stanbic Holdings PLC,SBIC,Annual / full-year,Financial results / statements,,Stanbic Holdings — Investor Relations,https://www.stanbicbank.co.ke/kenya/personal/about-us/investor-relations,https://www.stanbicbank.co.ke/static_file/Kenya/Downloadable files/Stanbic Bank Limited/Financials/StanbicBank2018FullYearResults.PDF,linked from issuer page,application/pdf (inferred from source link),Issuer website,
NSE-00657,Stanbic Holdings PLC,SBIC,Annual / full-year,Financial results / statements,,Stanbic Holdings — Investor Relations,https://www.stanbicbank.co.ke/kenya/personal/about-us/investor-relations,https://www.stanbicbank.co.ke/static_file/Kenya/Downloadable files/Stanbic Bank Limited/Financials/SBKSS2018FullYearResults.pdf,linked from issuer page,application/pdf (inferred from source link),Issuer website,
NSE-00658,Stanbic Holdings PLC,SBIC,Quarterly,Financial results / statements,2018,Stanbic Holdings — Investor Relations,https://www.stanbicbank.co.ke/kenya/personal/about-us/investor-relations,https://www.stanbicbank.co.ke/static_file/Kenya/Downloadable files/Stanbic Bank Limited/Financials/StanbicBank2018Q3Finanacials.pdf,linked from issuer page,application/pdf (inferred from source link),Issuer website,
NSE-00659,Stanbic Holdings PLC,SBIC,Semi-annual / half-year,Financial results / statements,,Stanbic Holdings — Investor Relations,https://www.stanbicbank.co.ke/kenya/personal/about-us/investor-relations,https://www.stanbicbank.co.ke/static_file/Kenya/Downloadable files/Stanbic Bank Limited/Financials/StanbicBankLtdHalfYearFinancials2018.pdf,linked from issuer page,application/pdf (inferred from source link),Issuer website,
NSE-00660,Stanbic Holdings PLC,SBIC,Quarterly,Financial results / statements,,Stanbic Holdings — Investor Relations,https://www.stanbicbank.co.ke/kenya/personal/about-us/investor-relations,https://www.stanbicbank.co.ke/static_file/Kenya/Downloadable files/Stanbic Bank Limited/Financials/StanbicBankQuater12018Financials.pdf,linked from issuer page,application/pdf (inferred from source link),Issuer website,
NSE-00661,Stanbic Holdings PLC,SBIC,Annual / full-year,Financial results / statements,2017,Stanbic Holdings — Investor Relations,https://www.stanbicbank.co.ke/kenya/personal/about-us/investor-relations,https://www.stanbicbank.co.ke/static_file/Kenya/Downloadable files/Stanbic Bank Limited/Financials/Stanbic_Bank_South_Sudan_2017_AnnualFinancialStatements.pdf,linked from issuer page,application/pdf (inferred from source link),Issuer website,
NSE-00662,Stanbic Holdings PLC,SBIC,Annual / full-year,Financial results / statements,2017,Stanbic Holdings — Investor Relations,https://www.stanbicbank.co.ke/kenya/personal/about-us/investor-relations,https://www.stanbicbank.co.ke/static_file/Kenya/Downloadable files/Stanbic Bank Limited/Financials/StanbicBankKenya LtdAuditedFinancial Statements31December2017.pdf,linked from issuer page,application/pdf (inferred from source link),Issuer website,
NSE-00663,Stanbic Holdings PLC,SBIC,Annual / full-year,Financial results / statements,,Stanbic Holdings — Investor Relations,https://www.stanbicbank.co.ke/kenya/personal/about-us/investor-relations,https://www.stanbicbank.co.ke/static_file/Kenya/Downloadable files/Stanbic Bank Limited/Financials/StanbicBank2017FullYearResults.PDF,linked from issuer page,application/pdf (inferred from source link),Issuer website,
NSE-00664,Stanbic Holdings PLC,SBIC,Quarterly,Financial results / statements,2017,Stanbic Holdings — Investor Relations,https://www.stanbicbank.co.ke/kenya/personal/about-us/investor-relations,https://www.stanbicbank.co.ke/static_file/Kenya/Downloadable files/Stanbic Bank Limited/Financials/StanbicBank2017Q3Financials.pdf,linked from issuer page,application/pdf (inferred from source link),Issuer website,
NSE-00665,Stanbic Holdings PLC,SBIC,Semi-annual / half-year,Financial results / statements,,Stanbic Holdings — Investor Relations,https://www.stanbicbank.co.ke/kenya/personal/about-us/investor-relations,https://www.stanbicbank.co.ke/static_file/Kenya/Downloadable files/Stanbic Bank Limited/Financials/StanbicBank2017HalfYearResults.pdf,linked from issuer page,application/pdf (inferred from source link),Issuer website,
NSE-00666,Stanbic Holdings PLC,SBIC,Quarterly,Financial results / statements,2017,Stanbic Holdings — Investor Relations,https://www.stanbicbank.co.ke/kenya/personal/about-us/investor-relations,https://www.stanbicbank.co.ke/static_file/Kenya/Downloadable files/Stanbic Bank Limited/Financials/StanbicBank2017Q1Financials.pdf,linked from issuer page,application/pdf (inferred from source link),Issuer website,
NSE-00667,Stanbic Holdings PLC,SBIC,Annual / full-year,Financial results / statements,2016,Stanbic Holdings — Investor Relations,https://www.stanbicbank.co.ke/kenya/personal/about-us/investor-relations,https://www.stanbicbank.co.ke/static_file/Kenya/Downloadable files/Stanbic Bank Limited/Financials/StanbicBankKenyaLtd2016FinancialStatements.pdf,linked from issuer page,application/pdf (inferred from source link),Issuer website,
NSE-00668,Stanbic Holdings PLC,SBIC,Annual / full-year,Financial results / statements,,Stanbic Holdings — Investor Relations,https://www.stanbicbank.co.ke/kenya/personal/about-us/investor-relations,https://www.stanbicbank.co.ke/static_file/Kenya/Downloadable files/Stanbic Bank Limited/Financials/StanbicBank2016FYResults.PDF,linked from issuer page,application/pdf (inferred from source link),Issuer website,
NSE-00669,Stanbic Holdings PLC,SBIC,Semi-annual / half-year,Financial results / statements,,Stanbic Holdings — Investor Relations,https://www.stanbicbank.co.ke/kenya/personal/about-us/investor-relations,https://www.stanbicbank.co.ke/static_file/Kenya/Downloadable files/Stanbic Bank Limited/Financials/CfCStanbicBank2016HalfYearFinancials.pdf,linked from issuer page,application/pdf (inferred from source link),Issuer website,
NSE-00670,Stanbic Holdings PLC,SBIC,Quarterly,Financial results / statements,2016,Stanbic Holdings — Investor Relations,https://www.stanbicbank.co.ke/kenya/personal/about-us/investor-relations,https://www.stanbicbank.co.ke/static_file/Kenya/Downloadable files/Stanbic Bank Limited/Financials/CSBQ1FinancialStatements2016.pdf,linked from issuer page,application/pdf (inferred from source link),Issuer website,
NSE-00671,Stanbic Holdings PLC,SBIC,Quarterly,Financial results / statements,2016,Stanbic Holdings — Investor Relations,https://www.stanbicbank.co.ke/kenya/personal/about-us/investor-relations,https://www.stanbicbank.co.ke/static_file/Kenya/Downloadable files/Stanbic Bank Limited/Financials/StanbicBank2016Q3Results.pdf,linked from issuer page,application/pdf (inferred from source link),Issuer website,
NSE-00672,Stanbic Holdings PLC,SBIC,Quarterly,Results announcement / commentary,,Stanbic Holdings — Investor Relations,https://www.stanbicbank.co.ke/kenya/personal/about-us/investor-relations,https://www.stanbicbank.co.ke/static_file/Kenya/Downloadable files/Stanbic Bank Limited/Financials/StanbicBank2016Q3FinancialsCommentary.pdf,linked from issuer page,application/pdf (inferred from source link),Issuer website,
NSE-00673,Stanbic Holdings PLC,SBIC,Annual / full-year,Annual report,2015,Stanbic Holdings — Investor Relations,https://www.stanbicbank.co.ke/kenya/personal/about-us/investor-relations,https://www.stanbicbank.co.ke/static_file/Kenya/Downloadable files/Stanbic Bank Limited/Financials/CfCStanbicBankAnnualReport2015.pdf,linked from issuer page,application/pdf (inferred from source link),Issuer website,
NSE-00674,Stanbic Holdings PLC,SBIC,Annual / full-year,Financial results / statements,2015,Stanbic Holdings — Investor Relations,https://www.stanbicbank.co.ke/kenya/personal/about-us/investor-relations,https://www.stanbicbank.co.ke/static_file/Kenya/Downloadable files/Stanbic Bank Limited/Financials/CSB2015FinancialStatements.pdf,linked from issuer page,application/pdf (inferred from source link),Issuer website,
NSE-00675,Stanbic Holdings PLC,SBIC,Quarterly,Financial results / statements,2015,Stanbic Holdings — Investor Relations,https://www.stanbicbank.co.ke/kenya/personal/about-us/investor-relations,https://www.stanbicbank.co.ke/static_file/Kenya/Downloadable files/Stanbic Bank Limited/Financials/CfCStanbicBank2015EndYearResults.pdf,linked from issuer page,application/pdf (inferred from source link),Issuer website,
NSE-00676,Stanbic Holdings PLC,SBIC,Semi-annual / half-year,Financial results / statements,,Stanbic Holdings — Investor Relations,https://www.stanbicbank.co.ke/kenya/personal/about-us/investor-relations,https://www.stanbicbank.co.ke/static_file/Kenya/Downloadable files/Stanbic Bank Limited/Financials/CSBHalfYearFinancials2015.pdf,linked from issuer page,application/pdf (inferred from source link),Issuer website,
NSE-00677,Stanbic Holdings PLC,SBIC,Quarterly,Financial results / statements,2015,Stanbic Holdings — Investor Relations,https://www.stanbicbank.co.ke/kenya/personal/about-us/investor-relations,https://www.stanbicbank.co.ke/static_file/Kenya/Downloadable files/Stanbic Bank Limited/Financials/CfCStanbicBank2015Q1Results.pdf,linked from issuer page,application/pdf (inferred from source link),Issuer website,
NSE-00678,Stanbic Holdings PLC,SBIC,Semi-annual / half-year,Financial results / statements,2026,Stanbic Holdings — Investor Relations,https://www.stanbicbank.co.ke/kenya/personal/about-us/investor-relations,https://www.stanbicbank.co.ke/static_file/Kenya/Downloadable files/SBG Securities/2026/SBG Securities Financials H1 2026.pdf,linked from issuer page,application/pdf (inferred from source link),Issuer website,
NSE-00679,Stanbic Holdings PLC,SBIC,Annual / full-year,Financial results / statements,2025,Stanbic Holdings — Investor Relations,https://www.stanbicbank.co.ke/kenya/personal/about-us/investor-relations,https://www.stanbicbank.co.ke/static_file/Kenya/Downloadable files/Stanbic Holdings PLC/Financials/2026/SBG Securities Financials.pdf,linked from issuer page,application/pdf (inferred from source link),Issuer website,
NSE-00680,Stanbic Holdings PLC,SBIC,Semi-annual / half-year,Financial results / statements,2025,Stanbic Holdings — Investor Relations,https://www.stanbicbank.co.ke/kenya/personal/about-us/investor-relations,https://www.stanbicbank.co.ke/static_file/Kenya/Downloadable files/SBG Securities/2025/SBG Securities H1 2025 Financial Results.pdf,linked from issuer page,application/pdf (inferred from source link),Issuer website,
NSE-00681,Stanbic Holdings PLC,SBIC,Annual / full-year,Financial results / statements,2024,Stanbic Holdings — Investor Relations,https://www.stanbicbank.co.ke/kenya/personal/about-us/investor-relations,https://www.stanbicbank.co.ke/static_file/Kenya/Downloadable files/SBG Securities/2025/SBG Securities Financials 2024.pdf,linked from issuer page,application/pdf (inferred from source link),Issuer website,
NSE-00682,Stanbic Holdings PLC,SBIC,Semi-annual / half-year,Financial results / statements,2024,Stanbic Holdings — Investor Relations,https://www.stanbicbank.co.ke/kenya/personal/about-us/investor-relations,https://www.stanbicbank.co.ke/static_file/Kenya/Downloadable files/SBG Securities/2024/SBG Securities Financials H1 2024.pdf,linked from issuer page,application/pdf (inferred from source link),Issuer website,
NSE-00683,Stanbic Holdings PLC,SBIC,Annual / full-year,Financial results / statements,2023,Stanbic Holdings — Investor Relations,https://www.stanbicbank.co.ke/kenya/personal/about-us/investor-relations,https://www.stanbicbank.co.ke/static_file/Kenya/Downloadable files/SBG Securities/2024/SBG Securities results.pdf,linked from issuer page,application/pdf (inferred from source link),Issuer website,
NSE-00684,Stanbic Holdings PLC,SBIC,Semi-annual / half-year,Financial results / statements,2023,Stanbic Holdings — Investor Relations,https://www.stanbicbank.co.ke/kenya/personal/about-us/investor-relations,https://www.stanbicbank.co.ke/static_file/Kenya/Downloadable files/SBG Securities/2023/Stanbic SBG Securities.pdf,linked from issuer page,application/pdf (inferred from source link),Issuer website,
NSE-00685,Stanbic Holdings PLC,SBIC,Annual / full-year,Financial results / statements,2022,Stanbic Holdings — Investor Relations,https://www.stanbicbank.co.ke/kenya/personal/about-us/investor-relations,https://www.stanbicbank.co.ke/static_file/Kenya/Downloadable files/SBG Securities/2023/SBG Securities.pdf,linked from issuer page,application/pdf (inferred from source link),Issuer website,
NSE-00686,Stanbic Holdings PLC,SBIC,Semi-annual / half-year,Financial results / statements,2021,Stanbic Holdings — Investor Relations,https://www.stanbicbank.co.ke/kenya/personal/about-us/investor-relations,https://www.stanbicbank.co.ke/static_file/Kenya/Downloadable files/SBG Securities/2021/SBG Securities 2021 Half Year Results.pdf,linked from issuer page,application/pdf (inferred from source link),Issuer website,
NSE-00687,Stanbic Holdings PLC,SBIC,Annual / full-year,Financial results / statements,2020,Stanbic Holdings — Investor Relations,https://www.stanbicbank.co.ke/kenya/personal/about-us/investor-relations,https://www.stanbicbank.co.ke/static_file/Kenya/Downloadable files/SBG Securities/2020/SBG Securities Kenya - 2020FullYearFinancials.pdf,linked from issuer page,application/pdf (inferred from source link),Issuer website,
NSE-00688,Stanbic Holdings PLC,SBIC,Annual / full-year,Financial results / statements,2020,Stanbic Holdings — Investor Relations,https://www.stanbicbank.co.ke/kenya/personal/about-us/investor-relations,https://www.stanbicbank.co.ke/static_file/Kenya/Downloadable files/SBG Securities/2020/SBG Securities - Uganda Branch 2020FullYearFinancials.pdf,linked from issuer page,application/pdf (inferred from source link),Issuer website,
NSE-00689,Stanbic Holdings PLC,SBIC,Semi-annual / half-year,Financial results / statements,2020,Stanbic Holdings — Investor Relations,https://www.stanbicbank.co.ke/kenya/personal/about-us/investor-relations,https://www.stanbicbank.co.ke/static_file/Kenya/Downloadable files/Results and Reports/SBGS2020Half1Results.pdf,linked from issuer page,application/pdf (inferred from source link),Issuer website,
NSE-00690,Stanbic Holdings PLC,SBIC,Annual / full-year,Financial results / statements,2019,Stanbic Holdings — Investor Relations,https://www.stanbicbank.co.ke/kenya/personal/about-us/investor-relations,https://www.stanbicbank.co.ke/static_file/Kenya/Downloadable files/SBG Securities/2019SBGSFullYearResults.pdf,linked from issuer page,application/pdf (inferred from source link),Issuer website,
NSE-00691,Stanbic Holdings PLC,SBIC,Semi-annual / half-year,Financial results / statements,2019,Stanbic Holdings — Investor Relations,https://www.stanbicbank.co.ke/kenya/personal/about-us/investor-relations,https://www.stanbicbank.co.ke/static_file/Kenya/Downloadable files/SBG Securities/SBGSecurities2019HalfYearResults.pdf,linked from issuer page,application/pdf (inferred from source link),Issuer website,
NSE-00692,Stanbic Holdings PLC,SBIC,Annual / full-year,Financial results / statements,2018,Stanbic Holdings — Investor Relations,https://www.stanbicbank.co.ke/kenya/personal/about-us/investor-relations,https://www.stanbicbank.co.ke/static_file/Kenya/Downloadable files/SBG Securities/SBGSecurities2018FullYearResults.pdf,linked from issuer page,application/pdf (inferred from source link),Issuer website,
NSE-00693,Stanbic Holdings PLC,SBIC,Semi-annual / half-year,Financial results / statements,2018,Stanbic Holdings — Investor Relations,https://www.stanbicbank.co.ke/kenya/personal/about-us/investor-relations,https://www.stanbicbank.co.ke/static_file/Kenya/Downloadable files/SBG Securities/SBGSecuritiesHalfYearFinancials2018.pdf,linked from issuer page,application/pdf (inferred from source link),Issuer website,
NSE-00694,Stanbic Holdings PLC,SBIC,Annual / full-year,Financial results / statements,2017,Stanbic Holdings — Investor Relations,https://www.stanbicbank.co.ke/kenya/personal/about-us/investor-relations,https://www.stanbicbank.co.ke/static_file/Kenya/Downloadable files/SBG Securities/SBGSecurities2017FullYearResults.PDF,linked from issuer page,application/pdf (inferred from source link),Issuer website,
NSE-00695,Stanbic Holdings PLC,SBIC,Semi-annual / half-year,Financial results / statements,2017,Stanbic Holdings — Investor Relations,https://www.stanbicbank.co.ke/kenya/personal/about-us/investor-relations,https://www.stanbicbank.co.ke/static_file/Kenya/Downloadable files/SBG Securities/SBGSecurities2017halfYearResults.pdf,linked from issuer page,application/pdf (inferred from source link),Issuer website,
NSE-00696,Stanbic Holdings PLC,SBIC,Semi-annual / half-year,Financial results / statements,2016,Stanbic Holdings — Investor Relations,https://www.stanbicbank.co.ke/kenya/personal/about-us/investor-relations,https://www.stanbicbank.co.ke/static_file/Kenya/Downloadable files/SBG Securities/SBGSecurities2016HalyYearFinancials.PDF,linked from issuer page,application/pdf (inferred from source link),Issuer website,
NSE-00697,Stanbic Holdings PLC,SBIC,Semi-annual / half-year,Financial results / statements,2015,Stanbic Holdings — Investor Relations,https://www.stanbicbank.co.ke/kenya/personal/about-us/investor-relations,https://www.stanbicbank.co.ke/static_file/Kenya/Downloadable files/SBG Securities/SBGHalfYearFinancials2015.pdf,linked from issuer page,application/pdf (inferred from source link),Issuer website,
NSE-00698,Diamond Trust Bank Kenya PLC,DTK,Quarterly,Periodic results material,2026,DTB — Quarterly Financial Reports,https://dtbk.dtbafrica.com/quarterly-financial-reports,https://dtbk.dtbafrica.com/storage/uploads/e0a928bd-1b84-4e66-899f-cbac2c2d2cff/DTB-H1-Financial-Results.pdf,linked from issuer page,application/pdf (inferred from source link),Issuer website,
NSE-00699,Diamond Trust Bank Kenya PLC,DTK,Quarterly,Periodic results material,2026,DTB — Quarterly Financial Reports,https://dtbk.dtbafrica.com/quarterly-financial-reports,https://dtbk.dtbafrica.com/storage/uploads/2ee883f6-b7ff-474a-b09c-156fe21935ce/Final-outlined-DTB-Unaudited-Group-and-Bank-Q1-2026-Results.pdf,linked from issuer page,application/pdf (inferred from source link),Issuer website,
NSE-00700,Diamond Trust Bank Kenya PLC,DTK,Quarterly,Periodic results material,2025,DTB — Quarterly Financial Reports,https://dtbk.dtbafrica.com/quarterly-financial-reports,https://dtbk.dtbafrica.com/storage/uploads/59d7f3c0-8899-4f9d-955d-158ccb6cb9d0/2025-FINANCIAL-STATEMENTS_OUTLINED.pdf,linked from issuer page,application/pdf (inferred from source link),Issuer website,
NSE-00701,Diamond Trust Bank Kenya PLC,DTK,Quarterly,Periodic results material,2025,DTB — Quarterly Financial Reports,https://dtbk.dtbafrica.com/quarterly-financial-reports,https://dtbk.dtbafrica.com/storage/uploads/2c196f5f-e217-4e72-a29d-245f6362927c/Q3-financials-Outlined-final.pdf,linked from issuer page,application/pdf (inferred from source link),Issuer website,
NSE-00702,Diamond Trust Bank Kenya PLC,DTK,Quarterly,Periodic results material,2025,DTB — Quarterly Financial Reports,https://dtbk.dtbafrica.com/quarterly-financial-reports,https://dtbk.dtbafrica.com/storage/uploads/9ee2f315-4fc0-495b-8b36-6a0214c62401/Q2-financials-2025_final.pdf,linked from issuer page,application/pdf (inferred from source link),Issuer website,
NSE-00703,Diamond Trust Bank Kenya PLC,DTK,Quarterly,Periodic results material,2025,DTB — Quarterly Financial Reports,https://dtbk.dtbafrica.com/quarterly-financial-reports,https://dtbk.dtbafrica.com/storage/uploads/f8b37615-0811-462c-91e1-130b85314fd6/DTB-Kenya-Limited-Unaudited-Group-And-Bank-Results-March-2025.pdf,linked from issuer page,application/pdf (inferred from source link),Issuer website,
NSE-00704,Diamond Trust Bank Kenya PLC,DTK,Quarterly,Periodic results material,2024,DTB — Quarterly Financial Reports,https://dtbk.dtbafrica.com/quarterly-financial-reports,https://dtbk.dtbafrica.com/storage/uploads/8b5eada2-4199-462c-804a-b60a57d8afc3/Q4-financials-Outlined.pdf,linked from issuer page,application/pdf (inferred from source link),Issuer website,
NSE-00705,Diamond Trust Bank Kenya PLC,DTK,Quarterly,Periodic results material,2024,DTB — Quarterly Financial Reports,https://dtbk.dtbafrica.com/quarterly-financial-reports,https://dtbk.dtbafrica.com/storage/uploads/b3c4ad84-82bd-4849-9a45-86454d178063/Q3-financials-final-(1).pdf,linked from issuer page,application/pdf (inferred from source link),Issuer website,
NSE-00706,Diamond Trust Bank Kenya PLC,DTK,Quarterly,Periodic results material,2024,DTB — Quarterly Financial Reports,https://dtbk.dtbafrica.com/quarterly-financial-reports,https://dtbk.dtbafrica.com/storage/uploads/8ad499a7-01f8-448c-be9c-8814625306fa/Q2-financials-final.pdf,linked from issuer page,application/pdf (inferred from source link),Issuer website,
NSE-00707,Diamond Trust Bank Kenya PLC,DTK,Quarterly,Periodic results material,2024,DTB — Quarterly Financial Reports,https://dtbk.dtbafrica.com/quarterly-financial-reports,https://dtbk.dtbafrica.com/storage/uploads/cacb0055-77a0-4806-8a95-d8233e597746/Q1-financials-DTB-270524_0.pdf,linked from issuer page,application/pdf (inferred from source link),Issuer website,
NSE-00708,Diamond Trust Bank Kenya PLC,DTK,Quarterly,Periodic results material,2023,DTB — Quarterly Financial Reports,https://dtbk.dtbafrica.com/quarterly-financial-reports,https://dtbk.dtbafrica.com/storage/uploads/a520e413-fb23-4bb0-b7ac-bf3b9e61de41/Q4-Finanicals-2-222103.pdf,linked from issuer page,application/pdf (inferred from source link),Issuer website,
NSE-00709,Diamond Trust Bank Kenya PLC,DTK,Quarterly,Periodic results material,2023,DTB — Quarterly Financial Reports,https://dtbk.dtbafrica.com/quarterly-financial-reports,https://dtbk.dtbafrica.com/storage/uploads/c4dac9a4-83c3-4c37-9131-e82f8a4ddba5/DTB-Q3-Financials-DN-Final.pdf,linked from issuer page,application/pdf (inferred from source link),Issuer website,
NSE-00710,Diamond Trust Bank Kenya PLC,DTK,Quarterly,Periodic results material,2023,DTB — Quarterly Financial Reports,https://dtbk.dtbafrica.com/quarterly-financial-reports,https://dtbk.dtbafrica.com/storage/uploads/5b35ac92-8751-4aad-bedd-97fc16cb3fcd/Financials---Q2-2023---Web.pdf,linked from issuer page,application/pdf (inferred from source link),Issuer website,
NSE-00711,Diamond Trust Bank Kenya PLC,DTK,Quarterly,Periodic results material,2023,DTB — Quarterly Financial Reports,https://dtbk.dtbafrica.com/quarterly-financial-reports,https://dtbk.dtbafrica.com/storage/uploads/8a0faf33-7911-461b-8aaf-8986bc752564/Q1-PRINT-NATION-Financials_-(1).pdf,linked from issuer page,application/pdf (inferred from source link),Issuer website,
NSE-00712,Diamond Trust Bank Kenya PLC,DTK,Quarterly,Periodic results material,2022,DTB — Quarterly Financial Reports,https://dtbk.dtbafrica.com/quarterly-financial-reports,https://dtbk.dtbafrica.com/storage/uploads/e9edd36a-5ccf-44d9-9190-3066be416541/DTB-Financials_PRINT.pdf,linked from issuer page,application/pdf (inferred from source link),Issuer website,
NSE-00713,Diamond Trust Bank Kenya PLC,DTK,Quarterly,Periodic results material,2022,DTB — Quarterly Financial Reports,https://dtbk.dtbafrica.com/quarterly-financial-reports,https://dtbk.dtbafrica.com/storage/uploads/af6280f4-4af3-42ec-9c97-186a31599099/Q3-2022-print.pdf,linked from issuer page,application/pdf (inferred from source link),Issuer website,
NSE-00714,Diamond Trust Bank Kenya PLC,DTK,Semi-annual / half-year,Periodic results material,2022,DTB — Quarterly Financial Reports,https://dtbk.dtbafrica.com/quarterly-financial-reports,https://dtbk.dtbafrica.com/storage/uploads/0fc00a2d-bb7a-4473-a63b-7495859bb741/Financials-June-2022.pdf,linked from issuer page,application/pdf (inferred from source link),Issuer website,
NSE-00715,Diamond Trust Bank Kenya PLC,DTK,Quarterly,Periodic results material,2022,DTB — Quarterly Financial Reports,https://dtbk.dtbafrica.com/quarterly-financial-reports,https://dtbk.dtbafrica.com/storage/uploads/39c1e97d-0a15-4d0c-b70b-aff08754a3c8/Q1-Financials-2022-V2---For-print.pdf,linked from issuer page,application/pdf (inferred from source link),Issuer website,
NSE-00716,Diamond Trust Bank Kenya PLC,DTK,Quarterly,Periodic results material,2021,DTB — Quarterly Financial Reports,https://dtbk.dtbafrica.com/quarterly-financial-reports,https://dtbk.dtbafrica.com/storage/uploads/5935a36f-2a82-4e3d-ad36-925c327f4ab2/DTB---FY-Dec-2021-Financials.pdf,linked from issuer page,application/pdf (inferred from source link),Issuer website,
NSE-00717,Diamond Trust Bank Kenya PLC,DTK,Semi-annual / half-year,Periodic results material,2021,DTB — Quarterly Financial Reports,https://dtbk.dtbafrica.com/quarterly-financial-reports,https://dtbk.dtbafrica.com/storage/uploads/c597f2fa-1f70-4269-a451-b8f5282dae41/Financials-June-2021-Outlined.pdf,linked from issuer page,application/pdf (inferred from source link),Issuer website,
NSE-00718,Diamond Trust Bank Kenya PLC,DTK,Quarterly,Periodic results material,2021,DTB — Quarterly Financial Reports,https://dtbk.dtbafrica.com/quarterly-financial-reports,https://dtbk.dtbafrica.com/storage/uploads/56e05eb8-8a51-43d3-9f5f-4a4a64f67317/Q1-Financials-Outlined.pdf,linked from issuer page,application/pdf (inferred from source link),Issuer website,
NSE-00719,Diamond Trust Bank Kenya PLC,DTK,Quarterly,Periodic results material,2020,DTB — Quarterly Financial Reports,https://dtbk.dtbafrica.com/quarterly-financial-reports,https://dtbk.dtbafrica.com/storage/uploads/77d0a1bf-dd11-444a-9796-eeb0f4defb5e/DTB-Full-Year-Financials---FINAL.pdf,linked from issuer page,application/pdf (inferred from source link),Issuer website,
NSE-00720,Diamond Trust Bank Kenya PLC,DTK,Quarterly,Periodic results material,2020,DTB — Quarterly Financial Reports,https://dtbk.dtbafrica.com/quarterly-financial-reports,https://dtbk.dtbafrica.com/storage/uploads/28540a3d-ab41-4ebf-8d19-d352f4236c07/DTB-Kenya-Financials---Q3-2020.pdf,linked from issuer page,application/pdf (inferred from source link),Issuer website,
NSE-00721,Diamond Trust Bank Kenya PLC,DTK,Semi-annual / half-year,Periodic results material,2020,DTB — Quarterly Financial Reports,https://dtbk.dtbafrica.com/quarterly-financial-reports,https://dtbk.dtbafrica.com/storage/uploads/1b866579-5221-4aed-ae21-ffd9b1bd48c8/Diamond-Trust-Bank-Ltd---Unaudited-Group-and-Bank-Results-for-the-period-ended-30th-June--2020.pdf,linked from issuer page,application/pdf (inferred from source link),Issuer website,
NSE-00722,Diamond Trust Bank Kenya PLC,DTK,Quarterly,Periodic results material,2020,DTB — Quarterly Financial Reports,https://dtbk.dtbafrica.com/quarterly-financial-reports,https://dtbk.dtbafrica.com/storage/uploads/ef583c38-1ed4-46b6-8797-ea8ebdeb093e/Diamond-Trust-Bank-Kenya-Ltd---Unaudited-Group-and-Bank-Results-for-the-Period-Ended-31-Mar-2020.pdf,linked from issuer page,application/pdf (inferred from source link),Issuer website,
NSE-00723,Diamond Trust Bank Kenya PLC,DTK,Quarterly,Periodic results material,2019,DTB — Quarterly Financial Reports,https://dtbk.dtbafrica.com/quarterly-financial-reports,https://dtbk.dtbafrica.com/storage/uploads/bb91e494-d6cc-41c4-9c73-3b1c3839335e/DTB-Group-and-Bank-Results-for-the-period-ended-31st-December-2019.pdf,linked from issuer page,application/pdf (inferred from source link),Issuer website,
NSE-00724,Diamond Trust Bank Kenya PLC,DTK,Quarterly,Periodic results material,2019,DTB — Quarterly Financial Reports,https://dtbk.dtbafrica.com/quarterly-financial-reports,https://dtbk.dtbafrica.com/storage/uploads/ccfa86d2-64fc-4b78-b9f4-2a202182ee3b/Q3-2019-DTB-Group-and-Bank-Financial-Report.pdf,linked from issuer page,application/pdf (inferred from source link),Issuer website,
NSE-00725,Diamond Trust Bank Kenya PLC,DTK,Quarterly,Periodic results material,2019,DTB — Quarterly Financial Reports,https://dtbk.dtbafrica.com/quarterly-financial-reports,https://dtbk.dtbafrica.com/storage/uploads/0949c655-b0d6-41c9-80a1-98d784b513b2/DTBK-2019-Half-year-results.pdf,linked from issuer page,application/pdf (inferred from source link),Issuer website,
NSE-00726,Britam Holdings PLC,BRIT,Annual / full-year,Annual report,2025,Britam — Annual Reports,https://www.britam.com/investor-relations/annual-reports,https://www.britam.com/images/Annual-Reports/2025 Integrated Report and Audited Financial statements..pdf,linked from issuer page,application/pdf (inferred from source link),Issuer website,
NSE-00727,Britam Holdings PLC,BRIT,Annual / full-year,Annual report,2024,Britam — Annual Reports,https://www.britam.com/investor-relations/annual-reports,https://www.britam.com/images/FormsAndDownloads/Britam_AnnualReport_2024.pdf,linked from issuer page,application/pdf (inferred from source link),Issuer website,
NSE-00728,Britam Holdings PLC,BRIT,Annual / full-year,Annual report,2023,Britam — Annual Reports,https://www.britam.com/investor-relations/annual-reports,https://www.britam.com/images/FormsAndDownloads/Britam-2023-Integrated-Annual-Report-New.pdf,linked from issuer page,application/pdf (inferred from source link),Issuer website,
NSE-00729,Britam Holdings PLC,BRIT,Annual / full-year,Annual report,2022,Britam — Annual Reports,https://www.britam.com/investor-relations/annual-reports,https://www.britam.com/images/AGM-Information/BRITAM_2022_Integrated_Report_FA_online3.pdf,linked from issuer page,application/pdf (inferred from source link),Issuer website,
NSE-00730,Britam Holdings PLC,BRIT,Annual / full-year,Annual report,2021,Britam — Annual Reports,https://www.britam.com/investor-relations/annual-reports,https://www.britam.com/images/assets/annualreports/britam-holdings-plc-2021-annual-report.pdf,linked from issuer page,application/pdf (inferred from source link),Issuer website,
NSE-00731,Britam Holdings PLC,BRIT,Annual / full-year,Annual report,2020,Britam — Annual Reports,https://www.britam.com/investor-relations/annual-reports,https://www.britam.com/images/assets/annualreports/britam-2020-annual-report.pdf,linked from issuer page,application/pdf (inferred from source link),Issuer website,
NSE-00732,Britam Holdings PLC,BRIT,Annual / full-year,Annual report,2019,Britam — Annual Reports,https://www.britam.com/investor-relations/annual-reports,https://www.britam.com/images/assets/annualreports/2019-britam-holdings-plc-annual-report.pdf,linked from issuer page,application/pdf (inferred from source link),Issuer website,
NSE-00733,Britam Holdings PLC,BRIT,Annual / full-year,Annual report,2018,Britam — Annual Reports,https://www.britam.com/investor-relations/annual-reports,https://www.britam.com/images/assets/annualreports/2018-britam-annual-report.pdf,linked from issuer page,application/pdf (inferred from source link),Issuer website,
NSE-00734,Britam Holdings PLC,BRIT,Annual / full-year,Annual report,2016,Britam — Annual Reports,https://www.britam.com/investor-relations/annual-reports,https://www.britam.com/images/assets/annualreports/2016-britam-annual-report-and-financial-statements.pdf,linked from issuer page,application/pdf (inferred from source link),Issuer website,
NSE-00735,Britam Holdings PLC,BRIT,Annual / full-year,Annual report,2015,Britam — Annual Reports,https://www.britam.com/investor-relations/annual-reports,https://www.britam.com/images/assets/annualreports/2015-britam-annual-report-and-financial-statements.pdf,linked from issuer page,application/pdf (inferred from source link),Issuer website,
NSE-00736,Britam Holdings PLC,BRIT,Annual / full-year,Annual report,2014,Britam — Annual Reports,https://www.britam.com/investor-relations/annual-reports,https://www.britam.com/images/assets/annualreports/2014-group-annual-report.pdf,linked from issuer page,application/pdf (inferred from source link),Issuer website,
NSE-00737,Britam Holdings PLC,BRIT,Annual / full-year,Annual report,2013,Britam — Annual Reports,https://www.britam.com/investor-relations/annual-reports,https://www.britam.com/images/assets/annualreports/2013-britam-annual-report.pdf,linked from issuer page,application/pdf (inferred from source link),Issuer website,
NSE-00738,Britam Holdings PLC,BRIT,Annual / full-year,Annual report,2012,Britam — Annual Reports,https://www.britam.com/investor-relations/annual-reports,https://www.britam.com/images/assets/annualreports/2012-annual-report.pdf,linked from issuer page,application/pdf (inferred from source link),Issuer website,
NSE-00739,Britam Holdings PLC,BRIT,Annual / full-year,Annual report,2011,Britam — Annual Reports,https://www.britam.com/investor-relations/annual-reports,https://www.britam.com/images/assets/annualreports/2011-britam-annual-report.pdf,linked from issuer page,application/pdf (inferred from source link),Issuer website,
NSE-00740,Britam Holdings PLC,BRIT,Annual / full-year,Annual report,2010,Britam — Annual Reports,https://www.britam.com/investor-relations/annual-reports,https://www.britam.com/images/assets/annualreports/2010-britam-annual-report.pdf,linked from issuer page,application/pdf (inferred from source link),Issuer website,
NSE-00741,CIC Insurance Group PLC,CIC,Annual / full-year,Annual report,2025,CIC — Investor Relations,https://www.cicinsurancegroup.com/investor-relations/,https://www.cicinsurancegroup.com/wp-content/uploads/2026/05/CIC-GROUP-ANNUAL-REPORT-LATEST-2025-7_compressed.pdf,linked from issuer page,application/pdf (inferred from source link),Issuer website,
NSE-00742,CIC Insurance Group PLC,CIC,Periodic results material,Financial results / statements,2025,CIC — Investor Relations,https://www.cicinsurancegroup.com/investor-relations/,https://www.cicinsurancegroup.com/wp-content/uploads/2026/03/CIC-Group-Full-Year-2025-for-Print.pdf,linked from issuer page,application/pdf (inferred from source link),Issuer website,
NSE-00743,CIC Insurance Group PLC,CIC,Annual / full-year,Annual report,2024,CIC — Investor Relations,https://www.cicinsurancegroup.com/investor-relations/,https://www.cicinsurancegroup.com/wp-content/uploads/2025/05/CIC-LIFE-ANNUAL-REPORT-FINANCIAL-STATEMENTS-2024._compressed.pdf,linked from issuer page,application/pdf (inferred from source link),Issuer website,
NSE-00744,CIC Insurance Group PLC,CIC,Annual / full-year,Annual report,2025,CIC — Investor Relations,https://www.cicinsurancegroup.com/investor-relations/,https://www.cicinsurancegroup.com/wp-content/uploads/2026/05/CIC-GROUP-ANNUAL-REPORT-LATEST-2025-5_compressed.pdf,linked from issuer page,application/pdf (inferred from source link),Issuer website,
NSE-00745,CIC Insurance Group PLC,CIC,Annual / full-year,Annual report,2025,CIC — Investor Relations,https://www.cicinsurancegroup.com/investor-relations/,https://www.cicinsurancegroup.com/wp-content/uploads/2026/04/The-CIC-Group-2025-Signed-FS.pdf,linked from issuer page,application/pdf (inferred from source link),Issuer website,
NSE-00746,CIC Insurance Group PLC,CIC,Annual / full-year,Annual report,2024,CIC — Investor Relations,https://www.cicinsurancegroup.com/investor-relations/,https://www.cicinsurancegroup.com/wp-content/uploads/2025/05/CIC-Integrated-Report-2024.pdf,linked from issuer page,application/pdf (inferred from source link),Issuer website,
NSE-00747,CIC Insurance Group PLC,CIC,Annual / full-year,Annual report,2024,CIC — Investor Relations,https://www.cicinsurancegroup.com/investor-relations/,https://www.cicinsurancegroup.com/wp-content/uploads/2025/04/CIC-Group-Annual-Report-2024-.pdf,linked from issuer page,application/pdf (inferred from source link),Issuer website,
NSE-00748,CIC Insurance Group PLC,CIC,Annual / full-year,Annual report,2023,CIC — Investor Relations,https://www.cicinsurancegroup.com/investor-relations/,https://www.cicinsurancegroup.com/wp-content/uploads/2024/06/The-CIC-Insurance-Group-Integrated-Report-and-Financial-Statements-2023.pdf,linked from issuer page,application/pdf (inferred from source link),Issuer website,
NSE-00749,CIC Insurance Group PLC,CIC,Annual / full-year,Annual report,2022,CIC — Investor Relations,https://www.cicinsurancegroup.com/investor-relations/,https://www.cicinsurancegroup.com/wp-content/uploads/2023/05/The-CIC-Insurance-Group-PLC-Integrated-Report-Financial-Statements-2022.pdf,linked from issuer page,application/pdf (inferred from source link),Issuer website,
NSE-00750,CIC Insurance Group PLC,CIC,Annual / full-year,Annual report,2021,CIC — Investor Relations,https://www.cicinsurancegroup.com/investor-relations/,https://www.cicinsurancegroup.com/wp-content/uploads/2022/05/The-CIC-Insurance-Group-PLC-Annual-Report-Financial-Statements-2021.pdf,linked from issuer page,application/pdf (inferred from source link),Issuer website,
NSE-00751,CIC Insurance Group PLC,CIC,Annual / full-year,Annual report,2020,CIC — Investor Relations,https://www.cicinsurancegroup.com/investor-relations/,https://cicinsurancegroup.com/wp-content/uploads/2022/02/CIC%20Integrated%20Financial%20Report%202020.pdf,linked from issuer page,application/pdf (inferred from source link),Issuer website,
NSE-00752,CIC Insurance Group PLC,CIC,Annual / full-year,Annual report,2019,CIC — Investor Relations,https://www.cicinsurancegroup.com/investor-relations/,https://cicinsurancegroup.com/wp-content/uploads/2022/02/CIC%20Integrated%20Financial%20Report%202019.pdf,linked from issuer page,application/pdf (inferred from source link),Issuer website,
NSE-00753,CIC Insurance Group PLC,CIC,Annual / full-year,Annual report,2018,CIC — Investor Relations,https://www.cicinsurancegroup.com/investor-relations/,https://cicinsurancegroup.com/wp-content/uploads/2022/02/CIC%20Integrated%20Financial%20Report%202018.pdf,linked from issuer page,application/pdf (inferred from source link),Issuer website,
NSE-00754,CIC Insurance Group PLC,CIC,Annual / full-year,Annual report,2017,CIC — Investor Relations,https://www.cicinsurancegroup.com/investor-relations/,https://cicinsurancegroup.com/wp-content/uploads/2021/11/CIC-Group-Annual-Report-2017-1.pdf,linked from issuer page,application/pdf (inferred from source link),Issuer website,
NSE-00755,CIC Insurance Group PLC,CIC,Annual / full-year,Annual report,2016,CIC — Investor Relations,https://www.cicinsurancegroup.com/investor-relations/,https://cicinsurancegroup.com/wp-content/uploads/2021/11/CIC-Insurance-Annual-Reports-2016.pdf,linked from issuer page,application/pdf (inferred from source link),Issuer website,
NSE-00756,CIC Insurance Group PLC,CIC,Annual / full-year,Annual report,2015,CIC — Investor Relations,https://www.cicinsurancegroup.com/investor-relations/,https://cicinsurancegroup.com/wp-content/uploads/2021/11/CICInsurance-Group-Annual-Report-2015.pdf,linked from issuer page,application/pdf (inferred from source link),Issuer website,
NSE-00757,CIC Insurance Group PLC,CIC,Annual / full-year,Annual report,2013,CIC — Investor Relations,https://www.cicinsurancegroup.com/investor-relations/,https://cicinsurancegroup.com/wp-content/uploads/2021/11/CICInsurance-Group-Annual-Report-2013.pdf,linked from issuer page,application/pdf (inferred from source link),Issuer website,
NSE-00758,CIC Insurance Group PLC,CIC,Annual / full-year,Annual report,2012,CIC — Investor Relations,https://www.cicinsurancegroup.com/investor-relations/,https://cicinsurancegroup.com/wp-content/uploads/2021/11/CICInsurance-Group-Annual-Report-2012.pdf,linked from issuer page,application/pdf (inferred from source link),Issuer website,
NSE-00759,CIC Insurance Group PLC,CIC,Annual / full-year,Annual report,2011,CIC — Investor Relations,https://www.cicinsurancegroup.com/investor-relations/,https://cicinsurancegroup.com/wp-content/uploads/2021/11/CICInsurance-Group-Annual-Report-2011.pdf,linked from issuer page,application/pdf (inferred from source link),Issuer website,
NSE-00760,CIC Insurance Group PLC,CIC,Annual / full-year,Annual report,2010,CIC — Investor Relations,https://www.cicinsurancegroup.com/investor-relations/,https://cicinsurancegroup.com/wp-content/uploads/2021/11/CICInsurance-Group-Annual-Report-2010.pdf,linked from issuer page,application/pdf (inferred from source link),Issuer website,
NSE-00761,CIC Insurance Group PLC,CIC,Annual / full-year,Financial results / statements,2023,CIC — Investor Relations,https://www.cicinsurancegroup.com/investor-relations/,https://www.cicinsurancegroup.com/wp-content/uploads/2024/05/CIC-Group-Full-Year-2023-Results.pdf,linked from issuer page,application/pdf (inferred from source link),Issuer website,
NSE-00762,CIC Insurance Group PLC,CIC,Periodic results material,Periodic results material,2021,CIC — Investor Relations,https://www.cicinsurancegroup.com/investor-relations/,https://cicinsurancegroup.com/wp-content/uploads/2022/03/CIC-Group-Consolidated-Financial-Results-2021.pdf,linked from issuer page,application/pdf (inferred from source link),Issuer website,
NSE-00763,CIC Insurance Group PLC,CIC,Semi-annual / half-year,Periodic results material,2022,CIC — Investor Relations,https://www.cicinsurancegroup.com/investor-relations/,https://www.cicinsurancegroup.com/wp-content/uploads/2022/08/CIC-Insurance-Group-H1-Results-2022.pdf,linked from issuer page,application/pdf (inferred from source link),Issuer website,
NSE-00764,CIC Insurance Group PLC,CIC,Periodic results material,Financial results / statements,2010,CIC — Investor Relations,https://www.cicinsurancegroup.com/investor-relations/,https://cicinsurancegroup.com/wp-content/uploads/2021/11/CIC-Insurance-Group-Financials-2010.pdf,linked from issuer page,application/pdf (inferred from source link),Issuer website,
NSE-00765,CIC Insurance Group PLC,CIC,Periodic results material,Periodic results material,2018,CIC — Investor Relations,https://www.cicinsurancegroup.com/investor-relations/,https://cicinsurancegroup.com/wp-content/uploads/2021/11/CIC-Integrated-Financial-Report-2018-1.pdf,linked from issuer page,application/pdf (inferred from source link),Issuer website,
NSE-00766,CIC Insurance Group PLC,CIC,Periodic results material,Periodic results material,2019,CIC — Investor Relations,https://www.cicinsurancegroup.com/investor-relations/,https://cicinsurancegroup.com/wp-content/uploads/2021/11/CIC-Integrated-Financial-Report-2019-1.pdf,linked from issuer page,application/pdf (inferred from source link),Issuer website,
NSE-00767,CIC Insurance Group PLC,CIC,Semi-annual / half-year,Financial results / statements,2020,CIC — Investor Relations,https://www.cicinsurancegroup.com/investor-relations/,https://cicinsurancegroup.com/wp-content/uploads/2021/11/CIC-Group-Half-Year-Financials-2020.pdf,linked from issuer page,application/pdf (inferred from source link),Issuer website,
NSE-00768,CIC Insurance Group PLC,CIC,Periodic results material,Periodic results material,2020,CIC — Investor Relations,https://www.cicinsurancegroup.com/investor-relations/,https://cicinsurancegroup.com/wp-content/uploads/2021/11/CIC-Integrated-Financial-Report-2020.pdf,linked from issuer page,application/pdf (inferred from source link),Issuer website,
NSE-00769,CIC Insurance Group PLC,CIC,Semi-annual / half-year,Periodic results material,2021,CIC — Investor Relations,https://www.cicinsurancegroup.com/investor-relations/,https://cicinsurancegroup.com/wp-content/uploads/2021/11/CIC-Insurance-Group-H1-2021.pdf,linked from issuer page,application/pdf (inferred from source link),Issuer website,
NSE-00770,CIC Insurance Group PLC,CIC,Annual / full-year,Annual report,2024,CIC — Investor Relations,https://www.cicinsurancegroup.com/investor-relations/,https://www.cicinsurancegroup.com/wp-content/uploads/2025/05/CIC-ASSET-MANAGEMENT-LTD-ANNUAL-REPORT-FINANCIAL-STATEMENTS-2024-FA_compressed.pdf,linked from issuer page,application/pdf (inferred from source link),Issuer website,
NSE-00771,CIC Insurance Group PLC,CIC,Periodic results material,Periodic results material,2020,CIC — Investor Relations,https://www.cicinsurancegroup.com/investor-relations/,https://cicinsurancegroup.com/wp-content/uploads/2022/02/CIC-Asset-Management-Financial-Report_2020.pdf,linked from issuer page,application/pdf (inferred from source link),Issuer website,
NSE-00772,CIC Insurance Group PLC,CIC,Periodic results material,Financial results / statements,2018,CIC — Investor Relations,https://www.cicinsurancegroup.com/investor-relations/,https://cicinsurancegroup.com/wp-content/uploads/2022/02/CIC-Asset-Financials-2018.pdf,linked from issuer page,application/pdf (inferred from source link),Issuer website,
NSE-00773,CIC Insurance Group PLC,CIC,Periodic results material,Periodic results material,2021,CIC — Investor Relations,https://www.cicinsurancegroup.com/investor-relations/,https://cicinsurancegroup.com/wp-content/uploads/2021/11/Notice-Of-Annual-General-Meeting-2021.pdf,linked from issuer page,application/pdf (inferred from source link),Issuer website,
NSE-00774,CIC Insurance Group PLC,CIC,Periodic results material,Periodic results material,,CIC — Investor Relations,https://www.cicinsurancegroup.com/investor-relations/,https://www.cicinsurancegroup.com/wp-content/uploads/2025/06/CICAM-IDD-Fund-FINANCIAL-STATEMENTS-FY-2024-min.pdf,linked from issuer page,application/pdf (inferred from source link),Issuer website,
NSE-00775,CIC Insurance Group PLC,CIC,Periodic results material,Periodic results material,,CIC — Investor Relations,https://www.cicinsurancegroup.com/investor-relations/,https://www.cicinsurancegroup.com/wp-content/uploads/2023/04/CIC-Group-Notice-of-Annual-General-Meeting.pdf,linked from issuer page,application/pdf (inferred from source link),Issuer website,
NSE-00776,Unga Group PLC,UNGA,Semi-annual / half-year,Financial results / statements,2026,Unga Group — Annual Reports and Financial Statements,https://unga-group.com/download-category/annual-reports-and-financial-statements/,https://unga-group.com/download/2026-ugp-half-year-results-publication/?wpdmdl=8844&ind=1772090778638&refresh=d3747127&filename=2026-UGP-Half-Year-Results-Publication-33x3-2026.pdf,linked from issuer page,application/pdf (inferred from source link),Issuer website,
NSE-00777,Unga Group PLC,UNGA,Annual / full-year,Annual report,2025,Unga Group — Annual Reports and Financial Statements,https://unga-group.com/download-category/annual-reports-and-financial-statements/,https://unga-group.com/download/unga-group-plc-integrated-report-2025/?wpdmdl=8837&ind=1764804804320&refresh=e2369d5a&filename=1764804804wpdm_Unga-Group-Plc-Integrated-Report-2025.pdf,linked from issuer page,application/pdf (inferred from source link),Issuer website,
NSE-00778,Unga Group PLC,UNGA,Semi-annual / half-year,Financial results / statements,2025,Unga Group — Annual Reports and Financial Statements,https://unga-group.com/download-category/annual-reports-and-financial-statements/,https://unga-group.com/download/unga-group-plc-financial-results-for-the-year-ended-30-june-2025/?wpdmdl=8692&ind=1758892667830&refresh=2a7c60a7&filename=UNGA-GROUP-PLC-FINANCIAL-RESULTS-FOR-THE-YEAR-ENDED-30-JUNE-2025.pdf,linked from issuer page,application/pdf (inferred from source link),Issuer website,
NSE-00779,Unga Group PLC,UNGA,Semi-annual / half-year,Financial results / statements,2025,Unga Group — Annual Reports and Financial Statements,https://unga-group.com/download-category/annual-reports-and-financial-statements/,https://unga-group.com/download/2025-ugp-half-year-results-publication-3/?wpdmdl=8691&ind=1740727054770&refresh=e31b7722&filename=1740727054wpdm_2025-UGP-Half-Year-Results-Publication.pdf,linked from issuer page,application/pdf (inferred from source link),Issuer website,
NSE-00780,Unga Group PLC,UNGA,Semi-annual / half-year,Financial results / statements,2025,Unga Group — Annual Reports and Financial Statements,https://unga-group.com/download-category/annual-reports-and-financial-statements/,https://unga-group.com/download/2025-ugp-half-year-results-publication/?wpdmdl=8592&ind=1740727054770&refresh=d0a1a7fb&filename=1740727054wpdm_2025-UGP-Half-Year-Results-Publication.pdf,linked from issuer page,application/pdf (inferred from source link),Issuer website,
NSE-00781,Unga Group PLC,UNGA,Periodic results material,Periodic results material,2024,Unga Group — Annual Reports and Financial Statements,https://unga-group.com/download-category/annual-reports-and-financial-statements/,https://unga-group.com/download/unga-group-plc-intergrated-report-2024/?wpdmdl=8525&ind=8526&refresh=05330312&filename=Unga-Group-Plc-Intergrated-Report-2024.pdf,linked from issuer page,application/pdf (inferred from source link),Issuer website,
NSE-00782,Unga Group PLC,UNGA,Semi-annual / half-year,Financial results / statements,2024,Unga Group — Annual Reports and Financial Statements,https://unga-group.com/download-category/annual-reports-and-financial-statements/,https://unga-group.com/download/unga-group-plc-financial-results-for-the-year-ended-30-june-2024/?wpdmdl=8489&ind=8490&refresh=cc1d5567&filename=UNGA-GROUP-PLC-FINANCIAL-RESULTS-FOR-THE-YEAR-ENDED-30-JUNE-2024.pdf,linked from issuer page,application/pdf (inferred from source link),Issuer website,
NSE-00783,Unga Group PLC,UNGA,Annual / full-year,Periodic results material,2023,Unga Group — Annual Reports and Financial Statements,https://unga-group.com/download-category/annual-reports-and-financial-statements/,https://unga-group.com/download/unga-group-plc-fy-2023-24-financial-publication/?wpdmdl=8359&ind=8360&refresh=cc1d5424&filename=UNGA-GROUP-PLC-FY-2023-24-FINANCIAL-PUBLICATION.pdf,linked from issuer page,application/pdf (inferred from source link),Issuer website,
NSE-00784,Unga Group PLC,UNGA,Semi-annual / half-year,Financial results / statements,2023,Unga Group — Annual Reports and Financial Statements,https://unga-group.com/download-category/annual-reports-and-financial-statements/,https://unga-group.com/download/unga-group-plc-financial-results-for-the-for-the-six-months-ended-31-december-2023/?wpdmdl=8197&ind=1709197693022&refresh=cc1d5ae7&filename=0000316713-01_UNGA-LIMITED.pdf,linked from issuer page,application/pdf (inferred from source link),Issuer website,
NSE-00785,Unga Group PLC,UNGA,Annual / full-year,Annual report,2023,Unga Group — Annual Reports and Financial Statements,https://unga-group.com/download-category/annual-reports-and-financial-statements/,https://unga-group.com/download/unga-group-annual-report-2023-integrated-report/?wpdmdl=7897&ind=7916&refresh=cc1d8400&filename=UNGAAnnual-Report-2023-WEBspreads.pdf,linked from issuer page,application/pdf (inferred from source link),Issuer website,
NSE-00786,Unga Group PLC,UNGA,Annual / full-year,Financial results / statements,2023,Unga Group — Annual Reports and Financial Statements,https://unga-group.com/download-category/annual-reports-and-financial-statements/,https://unga-group.com/download/2023-unga-group-plc-audited-financial-statements/?wpdmdl=7700&ind=1698914779062&refresh=4cc7aff8&filename=2023-Unga-Group-Plc-Audited-Financial-Statements.pdf,linked from issuer page,application/pdf (inferred from source link),Issuer website,
NSE-00787,Unga Group PLC,UNGA,Semi-annual / half-year,Financial results / statements,2023,Unga Group — Annual Reports and Financial Statements,https://unga-group.com/download-category/annual-reports-and-financial-statements/,https://unga-group.com/download/unga-group-plc-financial-results-for-the-year-ended-30-june-2023/?wpdmdl=7611&ind=1695977538830&refresh=26bbea7c&filename=0000295687-01_UNGA-LIMITED.pdf,linked from issuer page,application/pdf (inferred from source link),Issuer website,
NSE-00788,Unga Group PLC,UNGA,Semi-annual / half-year,Financial results / statements,2022,Unga Group — Annual Reports and Financial Statements,https://unga-group.com/download-category/annual-reports-and-financial-statements/,https://unga-group.com/download/unga-group-plc-un-audited-six-months-financial-results-ended-31-december-2022/?wpdmdl=7302&ind=7303&refresh=0ca7b7dc&filename=0000263896-01_UNGA-LTD.pdf,linked from issuer page,application/pdf (inferred from source link),Issuer website,
NSE-00789,Unga Group PLC,UNGA,Annual / full-year,Annual report,,Unga Group — Annual Reports and Financial Statements,https://unga-group.com/download-category/annual-reports-and-financial-statements/,https://unga-group.com/download/unga-group-integrated-report/?wpdmdl=7300&ind=7301&refresh=83daec23&filename=UNGA-GROUP-Integrated-Report.pdf,linked from issuer page,application/pdf (inferred from source link),Issuer website,
NSE-00790,Unga Group PLC,UNGA,Periodic results material,Financial results / statements,2022,Unga Group — Annual Reports and Financial Statements,https://unga-group.com/download-category/annual-reports-and-financial-statements/,https://unga-group.com/download/unga-group-plc-financial-statement-2022/?wpdmdl=4640&ind=4641&refresh=755cdfff&filename=UGP-2022-signed-FS.pdf,linked from issuer page,application/pdf (inferred from source link),Issuer website,
NSE-00791,Unga Group PLC,UNGA,Periodic results material,Periodic results material,2021,Unga Group — Annual Reports and Financial Statements,https://unga-group.com/download-category/annual-reports-and-financial-statements/,https://unga-group.com/download/2021-reports/?wpdmdl=4657&ind=4654&refresh=4bdb2ea2&filename=Unga-Group-Plc-AGM-QA-10-December-2021.pdf,linked from issuer page,application/pdf (inferred from source link),Issuer website,
NSE-00792,Unga Group PLC,UNGA,Periodic results material,Periodic results material,2020,Unga Group — Annual Reports and Financial Statements,https://unga-group.com/download-category/annual-reports-and-financial-statements/,https://unga-group.com/download/2020-reports/?wpdmdl=4658&ind=4659&refresh=776c83e4&filename=2020-Integrated-Report-final.pdf,linked from issuer page,application/pdf (inferred from source link),Issuer website,
NSE-00793,Unga Group PLC,UNGA,Periodic results material,Periodic results material,2019,Unga Group — Annual Reports and Financial Statements,https://unga-group.com/download-category/annual-reports-and-financial-statements/,https://unga-group.com/download/2019-reports/?wpdmdl=4644&ind=4645&refresh=3ad5937a&filename=Unga-Group-Plc-Annual-Report-small.pdf,linked from issuer page,application/pdf (inferred from source link),Issuer website,
NSE-00794,Unga Group PLC,UNGA,Periodic results material,Periodic results material,2018,Unga Group — Annual Reports and Financial Statements,https://unga-group.com/download-category/annual-reports-and-financial-statements/,https://unga-group.com/download/unga-group-plc-financial-report-year-ended-june-2018/?wpdmdl=4661&ind=4662&refresh=7de4e9b6&filename=UNGA-GROUP-FINANCIAL-REPORT-YEAR-ENDED-JUNE-2018.pdf,linked from issuer page,application/pdf (inferred from source link),Issuer website,
NSE-00795,Unga Group PLC,UNGA,Annual / full-year,Annual report,2017,Unga Group — Annual Reports and Financial Statements,https://unga-group.com/download-category/annual-reports-and-financial-statements/,https://unga-group.com/download/unga-group-plc-annual-report-2017/?wpdmdl=4648&ind=4649&refresh=60a52850&filename=Unga-Annual-Report-2017-Print-ready.pdf,linked from issuer page,application/pdf (inferred from source link),Issuer website,
NSE-00796,Unga Group PLC,UNGA,Annual / full-year,Annual report,2016,Unga Group — Annual Reports and Financial Statements,https://unga-group.com/download-category/annual-reports-and-financial-statements/,https://unga-group.com/download/unga-annual-report-2016/?wpdmdl=4664&ind=4665&refresh=7dc117c2&filename=Annual-report-Final.pdf,linked from issuer page,application/pdf (inferred from source link),Issuer website,
NSE-00797,Unga Group PLC,UNGA,Annual / full-year,Annual report,2015,Unga Group — Annual Reports and Financial Statements,https://unga-group.com/download-category/annual-reports-and-financial-statements/,https://unga-group.com/download/ugl-annual-report-2015/?wpdmdl=4650&ind=4651&refresh=8ca9c5c8&filename=UNGA-Group-2015-Annual-Report.pdf,linked from issuer page,application/pdf (inferred from source link),Issuer website,
NSE-00798,Unga Group PLC,UNGA,Annual / full-year,Annual report,2013,Unga Group — Annual Reports and Financial Statements,https://unga-group.com/download-category/annual-reports-and-financial-statements/,https://unga-group.com/download/ugl-annual-report-2013/?wpdmdl=4666&ind=4667&refresh=9b6745df&filename=UGL-Annual-Report-2013.pdf,linked from issuer page,application/pdf (inferred from source link),Issuer website,
NSE-00799,Unga Group PLC,UNGA,Annual / full-year,Annual report,2012,Unga Group — Annual Reports and Financial Statements,https://unga-group.com/download-category/annual-reports-and-financial-statements/,https://unga-group.com/download/ugl-annual-report-2012/?wpdmdl=4668&ind=4669&refresh=418a052c&filename=UGL-Annual-Report-2012.pdf,linked from issuer page,application/pdf (inferred from source link),Issuer website,
NSE-00800,Unga Group PLC,UNGA,Annual / full-year,Annual report,2011,Unga Group — Annual Reports and Financial Statements,https://unga-group.com/download-category/annual-reports-and-financial-statements/,https://unga-group.com/download/ugl-annual-report-2011/?wpdmdl=4671&ind=4672&refresh=d527a06c&filename=UGL-Annual-Report-2011.pdf,linked from issuer page,application/pdf (inferred from source link),Issuer website,
NSE-00801,Unga Group PLC,UNGA,Annual / full-year,Annual report,2010,Unga Group — Annual Reports and Financial Statements,https://unga-group.com/download-category/annual-reports-and-financial-statements/,https://unga-group.com/download/ugl-annual-report-2010/?wpdmdl=4674&ind=4675&refresh=749b0447&filename=UGL-Annual-Report-2010.pdf,linked from issuer page,application/pdf (inferred from source link),Issuer website,
NSE-00802,Crown Paints Kenya PLC,CRWN,Annual / full-year,Results announcement / commentary,2026,Crown Paints — Reports,https://www.crownpaints.co.ke/annual-reports-test/,https://www.crownpaints.co.ke/storage/page-uploads/reports/hy2026-unaudited-results-press-release.pdf,linked from issuer page,application/pdf (inferred from source link),Issuer website,15 Aug 2026
NSE-00803,Crown Paints Kenya PLC,CRWN,Annual / full-year,Annual report,2025,Crown Paints — Reports,https://www.crownpaints.co.ke/annual-reports-test/,https://www.crownpaints.co.ke/storage/page-uploads/reports/2025-annual-report-and-financial-statements.pdf,linked from issuer page,application/pdf (inferred from source link),Issuer website,01 Mar 2026
NSE-00804,Crown Paints Kenya PLC,CRWN,Periodic results material,Financial results / statements,2024,Crown Paints — Reports,https://www.crownpaints.co.ke/annual-reports-test/,https://www.crownpaints.co.ke/storage/page-uploads/reports/crown-paints-kenya-plc-audited-summary-consolidated-results-for-the-financial-year-2024.pdf,linked from issuer page,application/pdf (inferred from source link),Issuer website,01 Mar 2025
NSE-00805,Crown Paints Kenya PLC,CRWN,Annual / full-year,Annual report,2024,Crown Paints — Reports,https://www.crownpaints.co.ke/annual-reports-test/,https://www.crownpaints.co.ke/storage/page-uploads/reports/2024-annual-report-and-financial-statements-1-1.pdf,linked from issuer page,application/pdf (inferred from source link),Issuer website,31 Jan 2025
NSE-00806,Crown Paints Kenya PLC,CRWN,Semi-annual / half-year,Financial results / statements,2024,Crown Paints — Reports,https://www.crownpaints.co.ke/annual-reports-test/,https://www.crownpaints.co.ke/storage/page-uploads/reports/crown-paints-kenya-plc-2024-half-year-results.pdf,linked from issuer page,application/pdf (inferred from source link),Issuer website,01 Oct 2024
NSE-00807,Crown Paints Kenya PLC,CRWN,Periodic results material,Financial results / statements,2023,Crown Paints — Reports,https://www.crownpaints.co.ke/annual-reports-test/,https://www.crownpaints.co.ke/storage/page-uploads/reports/2023-summary-consolidated-results.pdf,linked from issuer page,application/pdf (inferred from source link),Issuer website,01 Mar 2024
NSE-00808,Crown Paints Kenya PLC,CRWN,Annual / full-year,Annual report,2023,Crown Paints — Reports,https://www.crownpaints.co.ke/annual-reports-test/,https://www.crownpaints.co.ke/storage/page-uploads/reports/crown-annual-report-2023.pdf,linked from issuer page,application/pdf (inferred from source link),Issuer website,31 Jan 2024
NSE-00809,Crown Paints Kenya PLC,CRWN,Annual / full-year,Annual report,2022,Crown Paints — Reports,https://www.crownpaints.co.ke/annual-reports-test/,https://www.crownpaints.co.ke/storage/page-uploads/reports/crown-annual-report-2022.pdf,linked from issuer page,application/pdf (inferred from source link),Issuer website,31 Jan 2023
NSE-00810,Crown Paints Kenya PLC,CRWN,Annual / full-year,Annual report,2021,Crown Paints — Reports,https://www.crownpaints.co.ke/annual-reports-test/,https://www.crownpaints.co.ke/storage/page-uploads/reports/crown-annual-report-2021-new-for-web-6-1.pdf,linked from issuer page,application/pdf (inferred from source link),Issuer website,31 Jan 2022
NSE-00811,Crown Paints Kenya PLC,CRWN,Periodic results material,Financial results / statements,2020,Crown Paints — Reports,https://www.crownpaints.co.ke/annual-reports-test/,https://www.crownpaints.co.ke/storage/page-uploads/reports/crown-paints-kenya-plc-audited-summary-consolidated-results-for-the-financial-year-2020.pdf,linked from issuer page,application/pdf (inferred from source link),Issuer website,01 Mar 2021
NSE-00812,Crown Paints Kenya PLC,CRWN,Annual / full-year,Annual report,2020,Crown Paints — Reports,https://www.crownpaints.co.ke/annual-reports-test/,https://www.crownpaints.co.ke/storage/page-uploads/reports/crown-paints-annual-report-financial-statements-2020-1.pdf,linked from issuer page,application/pdf (inferred from source link),Issuer website,30 Jan 2021
NSE-00813,Crown Paints Kenya PLC,CRWN,Annual / full-year,Annual report,2019,Crown Paints — Reports,https://www.crownpaints.co.ke/annual-reports-test/,https://www.crownpaints.co.ke/storage/page-uploads/reports/crown-paints-annual-report-amp-financial-statements-2019.pdf,linked from issuer page,application/pdf (inferred from source link),Issuer website,31 Jan 2020
NSE-00814,Crown Paints Kenya PLC,CRWN,Annual / full-year,Annual report,2018,Crown Paints — Reports,https://www.crownpaints.co.ke/annual-reports-test/,https://www.crownpaints.co.ke/storage/page-uploads/reports/crown-paints-annual-report-financial-statements-2018.pdf,linked from issuer page,application/pdf (inferred from source link),Issuer website,31 Jan 2019
NSE-00815,Crown Paints Kenya PLC,CRWN,Annual / full-year,Annual report,2017,Crown Paints — Reports,https://www.crownpaints.co.ke/annual-reports-test/,https://www.crownpaints.co.ke/storage/page-uploads/reports/crown-paints-annual-report-financial-statements-2017.pdf,linked from issuer page,application/pdf (inferred from source link),Issuer website,31 Jan 2018
NSE-00816,Crown Paints Kenya PLC,CRWN,Annual / full-year,Annual report,2016,Crown Paints — Reports,https://www.crownpaints.co.ke/annual-reports-test/,https://www.crownpaints.co.ke/storage/page-uploads/reports/crown-annual-report-2016.pdf,linked from issuer page,application/pdf (inferred from source link),Issuer website,31 Jan 2017
NSE-00817,Crown Paints Kenya PLC,CRWN,Annual / full-year,Annual report,2015,Crown Paints — Reports,https://www.crownpaints.co.ke/annual-reports-test/,https://www.crownpaints.co.ke/storage/page-uploads/reports/annual-report-financial-statement-2015.pdf,linked from issuer page,application/pdf (inferred from source link),Issuer website,30 Jan 2016
NSE-00818,Crown Paints Kenya PLC,CRWN,Annual / full-year,Annual report,2014,Crown Paints — Reports,https://www.crownpaints.co.ke/annual-reports-test/,https://www.crownpaints.co.ke/storage/page-uploads/reports/crown-paints-annual-report-2014.pdf,linked from issuer page,application/pdf (inferred from source link),Issuer website,31 Jan 2015
NSE-00819,Crown Paints Kenya PLC,CRWN,Annual / full-year,Annual report,2013,Crown Paints — Reports,https://www.crownpaints.co.ke/annual-reports-test/,https://www.crownpaints.co.ke/storage/page-uploads/reports/crown-paints-annual-report-and-financial-statements-2013.pdf,linked from issuer page,application/pdf (inferred from source link),Issuer website,31 Jan 2014
NSE-00820,Crown Paints Kenya PLC,CRWN,Annual / full-year,Annual report,2012,Crown Paints — Reports,https://www.crownpaints.co.ke/annual-reports-test/,https://www.crownpaints.co.ke/storage/page-uploads/reports/crown-paints-group-financial-statements-as-at-31-dec-2012.pdf,linked from issuer page,application/pdf (inferred from source link),Issuer website,31 Jan 2013
NSE-00821,Kenya Airways PLC,KQ,Periodic results material,Periodic results material,2025,Kenya Airways — Annual Reports,https://corporate.kenya-airways.com/en/investors-shareholders/annual-reports/,https://corporate.kenya-airways.com/contentassets/0160e07788564ab39cbed32da21839b2/annual-report-2025.pdf,linked from issuer page,application/pdf (inferred from source link),Issuer website,
NSE-00822,Kenya Airways PLC,KQ,Periodic results material,Periodic results material,,Kenya Airways — Annual Reports,https://corporate.kenya-airways.com/en/investors-shareholders/annual-reports/,https://corporate.kenya-airways.com/globalassets/corporate/investment--shareholders/annual-reports/2025/annual-report-fy24.pdf,linked from issuer page,application/pdf (inferred from source link),Issuer website,
NSE-00823,Kenya Airways PLC,KQ,Periodic results material,Periodic results material,,Kenya Airways — Annual Reports,https://corporate.kenya-airways.com/en/investors-shareholders/annual-reports/,https://corporate.kenya-airways.com/globalassets/corporate/investment--shareholders/annual-reports/2024/annual-report---fy23.pdf,linked from issuer page,application/pdf (inferred from source link),Issuer website,
NSE-00824,Kenya Airways PLC,KQ,Periodic results material,Periodic results material,2021,Kenya Airways — Annual Reports,https://corporate.kenya-airways.com/en/investors-shareholders/annual-reports/,https://corporate.kenya-airways.com/globalassets/corporate/investment--shareholders/annual-reports/2022/annual-report---2021.pdf,linked from issuer page,application/pdf (inferred from source link),Issuer website,
NSE-00825,Kenya Airways PLC,KQ,Periodic results material,Periodic results material,2020,Kenya Airways — Annual Reports,https://corporate.kenya-airways.com/en/investors-shareholders/annual-reports/,https://corporate.kenya-airways.com/globalassets/corporate/investment--shareholders/annual-reports/2021/annual-report-2020.pdf,linked from issuer page,application/pdf (inferred from source link),Issuer website,
NSE-00826,Kenya Airways PLC,KQ,Semi-annual / half-year,Investor presentation,2026,Kenya Airways — Financial Results,https://corporate.kenya-airways.com/en/investors-shareholders/financial-results/,https://corporate.kenya-airways.com/globalassets/corporate/investment--shareholders/financial-results/2026/half-year-2026-financial-results-presentation.pdf,linked from issuer page,application/pdf (inferred from source link),Issuer website,
NSE-00827,Kenya Airways PLC,KQ,Periodic results material,Investor presentation,,Kenya Airways — Financial Results,https://corporate.kenya-airways.com/en/investors-shareholders/financial-results/,https://corporate.kenya-airways.com/globalassets/corporate/investment--shareholders/financial-results/2025/fy25-investor-briefing-presentation.pdf,linked from issuer page,application/pdf (inferred from source link),Issuer website,
NSE-00828,Kenya Airways PLC,KQ,Periodic results material,Financial results / statements,2025,Kenya Airways — Financial Results,https://corporate.kenya-airways.com/en/investors-shareholders/financial-results/,https://corporate.kenya-airways.com/globalassets/corporate/investment--shareholders/financial-results/2025/signed-financials-2025.pdf,linked from issuer page,application/pdf (inferred from source link),Issuer website,
NSE-00829,Kenya Airways PLC,KQ,Periodic results material,Investor presentation,,Kenya Airways — Financial Results,https://corporate.kenya-airways.com/en/investors-shareholders/financial-results/,https://corporate.kenya-airways.com/globalassets/corporate/investment--shareholders/financial-results/2025/hy25-investor-briefing-presentation.pdf,linked from issuer page,application/pdf (inferred from source link),Issuer website,
NSE-00830,Kenya Airways PLC,KQ,Annual / full-year,Financial results / statements,,Kenya Airways — Financial Results,https://corporate.kenya-airways.com/en/investors-shareholders/financial-results/,https://corporate.kenya-airways.com/globalassets/corporate/investment--shareholders/financial-results/2024/full-year/full-year-financials.pdf,linked from issuer page,application/pdf (inferred from source link),Issuer website,
NSE-00831,Kenya Airways PLC,KQ,Annual / full-year,Investor presentation,2024,Kenya Airways — Financial Results,https://corporate.kenya-airways.com/en/investors-shareholders/financial-results/,https://corporate.kenya-airways.com/globalassets/corporate/investment--shareholders/financial-results/2024/full-year/full-year-2024-investor-briefing-presentation.pdf,linked from issuer page,application/pdf (inferred from source link),Issuer website,
NSE-00832,Kenya Airways PLC,KQ,Periodic results material,Periodic results material,2024,Kenya Airways — Financial Results,https://corporate.kenya-airways.com/en/investors-shareholders/financial-results/,https://corporate.kenya-airways.com/globalassets/corporate/investment--shareholders/financial-results/2024/full-year/kenya-airways-reports-historic-profit-of-kshs-5.4-billion-for-the-2024-financial-year-.pdf,linked from issuer page,application/pdf (inferred from source link),Issuer website,
NSE-00833,Kenya Airways PLC,KQ,Periodic results material,Financial results / statements,2024,Kenya Airways — Financial Results,https://corporate.kenya-airways.com/en/investors-shareholders/financial-results/,https://corporate.kenya-airways.com/globalassets/corporate/investment--shareholders/financial-results/2024/signed-financials-2024.pdf,linked from issuer page,application/pdf (inferred from source link),Issuer website,
NSE-00834,Kenya Airways PLC,KQ,Semi-annual / half-year,Periodic results material,,Kenya Airways — Financial Results,https://corporate.kenya-airways.com/en/investors-shareholders/financial-results/,https://corporate.kenya-airways.com/globalassets/corporate/investment--shareholders/financial-results/2024/kenya-airways-posts-first-half-year-profit-of-kshs-513-million.pdf,linked from issuer page,application/pdf (inferred from source link),Issuer website,
NSE-00835,Kenya Airways PLC,KQ,Semi-annual / half-year,Investor presentation,2024,Kenya Airways — Financial Results,https://corporate.kenya-airways.com/en/investors-shareholders/financial-results/,https://corporate.kenya-airways.com/globalassets/corporate/investment--shareholders/financial-results/2024/half-year-2024-investor-briefing---presentation.pdf,linked from issuer page,application/pdf (inferred from source link),Issuer website,
NSE-00836,Kenya Airways PLC,KQ,Periodic results material,Results announcement / commentary,,Kenya Airways — Financial Results,https://corporate.kenya-airways.com/en/investors-shareholders/financial-results/,https://corporate.kenya-airways.com/globalassets/corporate/investment--shareholders/financial-results/2024/chairmans-commentary.pdf,linked from issuer page,application/pdf (inferred from source link),Issuer website,
NSE-00837,Kenya Airways PLC,KQ,Periodic results material,Financial results / statements,2023,Kenya Airways — Financial Results,https://corporate.kenya-airways.com/en/investors-shareholders/financial-results/,https://corporate.kenya-airways.com/globalassets/corporate/investment--shareholders/financial-results/fy-financials-2023.pdf,linked from issuer page,application/pdf (inferred from source link),Issuer website,
NSE-00838,Kenya Airways PLC,KQ,Annual / full-year,Investor presentation,2023,Kenya Airways — Financial Results,https://corporate.kenya-airways.com/en/investors-shareholders/financial-results/,https://corporate.kenya-airways.com/globalassets/corporate/investment--shareholders/financial-results/full-year-2023-investor-briefing---presentation.pdf,linked from issuer page,application/pdf (inferred from source link),Issuer website,
NSE-00839,Kenya Airways PLC,KQ,Periodic results material,Periodic results material,,Kenya Airways — Financial Results,https://corporate.kenya-airways.com/en/investors-shareholders/financial-results/,https://corporate.kenya-airways.com/globalassets/corporate/investment--shareholders/financial-results/auditors-report-on-the-summary-financial-statements.pdf,linked from issuer page,application/pdf (inferred from source link),Issuer website,
NSE-00840,Kenya Airways PLC,KQ,Annual / full-year,Financial results / statements,,Kenya Airways — Financial Results,https://corporate.kenya-airways.com/en/investors-shareholders/financial-results/,https://corporate.kenya-airways.com/globalassets/corporate/investment--shareholders/financial-results/2023/kenya-airways-records-an-operating-profit-of-kshs-10.5-billion-in-full-year-results.pdf,linked from issuer page,application/pdf (inferred from source link),Issuer website,
NSE-00841,Kenya Airways PLC,KQ,Periodic results material,Financial results / statements,2023,Kenya Airways — Financial Results,https://corporate.kenya-airways.com/en/investors-shareholders/financial-results/,https://corporate.kenya-airways.com/globalassets/corporate/investment--shareholders/financial-results/2023/hy-2023-financial-results.pdf,linked from issuer page,application/pdf (inferred from source link),Issuer website,
NSE-00842,Kenya Airways PLC,KQ,Periodic results material,Investor presentation,,Kenya Airways — Financial Results,https://corporate.kenya-airways.com/en/investors-shareholders/financial-results/,https://corporate.kenya-airways.com/globalassets/corporate/investment--shareholders/financial-results/2023/hy-investor-briefing.pdf,linked from issuer page,application/pdf (inferred from source link),Issuer website,
NSE-00843,Kenya Airways PLC,KQ,Periodic results material,Investor presentation,,Kenya Airways — Financial Results,https://corporate.kenya-airways.com/en/investors-shareholders/financial-results/,https://corporate.kenya-airways.com/globalassets/corporate/investment--shareholders/financial-results/2023/hy23_press-release_investor-briefing-final.pdf,linked from issuer page,application/pdf (inferred from source link),Issuer website,
NSE-00844,Kenya Airways PLC,KQ,Semi-annual / half-year,Financial results / statements,2022,Kenya Airways — Financial Results,https://corporate.kenya-airways.com/en/investors-shareholders/financial-results/,https://corporate.kenya-airways.com/globalassets/corporate/investment--shareholders/financial-results/2022/financials-statement-half-year-2022.pdf,linked from issuer page,application/pdf (inferred from source link),Issuer website,
NSE-00845,Kenya Airways PLC,KQ,Semi-annual / half-year,Investor presentation,2022,Kenya Airways — Financial Results,https://corporate.kenya-airways.com/en/investors-shareholders/financial-results/,https://corporate.kenya-airways.com/globalassets/corporate/investment--shareholders/financial-results/2022/kq-half-year-presentation-2022.pdf,linked from issuer page,application/pdf (inferred from source link),Issuer website,
NSE-00846,Kenya Airways PLC,KQ,Semi-annual / half-year,Results announcement / commentary,2022,Kenya Airways — Financial Results,https://corporate.kenya-airways.com/en/investors-shareholders/financial-results/,https://corporate.kenya-airways.com/globalassets/corporate/investment--shareholders/financial-results/2022/press-release---half-year-2022-results.pdf,linked from issuer page,application/pdf (inferred from source link),Issuer website,
NSE-00847,Kenya Airways PLC,KQ,Periodic results material,Financial results / statements,2022,Kenya Airways — Financial Results,https://corporate.kenya-airways.com/en/investors-shareholders/financial-results/,https://corporate.kenya-airways.com/globalassets/corporate/investment--shareholders/financial-results/2022/financial-year-2022-kq-financial-results.pdf,linked from issuer page,application/pdf (inferred from source link),Issuer website,
NSE-00848,Kenya Airways PLC,KQ,Periodic results material,Investor presentation,2022,Kenya Airways — Financial Results,https://corporate.kenya-airways.com/en/investors-shareholders/financial-results/,https://corporate.kenya-airways.com/globalassets/corporate/investment--shareholders/financial-results/2022/kq-financial-year-2022-invester-briefing-presentation.pdf,linked from issuer page,application/pdf (inferred from source link),Issuer website,
NSE-00849,Kenya Airways PLC,KQ,Periodic results material,Periodic results material,2022,Kenya Airways — Financial Results,https://corporate.kenya-airways.com/en/investors-shareholders/financial-results/,https://corporate.kenya-airways.com/globalassets/corporate/investment--shareholders/financial-results/2022/auditors-report-financial-year-2022.pdf,linked from issuer page,application/pdf (inferred from source link),Issuer website,
NSE-00850,Kenya Airways PLC,KQ,Periodic results material,Periodic results material,2022,Kenya Airways — Financial Results,https://corporate.kenya-airways.com/en/investors-shareholders/financial-results/,https://corporate.kenya-airways.com/globalassets/corporate/investment--shareholders/financial-results/2022/kq-signed-financial-statement-2022.pdf,linked from issuer page,application/pdf (inferred from source link),Issuer website,
NSE-00851,Kenya Airways PLC,KQ,Annual / full-year,Results announcement / commentary,2022,Kenya Airways — Financial Results,https://corporate.kenya-airways.com/en/investors-shareholders/financial-results/,https://corporate.kenya-airways.com/globalassets/corporate/investment--shareholders/financial-results/2022/press-release---full-year-2022-results.pdf,linked from issuer page,application/pdf (inferred from source link),Issuer website,
NSE-00852,Kenya Airways PLC,KQ,Semi-annual / half-year,Investor presentation,2021,Kenya Airways — Financial Results,https://corporate.kenya-airways.com/en/investors-shareholders/financial-results/,https://corporate.kenya-airways.com/globalassets/corporate/investment--shareholders/financial-results/2021/investor-briefing-half-year-aug-2021.pdf,linked from issuer page,application/pdf (inferred from source link),Issuer website,
NSE-00853,Kenya Airways PLC,KQ,Semi-annual / half-year,Results announcement / commentary,2021,Kenya Airways — Financial Results,https://corporate.kenya-airways.com/en/investors-shareholders/financial-results/,https://corporate.kenya-airways.com/globalassets/corporate/investment--shareholders/financial-results/2021/press-release---half-year-2021-results.pdf,linked from issuer page,application/pdf (inferred from source link),Issuer website,
NSE-00854,Kenya Airways PLC,KQ,Periodic results material,Investor presentation,2021,Kenya Airways — Financial Results,https://corporate.kenya-airways.com/en/investors-shareholders/financial-results/,https://corporate.kenya-airways.com/globalassets/corporate/investment--shareholders/financial-results/2021/investor-briefing-fy-2021-presentation.pdf,linked from issuer page,application/pdf (inferred from source link),Issuer website,
NSE-00855,Kenya Airways PLC,KQ,Periodic results material,Financial results / statements,2021,Kenya Airways — Financial Results,https://corporate.kenya-airways.com/en/investors-shareholders/financial-results/,https://corporate.kenya-airways.com/globalassets/corporate/investment--shareholders/financial-results/2021/fy-2021-audited-group-results.pdf,linked from issuer page,application/pdf (inferred from source link),Issuer website,
NSE-00856,Kenya Airways PLC,KQ,Periodic results material,Periodic results material,2021,Kenya Airways — Financial Results,https://corporate.kenya-airways.com/en/investors-shareholders/financial-results/,https://corporate.kenya-airways.com/globalassets/corporate/investment--shareholders/financial-results/2021/fy-2021-auditors-report.pdf,linked from issuer page,application/pdf (inferred from source link),Issuer website,
NSE-00857,Kenya Airways PLC,KQ,Annual / full-year,Results announcement / commentary,2021,Kenya Airways — Financial Results,https://corporate.kenya-airways.com/en/investors-shareholders/financial-results/,https://corporate.kenya-airways.com/globalassets/corporate/investment--shareholders/financial-results/2021/press-release---full-year-2021-results.pdf,linked from issuer page,application/pdf (inferred from source link),Issuer website,
NSE-00858,Kenya Airways PLC,KQ,Semi-annual / half-year,Results announcement / commentary,2020,Kenya Airways — Financial Results,https://corporate.kenya-airways.com/en/investors-shareholders/financial-results/,https://corporate.kenya-airways.com/globalassets/corporate/investment--shareholders/financial-results/2020/chairmans-commentary-and-press-release--half-year-2020-final.pdf,linked from issuer page,application/pdf (inferred from source link),Issuer website,
NSE-00859,Kenya Airways PLC,KQ,Periodic results material,Investor presentation,2020,Kenya Airways — Financial Results,https://corporate.kenya-airways.com/en/investors-shareholders/financial-results/,https://corporate.kenya-airways.com/globalassets/corporate/investment--shareholders/financial-results/2020/investor-briefing-fy-2020-presentation.pdf,linked from issuer page,application/pdf (inferred from source link),Issuer website,
NSE-00860,Kenya Airways PLC,KQ,Periodic results material,Periodic results material,2020,Kenya Airways — Financial Results,https://corporate.kenya-airways.com/en/investors-shareholders/financial-results/,https://corporate.kenya-airways.com/globalassets/corporate/investment--shareholders/financial-results/2020/fy-2020-financial-statements.pdf,linked from issuer page,application/pdf (inferred from source link),Issuer website,
NSE-00861,Kenya Airways PLC,KQ,Periodic results material,Investor presentation,2019,Kenya Airways — Financial Results,https://corporate.kenya-airways.com/en/investors-shareholders/financial-results/,https://corporate.kenya-airways.com/globalassets/corporate/investment--shareholders/financial-results/2019/maxsizekq_investor_briefing_aug_2019_results_presentation.pdf,linked from issuer page,application/pdf (inferred from source link),Issuer website,
NSE-00862,Kenya Airways PLC,KQ,Periodic results material,Investor presentation,2019,Kenya Airways — Financial Results,https://corporate.kenya-airways.com/en/investors-shareholders/financial-results/,https://corporate.kenya-airways.com/globalassets/corporate/investment--shareholders/financial-results/2019/fy-2019-investor-briefing-deck.pdf,linked from issuer page,application/pdf (inferred from source link),Issuer website,
NSE-00863,Kenya Airways PLC,KQ,Semi-annual / half-year,Financial results / statements,2019,Kenya Airways — Financial Results,https://corporate.kenya-airways.com/en/investors-shareholders/financial-results/,https://corporate.kenya-airways.com/globalassets/corporate/investment--shareholders/financial-results/2019/summary-2019-h1-unaudited-group-results.pdf,linked from issuer page,application/pdf (inferred from source link),Issuer website,
NSE-00864,Kenya Airways PLC,KQ,Periodic results material,Investor presentation,2018,Kenya Airways — Financial Results,https://corporate.kenya-airways.com/en/investors-shareholders/financial-results/,https://corporate.kenya-airways.com/globalassets/corporate/investment--shareholders/financial-results/2018/maxsizekq_investor_briefing_aug_2018_results_presentation.pdf,linked from issuer page,application/pdf (inferred from source link),Issuer website,
NSE-00865,Kenya Airways PLC,KQ,Periodic results material,Periodic results material,2018,Kenya Airways — Financial Results,https://corporate.kenya-airways.com/en/investors-shareholders/financial-results/,https://corporate.kenya-airways.com/globalassets/corporate/investment--shareholders/financial-results/2018/2018-financial-statements.pdf,linked from issuer page,application/pdf (inferred from source link),Issuer website,
NSE-00866,Kenya Airways PLC,KQ,Periodic results material,Periodic results material,2018,Kenya Airways — Financial Results,https://corporate.kenya-airways.com/en/investors-shareholders/financial-results/,https://corporate.kenya-airways.com/globalassets/corporate/investment--shareholders/financial-results/2018/chairmans_statement_six_month_ended_30th_june_2018.pdf,linked from issuer page,application/pdf (inferred from source link),Issuer website,
NSE-00867,Kenya Airways PLC,KQ,Periodic results material,Periodic results material,2018,Kenya Airways — Financial Results,https://corporate.kenya-airways.com/en/investors-shareholders/financial-results/,https://corporate.kenya-airways.com/globalassets/corporate/investment--shareholders/financial-results/2018/chairmans_statement_twelve_month_ended_31st_dec_2018.pdf,linked from issuer page,application/pdf (inferred from source link),Issuer website,
NSE-00868,British American Tobacco Kenya PLC,BAT,Annual / full-year,Annual report,2023,BAT Kenya — Financial and Sustainability Reports,https://www.batkenya.com/investors-and-reporting/financial-sustainability-reports,https://www.batkenya.com/content/dam/endmarkets/ke/en/download/investors-and-reporting/annual-reports/Annual-Report-2023.pdf,linked from issuer page,application/pdf (inferred from source link),Issuer website,
NSE-00869,British American Tobacco Kenya PLC,BAT,Annual / full-year,Annual report,2022,BAT Kenya — Financial and Sustainability Reports,https://www.batkenya.com/investors-and-reporting/financial-sustainability-reports,https://www.batkenya.com/content/dam/endmarkets/ke/en/download/investors-and-reporting/annual-reports/Annual-Report-2022.pdf,linked from issuer page,application/pdf (inferred from source link),Issuer website,
NSE-00870,British American Tobacco Kenya PLC,BAT,Annual / full-year,Annual report,2021,BAT Kenya — Financial and Sustainability Reports,https://www.batkenya.com/investors-and-reporting/financial-sustainability-reports,https://www.batkenya.com/content/dam/endmarkets/ke/en/download/investors-and-reporting/annual-reports/Annual-Report-2021.pdf,linked from issuer page,application/pdf (inferred from source link),Issuer website,
NSE-00871,British American Tobacco Kenya PLC,BAT,Annual / full-year,Annual report,2020,BAT Kenya — Financial and Sustainability Reports,https://www.batkenya.com/investors-and-reporting/financial-sustainability-reports,https://www.batkenya.com/content/dam/endmarkets/ke/en/download/investors-and-reporting/annual-reports/Annual-Report-2020.pdf,linked from issuer page,application/pdf (inferred from source link),Issuer website,
NSE-00872,British American Tobacco Kenya PLC,BAT,Annual / full-year,Annual report,2019,BAT Kenya — Financial and Sustainability Reports,https://www.batkenya.com/investors-and-reporting/financial-sustainability-reports,https://www.batkenya.com/content/dam/endmarkets/ke/en/download/investors-and-reporting/annual-reports/Annual-Report-2019.pdf,linked from issuer page,application/pdf (inferred from source link),Issuer website,
NSE-00873,British American Tobacco Kenya PLC,BAT,Annual / full-year,Annual report,2018,BAT Kenya — Financial and Sustainability Reports,https://www.batkenya.com/investors-and-reporting/financial-sustainability-reports,https://www.batkenya.com/content/dam/endmarkets/ke/en/download/investors-and-reporting/annual-reports/Annual-Report-2018.pdf,linked from issuer page,application/pdf (inferred from source link),Issuer website,
NSE-00874,British American Tobacco Kenya PLC,BAT,Annual / full-year,Annual report,2017,BAT Kenya — Financial and Sustainability Reports,https://www.batkenya.com/investors-and-reporting/financial-sustainability-reports,https://www.batkenya.com/content/dam/endmarkets/ke/en/download/investors-and-reporting/annual-reports/Annual-Report-2017.pdf,linked from issuer page,application/pdf (inferred from source link),Issuer website,
NSE-00875,British American Tobacco Kenya PLC,BAT,Annual / full-year,Annual report,2016,BAT Kenya — Financial and Sustainability Reports,https://www.batkenya.com/investors-and-reporting/financial-sustainability-reports,https://www.batkenya.com/content/dam/endmarkets/ke/en/download/investors-and-reporting/annual-reports/Annual-Report-2016.pdf,linked from issuer page,application/pdf (inferred from source link),Issuer website,
NSE-00876,British American Tobacco Kenya PLC,BAT,Annual / full-year,Annual report,2015,BAT Kenya — Financial and Sustainability Reports,https://www.batkenya.com/investors-and-reporting/financial-sustainability-reports,https://www.batkenya.com/content/dam/endmarkets/ke/en/download/investors-and-reporting/annual-reports/Annual-Report-2015.pdf,linked from issuer page,application/pdf (inferred from source link),Issuer website,
NSE-00877,British American Tobacco Kenya PLC,BAT,Annual / full-year,Annual report,2014,BAT Kenya — Financial and Sustainability Reports,https://www.batkenya.com/investors-and-reporting/financial-sustainability-reports,https://www.batkenya.com/content/dam/endmarkets/ke/en/download/investors-and-reporting/annual-reports/Annual-Report-2014.pdf,linked from issuer page,application/pdf (inferred from source link),Issuer website,
NSE-00878,British American Tobacco Kenya PLC,BAT,Annual / full-year,Annual report,2013,BAT Kenya — Financial and Sustainability Reports,https://www.batkenya.com/investors-and-reporting/financial-sustainability-reports,https://www.batkenya.com/content/dam/endmarkets/ke/en/download/investors-and-reporting/annual-reports/Annual-Report-2013.pdf,linked from issuer page,application/pdf (inferred from source link),Issuer website,
NSE-00879,British American Tobacco Kenya PLC,BAT,Annual / full-year,Annual report,2012,BAT Kenya — Financial and Sustainability Reports,https://www.batkenya.com/investors-and-reporting/financial-sustainability-reports,https://www.batkenya.com/content/dam/endmarkets/ke/en/download/investors-and-reporting/annual-reports/Annual-Report-2012.pdf,linked from issuer page,application/pdf (inferred from source link),Issuer website,
NSE-00880,British American Tobacco Kenya PLC,BAT,Annual / full-year,Annual report,2011,BAT Kenya — Financial and Sustainability Reports,https://www.batkenya.com/investors-and-reporting/financial-sustainability-reports,https://www.batkenya.com/content/dam/endmarkets/ke/en/download/investors-and-reporting/annual-reports/Annual-Report-2011.pdf,linked from issuer page,application/pdf (inferred from source link),Issuer website,
NSE-00881,British American Tobacco Kenya PLC,BAT,Annual / full-year,Financial results / statements,2025,BAT Kenya — Financial and Sustainability Reports,https://www.batkenya.com/investors-and-reporting/financial-sustainability-reports,https://www.batkenya.com/content/dam/endmarkets/ke/en/download/investors-and-reporting/financial-statements/bat_kenya-2025_full_year_results.pdf,linked from issuer page,application/pdf (inferred from source link),Issuer website,
NSE-00882,British American Tobacco Kenya PLC,BAT,Semi-annual / half-year,Financial results / statements,2025,BAT Kenya — Financial and Sustainability Reports,https://www.batkenya.com/investors-and-reporting/financial-sustainability-reports,https://www.batkenya.com/content/dam/endmarkets/ke/en/download/investors-and-reporting/financial-statements/2025-Half-Year-Results.pdf,linked from issuer page,application/pdf (inferred from source link),Issuer website,
NSE-00883,British American Tobacco Kenya PLC,BAT,Annual / full-year,Financial results / statements,2024,BAT Kenya — Financial and Sustainability Reports,https://www.batkenya.com/investors-and-reporting/financial-sustainability-reports,https://www.batkenya.com/content/dam/endmarkets/ke/en/download/investors-and-reporting/financial-statements/bat_kenya-2024_full_year_results.pdf,linked from issuer page,application/pdf (inferred from source link),Issuer website,
NSE-00884,British American Tobacco Kenya PLC,BAT,Semi-annual / half-year,Financial results / statements,2024,BAT Kenya — Financial and Sustainability Reports,https://www.batkenya.com/investors-and-reporting/financial-sustainability-reports,https://www.batkenya.com/content/dam/endmarkets/ke/en/download/investors-and-reporting/financial-statements/2024-Half-Year-Results.pdf,linked from issuer page,application/pdf (inferred from source link),Issuer website,
NSE-00885,British American Tobacco Kenya PLC,BAT,Annual / full-year,Financial results / statements,2023,BAT Kenya — Financial and Sustainability Reports,https://www.batkenya.com/investors-and-reporting/financial-sustainability-reports,https://www.batkenya.com/content/dam/endmarkets/ke/en/download/investors-and-reporting/financial-statements/2023-Full-Year-Results.pdf,linked from issuer page,application/pdf (inferred from source link),Issuer website,
NSE-00886,British American Tobacco Kenya PLC,BAT,Semi-annual / half-year,Financial results / statements,2023,BAT Kenya — Financial and Sustainability Reports,https://www.batkenya.com/investors-and-reporting/financial-sustainability-reports,https://www.batkenya.com/content/dam/endmarkets/ke/en/download/investors-and-reporting/financial-statements/2023-Half-Year-Results.pdf,linked from issuer page,application/pdf (inferred from source link),Issuer website,
NSE-00887,British American Tobacco Kenya PLC,BAT,Annual / full-year,Financial results / statements,2022,BAT Kenya — Financial and Sustainability Reports,https://www.batkenya.com/investors-and-reporting/financial-sustainability-reports,https://www.batkenya.com/content/dam/endmarkets/ke/en/download/investors-and-reporting/financial-statements/2022-Full-Year-Results.pdf,linked from issuer page,application/pdf (inferred from source link),Issuer website,
NSE-00888,British American Tobacco Kenya PLC,BAT,Semi-annual / half-year,Financial results / statements,2022,BAT Kenya — Financial and Sustainability Reports,https://www.batkenya.com/investors-and-reporting/financial-sustainability-reports,https://www.batkenya.com/content/dam/endmarkets/ke/en/download/investors-and-reporting/financial-statements/2022-Half-Year-Results.pdf,linked from issuer page,application/pdf (inferred from source link),Issuer website,
NSE-00889,British American Tobacco Kenya PLC,BAT,Annual / full-year,Financial results / statements,2021,BAT Kenya — Financial and Sustainability Reports,https://www.batkenya.com/investors-and-reporting/financial-sustainability-reports,https://www.batkenya.com/content/dam/endmarkets/ke/en/download/investors-and-reporting/financial-statements/2021-Full-Year-Results.pdf,linked from issuer page,application/pdf (inferred from source link),Issuer website,
NSE-00890,British American Tobacco Kenya PLC,BAT,Semi-annual / half-year,Financial results / statements,2021,BAT Kenya — Financial and Sustainability Reports,https://www.batkenya.com/investors-and-reporting/financial-sustainability-reports,https://www.batkenya.com/content/dam/endmarkets/ke/en/download/investors-and-reporting/financial-statements/2021-Half-Year-Results.pdf,linked from issuer page,application/pdf (inferred from source link),Issuer website,
NSE-00891,British American Tobacco Kenya PLC,BAT,Annual / full-year,Financial results / statements,2020,BAT Kenya — Financial and Sustainability Reports,https://www.batkenya.com/investors-and-reporting/financial-sustainability-reports,https://www.batkenya.com/content/dam/endmarkets/ke/en/download/investors-and-reporting/financial-statements/2020-Full-Year-Results.pdf,linked from issuer page,application/pdf (inferred from source link),Issuer website,
NSE-00892,British American Tobacco Kenya PLC,BAT,Semi-annual / half-year,Financial results / statements,2020,BAT Kenya — Financial and Sustainability Reports,https://www.batkenya.com/investors-and-reporting/financial-sustainability-reports,https://www.batkenya.com/content/dam/endmarkets/ke/en/download/investors-and-reporting/financial-statements/2020-Half-Year-Results.pdf,linked from issuer page,application/pdf (inferred from source link),Issuer website,
NSE-00893,British American Tobacco Kenya PLC,BAT,Annual / full-year,Financial results / statements,2019,BAT Kenya — Financial and Sustainability Reports,https://www.batkenya.com/investors-and-reporting/financial-sustainability-reports,https://www.batkenya.com/content/dam/endmarkets/ke/en/download/investors-and-reporting/financial-statements/2019-Full-Year-Results.pdf,linked from issuer page,application/pdf (inferred from source link),Issuer website,
NSE-00894,British American Tobacco Kenya PLC,BAT,Semi-annual / half-year,Financial results / statements,2019,BAT Kenya — Financial and Sustainability Reports,https://www.batkenya.com/investors-and-reporting/financial-sustainability-reports,https://www.batkenya.com/content/dam/endmarkets/ke/en/download/investors-and-reporting/financial-statements/2019-Half-Year-Results.pdf,linked from issuer page,application/pdf (inferred from source link),Issuer website,
NSE-00895,British American Tobacco Kenya PLC,BAT,Annual / full-year,Financial results / statements,2018,BAT Kenya — Financial and Sustainability Reports,https://www.batkenya.com/investors-and-reporting/financial-sustainability-reports,https://www.batkenya.com/content/dam/endmarkets/ke/en/download/investors-and-reporting/financial-statements/2018-Full-Year-Results.pdf,linked from issuer page,application/pdf (inferred from source link),Issuer website,
NSE-00896,British American Tobacco Kenya PLC,BAT,Semi-annual / half-year,Financial results / statements,2018,BAT Kenya — Financial and Sustainability Reports,https://www.batkenya.com/investors-and-reporting/financial-sustainability-reports,https://www.batkenya.com/content/dam/endmarkets/ke/en/download/investors-and-reporting/financial-statements/2018-Half-Year-Results.pdf,linked from issuer page,application/pdf (inferred from source link),Issuer website,
NSE-00897,British American Tobacco Kenya PLC,BAT,Annual / full-year,Financial results / statements,2017,BAT Kenya — Financial and Sustainability Reports,https://www.batkenya.com/investors-and-reporting/financial-sustainability-reports,https://www.batkenya.com/content/dam/endmarkets/ke/en/download/investors-and-reporting/financial-statements/2017-Full-Year-Results.pdf,linked from issuer page,application/pdf (inferred from source link),Issuer website,
NSE-00898,British American Tobacco Kenya PLC,BAT,Semi-annual / half-year,Financial results / statements,2017,BAT Kenya — Financial and Sustainability Reports,https://www.batkenya.com/investors-and-reporting/financial-sustainability-reports,https://www.batkenya.com/content/dam/endmarkets/ke/en/download/investors-and-reporting/financial-statements/2017-Half-Year-Results.pdf,linked from issuer page,application/pdf (inferred from source link),Issuer website,
NSE-00899,Centum Investment Company PLC,CTUM,Annual / full-year,Annual report,2025,Centum — Annual Reports,https://centum.co.ke/annual-reports/,https://centum.co.ke/wp-content/uploads/2025/09/Centum-Integrated-Report-fy25.pdf,linked from issuer page,application/pdf (inferred from source link),Issuer website,
NSE-00900,Centum Investment Company PLC,CTUM,Annual / full-year,Annual report,2024,Centum — Annual Reports,https://centum.co.ke/annual-reports/,https://centum.co.ke/wp-content/uploads/2024/09/FY-2024-Centum-Integrated-Report.pdf,linked from issuer page,application/pdf (inferred from source link),Issuer website,
NSE-00901,Centum Investment Company PLC,CTUM,Annual / full-year,Annual report,2023,Centum — Annual Reports,https://centum.co.ke/annual-reports/,https://centum.co.ke/wp-content/uploads/2024/02/Centum_Investments_Plc_Integrated_Report_FY_2023.pdf,linked from issuer page,application/pdf (inferred from source link),Issuer website,
NSE-00902,Centum Investment Company PLC,CTUM,Annual / full-year,Financial results / statements,2022,Centum — Annual Reports,https://centum.co.ke/annual-reports/,https://centum.co.ke/wp-content/uploads/2024/02/Centum_Integrated_Report_and_Financial_Statement_FY2022.pdf,linked from issuer page,application/pdf (inferred from source link),Issuer website,
NSE-00903,Centum Investment Company PLC,CTUM,Annual / full-year,Annual report,2021,Centum — Annual Reports,https://centum.co.ke/annual-reports/,https://centum.co.ke/wp-content/uploads/2024/02/Centum_Annual_report_and_financial_statements_FY2021.pdf,linked from issuer page,application/pdf (inferred from source link),Issuer website,
NSE-00904,Centum Investment Company PLC,CTUM,Annual / full-year,Annual report,,Centum — Annual Reports,https://centum.co.ke/annual-reports/,https://centum.co.ke/wp-content/uploads/2024/02/Integrated_Report_FY2020.pdf,linked from issuer page,application/pdf (inferred from source link),Issuer website,
NSE-00905,Centum Investment Company PLC,CTUM,Annual / full-year,Annual report,,Centum — Annual Reports,https://centum.co.ke/annual-reports/,https://centum.co.ke/wp-content/uploads/2024/02/Centum_Annual_Report_FY19.pdf,linked from issuer page,application/pdf (inferred from source link),Issuer website,
NSE-00906,Centum Investment Company PLC,CTUM,Annual / full-year,Results booklet / abridged report,,Centum — Annual Reports,https://centum.co.ke/annual-reports/,https://centum.co.ke/wp-content/uploads/2024/02/CICL-Abridged_Annual_Report_FY18.pdf,linked from issuer page,application/pdf (inferred from source link),Issuer website,
NSE-00907,Centum Investment Company PLC,CTUM,Annual / full-year,Annual report,,Centum — Annual Reports,https://centum.co.ke/annual-reports/,https://centum.co.ke/wp-content/uploads/2024/02/CICL_Full_-Annual_Report_FY18.pdf,linked from issuer page,application/pdf (inferred from source link),Issuer website,
NSE-00908,Centum Investment Company PLC,CTUM,Annual / full-year,Annual report,2016,Centum — Annual Reports,https://centum.co.ke/annual-reports/,https://centum.co.ke/wp-content/uploads/2024/02/CentumAnnual_Report.pdf,linked from issuer page,application/pdf (inferred from source link),Issuer website,
NSE-00909,Centum Investment Company PLC,CTUM,Annual / full-year,Annual report,2014,Centum — Annual Reports,https://centum.co.ke/annual-reports/,https://centum.co.ke/wp-content/uploads/2024/02/Annual_Report_2014_2015.pdf,linked from issuer page,application/pdf (inferred from source link),Issuer website,
NSE-00910,Centum Investment Company PLC,CTUM,Semi-annual / half-year,Financial results / statements,2016,Centum — Annual Reports,https://centum.co.ke/annual-reports/,https://centum.co.ke/wp-content/uploads/2024/02/Centum_HY2016_Interim_Financial_Statements.pdf,linked from issuer page,application/pdf (inferred from source link),Issuer website,
NSE-00911,Centum Investment Company PLC,CTUM,Annual / full-year,Annual report,2013,Centum — Annual Reports,https://centum.co.ke/annual-reports/,https://centum.co.ke/wp-content/uploads/2024/02/Annual_Report_2013_2014.pdf,linked from issuer page,application/pdf (inferred from source link),Issuer website,
NSE-00912,Centum Investment Company PLC,CTUM,Annual / full-year,Annual report,2012,Centum — Annual Reports,https://centum.co.ke/annual-reports/,https://centum.co.ke/wp-content/uploads/2024/02/Annual_Report_2012_2013.pdf,linked from issuer page,application/pdf (inferred from source link),Issuer website,
NSE-00913,Centum Investment Company PLC,CTUM,Annual / full-year,Annual report,2011,Centum — Annual Reports,https://centum.co.ke/annual-reports/,https://centum.co.ke/wp-content/uploads/2024/02/Annual_Report_2011_2012.pdf,linked from issuer page,application/pdf (inferred from source link),Issuer website,
NSE-00914,Centum Investment Company PLC,CTUM,Annual / full-year,Annual report,2010,Centum — Annual Reports,https://centum.co.ke/annual-reports/,https://centum.co.ke/wp-content/uploads/2024/02/Annual_Report_2010_2011.pdf,linked from issuer page,application/pdf (inferred from source link),Issuer website,
NSE-00915,Centum Investment Company PLC,CTUM,Annual / full-year,Annual report,2009,Centum — Annual Reports,https://centum.co.ke/annual-reports/,https://centum.co.ke/wp-content/uploads/2024/02/Annual_Report_2009_2010.pdf,linked from issuer page,application/pdf (inferred from source link),Issuer website,
NSE-00916,Centum Investment Company PLC,CTUM,Annual / full-year,Annual report,2008,Centum — Annual Reports,https://centum.co.ke/annual-reports/,https://centum.co.ke/wp-content/uploads/2024/02/Annual_Report_2008_2009.pdf,linked from issuer page,application/pdf (inferred from source link),Issuer website,
NSE-00917,Centum Investment Company PLC,CTUM,Annual / full-year,Annual report,2007,Centum — Annual Reports,https://centum.co.ke/annual-reports/,https://centum.co.ke/wp-content/uploads/2024/02/Annual_Report_2007_2008.pdf,linked from issuer page,application/pdf (inferred from source link),Issuer website,
NSE-00918,Centum Investment Company PLC,CTUM,Annual / full-year,Annual report,2006,Centum — Annual Reports,https://centum.co.ke/annual-reports/,https://centum.co.ke/wp-content/uploads/2024/02/Annual_Report_2006_2007.pdf,linked from issuer page,application/pdf (inferred from source link),Issuer website,
NSE-00919,Centum Investment Company PLC,CTUM,Annual / full-year,Annual report,2003,Centum — Annual Reports,https://centum.co.ke/annual-reports/,https://centum.co.ke/wp-content/uploads/2024/02/Annual_Report_2003_2004.pdf,linked from issuer page,application/pdf (inferred from source link),Issuer website,
NSE-00920,Centum Investment Company PLC,CTUM,Annual / full-year,Annual report,2002,Centum — Annual Reports,https://centum.co.ke/annual-reports/,https://centum.co.ke/wp-content/uploads/2024/02/Annual_Report_2002_2003.pdf,linked from issuer page,application/pdf (inferred from source link),Issuer website,
NSE-00921,Centum Investment Company PLC,CTUM,Quarterly,Financial results / statements,2026,Centum — Financial Results,https://centum.co.ke/financial-results/,https://centum.co.ke/wp-content/uploads/2026/07/Centum-Results-2026-FA-KE.pdf,linked from issuer page,application/pdf (inferred from source link),Issuer website,
NSE-00922,Centum Investment Company PLC,CTUM,Semi-annual / half-year,Financial results / statements,2025,Centum — Financial Results,https://centum.co.ke/financial-results/,https://centum.co.ke/wp-content/uploads/2025/11/Centum-FPGHYear-Results-2025-vfinal.pdf,linked from issuer page,application/pdf (inferred from source link),Issuer website,
NSE-00923,Centum Investment Company PLC,CTUM,Annual / full-year,Financial results / statements,2025,Centum — Financial Results,https://centum.co.ke/financial-results/,https://centum.co.ke/wp-content/uploads/2025/07/Centum-Results-Full-year-OUTLINED-2025-FA-2.pdf,linked from issuer page,application/pdf (inferred from source link),Issuer website,
NSE-00924,Centum Investment Company PLC,CTUM,Semi-annual / half-year,Financial results / statements,,Centum — Financial Results,https://centum.co.ke/financial-results/,https://centum.co.ke/wp-content/uploads/2024/11/Centum-Results-Halfyear-FY25.pdf,linked from issuer page,application/pdf (inferred from source link),Issuer website,
NSE-00925,Centum Investment Company PLC,CTUM,Quarterly,Financial results / statements,2024,Centum — Financial Results,https://centum.co.ke/financial-results/,https://centum.co.ke/wp-content/uploads/2024/07/Centum-Results-Full-year-ended-31-March-2024-FA-30072024-1.pdf,linked from issuer page,application/pdf (inferred from source link),Issuer website,
NSE-00926,Centum Investment Company PLC,CTUM,Semi-annual / half-year,Financial results / statements,,Centum — Financial Results,https://centum.co.ke/financial-results/,https://centum.co.ke/wp-content/uploads/2024/02/Centum_Results_Halfyear_FY24.pdf,linked from issuer page,application/pdf (inferred from source link),Issuer website,
NSE-00927,Centum Investment Company PLC,CTUM,Semi-annual / half-year,Results announcement / commentary,2019,Centum — Financial Results,https://centum.co.ke/financial-results/,https://centum.co.ke/wp-content/uploads/2024/02/HY19_Press_Commentary.pdf,linked from issuer page,application/pdf (inferred from source link),Issuer website,
NSE-00928,Centum Investment Company PLC,CTUM,Annual / full-year,Investor presentation,2019,Centum — Financial Results,https://centum.co.ke/financial-results/,https://centum.co.ke/wp-content/uploads/2023/09/CICL_Financial_Statements_FY19.pdf,linked from issuer page,application/pdf (inferred from source link),Issuer website,
NSE-00929,Centum Investment Company PLC,CTUM,Annual / full-year,Investor presentation,2019,Centum — Financial Results,https://centum.co.ke/financial-results/,https://centum.co.ke/wp-content/uploads/2023/09/FY19_Investor_Briefing_Presentation.pdf,linked from issuer page,application/pdf (inferred from source link),Issuer website,
NSE-00930,Centum Investment Company PLC,CTUM,Annual / full-year,Investor presentation,2019,Centum — Financial Results,https://centum.co.ke/financial-results/,https://centum.co.ke/wp-content/uploads/2023/09/FY19_CEO_Commentary.pdf,linked from issuer page,application/pdf (inferred from source link),Issuer website,
NSE-00931,Centum Investment Company PLC,CTUM,Semi-annual / half-year,Investor presentation,2019,Centum — Financial Results,https://centum.co.ke/financial-results/,https://centum.co.ke/wp-content/uploads/2023/09/HY19_Investor_Briefing_Presentation.pdf,linked from issuer page,application/pdf (inferred from source link),Issuer website,
NSE-00932,Centum Investment Company PLC,CTUM,Semi-annual / half-year,Investor presentation,2019,Centum — Financial Results,https://centum.co.ke/financial-results/,https://centum.co.ke/wp-content/uploads/2023/09/CICP_Group_Interim_Financial_Statement_30_September_2018.pdf,linked from issuer page,application/pdf (inferred from source link),Issuer website,
NSE-00933,Centum Investment Company PLC,CTUM,Annual / full-year,Investor presentation,2020,Centum — Financial Results,https://centum.co.ke/financial-results/,https://centum.co.ke/wp-content/uploads/2023/09/Centum-FY2020-Investor-Briefing-Presentation.pdf,linked from issuer page,application/pdf (inferred from source link),Issuer website,
NSE-00934,Centum Investment Company PLC,CTUM,Annual / full-year,Financial results / statements,2020,Centum — Financial Results,https://centum.co.ke/financial-results/,https://centum.co.ke/wp-content/uploads/2023/09/Centum-Audited-Results-FY20.pdf,linked from issuer page,application/pdf (inferred from source link),Issuer website,
NSE-00935,Centum Investment Company PLC,CTUM,Semi-annual / half-year,Investor presentation,2020,Centum — Financial Results,https://centum.co.ke/financial-results/,https://centum.co.ke/wp-content/uploads/2023/09/HY-2020-Investor-Briefing-Presentation.pdf,linked from issuer page,application/pdf (inferred from source link),Issuer website,
NSE-00936,Centum Investment Company PLC,CTUM,Semi-annual / half-year,Investor presentation,2020,Centum — Financial Results,https://centum.co.ke/financial-results/,https://centum.co.ke/wp-content/uploads/2023/09/HY-2020-Interim-Financial-Statements.pdf,linked from issuer page,application/pdf (inferred from source link),Issuer website,
NSE-00937,Centum Investment Company PLC,CTUM,Annual / full-year,Financial results / statements,,Centum — Financial Results,https://centum.co.ke/financial-results/,https://centum.co.ke/wp-content/uploads/2023/09/Centum_Year_Results_2021.pdf,linked from issuer page,application/pdf (inferred from source link),Issuer website,
NSE-00938,Centum Investment Company PLC,CTUM,Annual / full-year,Investor presentation,2021,Centum — Financial Results,https://centum.co.ke/financial-results/,https://centum.co.ke/wp-content/uploads/2023/09/Centum_FY21_Investor_Briefing.pdf,linked from issuer page,application/pdf (inferred from source link),Issuer website,
NSE-00939,Centum Investment Company PLC,CTUM,Semi-annual / half-year,Financial results / statements,,Centum — Financial Results,https://centum.co.ke/financial-results/,https://centum.co.ke/wp-content/uploads/2023/09/Centum_Half_Year_Results_2020.pdf,linked from issuer page,application/pdf (inferred from source link),Issuer website,
NSE-00940,Centum Investment Company PLC,CTUM,Semi-annual / half-year,Investor presentation,2021,Centum — Financial Results,https://centum.co.ke/financial-results/,https://centum.co.ke/wp-content/uploads/2023/09/Centum-HY2021-Investor-Briefing.pdf,linked from issuer page,application/pdf (inferred from source link),Issuer website,
NSE-00941,Centum Investment Company PLC,CTUM,Annual / full-year,Investor presentation,2023,Centum — Financial Results,https://centum.co.ke/financial-results/,https://centum.co.ke/wp-content/uploads/2023/09/FY_2023_Investor_Briefing_Presentation.pdf,linked from issuer page,application/pdf (inferred from source link),Issuer website,
NSE-00942,Centum Investment Company PLC,CTUM,Annual / full-year,Financial results / statements,,Centum — Financial Results,https://centum.co.ke/financial-results/,https://centum.co.ke/wp-content/uploads/2023/09/Centum_Full_Year_Results_FY23.pdf,linked from issuer page,application/pdf (inferred from source link),Issuer website,
NSE-00943,Centum Investment Company PLC,CTUM,Semi-annual / half-year,Investor presentation,2023,Centum — Financial Results,https://centum.co.ke/financial-results/,https://centum.co.ke/wp-content/uploads/2023/09/Centum_HY2023_Investor_Presentation_Final_29112022.pdf,linked from issuer page,application/pdf (inferred from source link),Issuer website,
NSE-00944,Centum Investment Company PLC,CTUM,Semi-annual / half-year,Financial results / statements,,Centum — Financial Results,https://centum.co.ke/financial-results/,https://centum.co.ke/wp-content/uploads/2023/09/Centum_Results_Halfyear_2022_FA_press_v2.pdf,linked from issuer page,application/pdf (inferred from source link),Issuer website,
NSE-00945,Centum Investment Company PLC,CTUM,Annual / full-year,Investor presentation,2022,Centum — Financial Results,https://centum.co.ke/financial-results/,https://centum.co.ke/wp-content/uploads/2023/09/Full_Year_FY22_Investor_Briefing_Presentation.pdf,linked from issuer page,application/pdf (inferred from source link),Issuer website,
NSE-00946,Centum Investment Company PLC,CTUM,Annual / full-year,Financial results / statements,,Centum — Financial Results,https://centum.co.ke/financial-results/,https://centum.co.ke/wp-content/uploads/2023/09/Centum_Results_Full_Year_2022.pdf,linked from issuer page,application/pdf (inferred from source link),Issuer website,
NSE-00947,Centum Investment Company PLC,CTUM,Semi-annual / half-year,Financial results / statements,,Centum — Financial Results,https://centum.co.ke/financial-results/,https://centum.co.ke/wp-content/uploads/2023/09/Centum_Half_Year_Results_2022.pdf,linked from issuer page,application/pdf (inferred from source link),Issuer website,
NSE-00948,Centum Investment Company PLC,CTUM,Semi-annual / half-year,Investor presentation,2022,Centum — Financial Results,https://centum.co.ke/financial-results/,https://centum.co.ke/wp-content/uploads/2023/09/Centum_HY2022_Investor_Briefing_presentation.pdf,linked from issuer page,application/pdf (inferred from source link),Issuer website,
NSE-00949,Centum Investment Company PLC,CTUM,Semi-annual / half-year,Investor presentation,2018,Centum — Financial Results,https://centum.co.ke/financial-results/,https://centum.co.ke/wp-content/uploads/2023/09/Centum_Investment_Investor-Briefing_HY2018.pdf,linked from issuer page,application/pdf (inferred from source link),Issuer website,
NSE-00950,Centum Investment Company PLC,CTUM,Semi-annual / half-year,Investor presentation,2018,Centum — Financial Results,https://centum.co.ke/financial-results/,https://centum.co.ke/wp-content/uploads/2023/09/Centum_Interim_Financial_Statements_30_September_2017.pdf,linked from issuer page,application/pdf (inferred from source link),Issuer website,
NSE-00951,Centum Investment Company PLC,CTUM,Annual / full-year,Investor presentation,2018,Centum — Financial Results,https://centum.co.ke/financial-results/,https://centum.co.ke/wp-content/uploads/2023/09/Centum_Investment_Company_Plc_FY18_Investor_Briefing.pdf,linked from issuer page,application/pdf (inferred from source link),Issuer website,
NSE-00952,Centum Investment Company PLC,CTUM,Annual / full-year,Investor presentation,2018,Centum — Financial Results,https://centum.co.ke/financial-results/,https://centum.co.ke/wp-content/uploads/2023/09/CICL_Consolidated_Financials_FY18.pdf,linked from issuer page,application/pdf (inferred from source link),Issuer website,
NSE-00953,Centum Investment Company PLC,CTUM,Semi-annual / half-year,Investor presentation,2017,Centum — Financial Results,https://centum.co.ke/financial-results/,https://centum.co.ke/wp-content/uploads/2023/09/FY2017_Half_Year_Investor_Briefing-1.pdf,linked from issuer page,application/pdf (inferred from source link),Issuer website,
NSE-00954,Centum Investment Company PLC,CTUM,Semi-annual / half-year,Investor presentation,2017,Centum — Financial Results,https://centum.co.ke/financial-results/,https://centum.co.ke/wp-content/uploads/2023/09/Interim_Financial_Statements.pdf,linked from issuer page,application/pdf (inferred from source link),Issuer website,
NSE-00955,Centum Investment Company PLC,CTUM,Annual / full-year,Investor presentation,2017,Centum — Financial Results,https://centum.co.ke/financial-results/,https://centum.co.ke/wp-content/uploads/2023/09/FY2017_Half_Year_Investor_Briefing.pdf,linked from issuer page,application/pdf (inferred from source link),Issuer website,
NSE-00956,Centum Investment Company PLC,CTUM,Semi-annual / half-year,Investor presentation,2016,Centum — Financial Results,https://centum.co.ke/financial-results/,https://centum.co.ke/wp-content/uploads/2023/09/HY_2016_Analysts_BriefingPresentation.pdf,linked from issuer page,application/pdf (inferred from source link),Issuer website,
NSE-00957,Centum Investment Company PLC,CTUM,Periodic results material,Investor presentation,,Centum — Financial Results,https://centum.co.ke/financial-results/,https://centum.co.ke/wp-content/uploads/2023/09/Centum_Results_-Infograph_2016.pdf,linked from issuer page,application/pdf (inferred from source link),Issuer website,
NSE-00958,Centum Investment Company PLC,CTUM,Annual / full-year,Investor presentation,2016,Centum — Financial Results,https://centum.co.ke/financial-results/,https://centum.co.ke/wp-content/uploads/2023/09/FY_2016_Investor_Briefing_Presentation.pdf,linked from issuer page,application/pdf (inferred from source link),Issuer website,
NSE-00959,Centum Investment Company PLC,CTUM,Semi-annual / half-year,Investor presentation,2015,Centum — Financial Results,https://centum.co.ke/financial-results/,https://centum.co.ke/wp-content/uploads/2023/09/HY-2015-Investor-briefing_Final.pdf,linked from issuer page,application/pdf (inferred from source link),Issuer website,
NSE-00960,Centum Investment Company PLC,CTUM,Periodic results material,Investor presentation,,Centum — Financial Results,https://centum.co.ke/financial-results/,https://centum.co.ke/wp-content/uploads/2023/09/Centum_Results_-Infograph.pdf,linked from issuer page,application/pdf (inferred from source link),Issuer website,
NSE-00961,Centum Investment Company PLC,CTUM,Annual / full-year,Investor presentation,2014,Centum — Financial Results,https://centum.co.ke/financial-results/,https://centum.co.ke/wp-content/uploads/2023/09/Centum-Investor-Briefing-Presentation-FY2014.pdf,linked from issuer page,application/pdf (inferred from source link),Issuer website,
NSE-00962,Centum Investment Company PLC,CTUM,Semi-annual / half-year,Investor presentation,2013,Centum — Financial Results,https://centum.co.ke/financial-results/,https://centum.co.ke/wp-content/uploads/2023/09/Centum-Investor-Briefing-Presentation-20.-11.2012.pdf,linked from issuer page,application/pdf (inferred from source link),Issuer website,
NSE-00963,Kenya Reinsurance Corporation PLC,KNRE,Periodic results material,Periodic results material,,Kenya Re — Annual Reports,https://www.kenyare.co.ke/investor-relations/agm/annual-reports,https://www.kenyare.co.ke/sites/default/files/resource/documents/Kenya%20Re%20Report%202025%20-final.pdf,linked from issuer page,application/pdf (inferred from source link),Issuer website,
NSE-00964,Kenya Reinsurance Corporation PLC,KNRE,Periodic results material,Periodic results material,,Kenya Re — Annual Reports,https://www.kenyare.co.ke/investor-relations/agm/annual-reports,https://www.kenyare.co.ke/sites/default/files/resource/documents/Kenya%20Re%20Integrated%20Annual%20Report%202025.pdf,linked from issuer page,application/pdf (inferred from source link),Issuer website,
NSE-00965,Kenya Reinsurance Corporation PLC,KNRE,Periodic results material,Periodic results material,,Kenya Re — Annual Reports,https://www.kenyare.co.ke/investor-relations/agm/annual-reports,https://www.kenyare.co.ke/sites/default/files/resource/documents/KENYA%20RE%20Annual%20Report%202024_Draft_10_190625.pdf,linked from issuer page,application/pdf (inferred from source link),Issuer website,
NSE-00966,Kenya Reinsurance Corporation PLC,KNRE,Periodic results material,Periodic results material,,Kenya Re — Annual Reports,https://www.kenyare.co.ke/investor-relations/agm/annual-reports,https://www.kenyare.co.ke/sites/default/files/resource/documents/ANNUAL%20REPORT%202023_2%20%282%29.pdf,linked from issuer page,application/pdf (inferred from source link),Issuer website,
NSE-00967,Kenya Reinsurance Corporation PLC,KNRE,Periodic results material,Periodic results material,,Kenya Re — Annual Reports,https://www.kenyare.co.ke/investor-relations/agm/annual-reports,https://www.kenyare.co.ke/sites/default/files/resource/documents/2022%20Kenya%20Re%20Annual%20%20Report.pdf,linked from issuer page,application/pdf (inferred from source link),Issuer website,
NSE-00968,Kenya Reinsurance Corporation PLC,KNRE,Periodic results material,Periodic results material,,Kenya Re — Annual Reports,https://www.kenyare.co.ke/investor-relations/agm/annual-reports,https://www.kenyare.co.ke/sites/default/files/resource/documents/KENYA%20RE%20ANNUAL%20REPORT%202021_0.pdf,linked from issuer page,application/pdf (inferred from source link),Issuer website,
NSE-00969,Kenya Reinsurance Corporation PLC,KNRE,Periodic results material,Periodic results material,,Kenya Re — Annual Reports,https://www.kenyare.co.ke/investor-relations/agm/annual-reports,https://www.kenyare.co.ke/sites/default/files/resource/documents/Annual%20Report%202021%20for%20web_1.pdf,linked from issuer page,application/pdf (inferred from source link),Issuer website,
NSE-00970,Kenya Reinsurance Corporation PLC,KNRE,Periodic results material,Periodic results material,,Kenya Re — Annual Reports,https://www.kenyare.co.ke/investor-relations/agm/annual-reports,https://www.kenyare.co.ke/sites/default/files/resource/documents/KENYA%20RE%20ANNUAL%20REPORT%202019.pdf,linked from issuer page,application/pdf (inferred from source link),Issuer website,
NSE-00971,Kenya Reinsurance Corporation PLC,KNRE,Periodic results material,Periodic results material,,Kenya Re — Annual Reports,https://www.kenyare.co.ke/investor-relations/agm/annual-reports,https://www.kenyare.co.ke/sites/default/files/resource/documents/KENYA%20RE%20ANNUAL%20REPORT%202018.pdf,linked from issuer page,application/pdf (inferred from source link),Issuer website,
NSE-00972,Kenya Reinsurance Corporation PLC,KNRE,Periodic results material,Periodic results material,,Kenya Re — Financial Reports,https://www.kenyare.co.ke/investor-relations/financial-reports,https://www.kenyare.co.ke/sites/default/files/resource/documents/KENYA%20REINSURANCE%20CORPORATION%20LIMITED%202026%20HALF%20YEAR%20FINANCIAL%20RESULTS.pdf,linked from issuer page,application/pdf (inferred from source link),Issuer website,
NSE-00973,Kenya Reinsurance Corporation PLC,KNRE,Periodic results material,Periodic results material,,Kenya Re — Financial Reports,https://www.kenyare.co.ke/investor-relations/financial-reports,https://www.kenyare.co.ke/sites/default/files/resource/documents/FINAL%20HY%202025%20FINANCIALS%20LAYOUT%20AND%20ARTWORK.pdf,linked from issuer page,application/pdf (inferred from source link),Issuer website,
NSE-00974,Kenya Reinsurance Corporation PLC,KNRE,Periodic results material,Periodic results material,,Kenya Re — Financial Reports,https://www.kenyare.co.ke/investor-relations/financial-reports,https://www.kenyare.co.ke/sites/default/files/resource/documents/KENYA%20REINSURANCE%20CORPORATION%20LIMITED%202024%20HALF%20YEAR%20FINANCIAL%20RESULTS.pdf,linked from issuer page,application/pdf (inferred from source link),Issuer website,
NSE-00975,Kenya Reinsurance Corporation PLC,KNRE,Periodic results material,Periodic results material,,Kenya Re — Financial Reports,https://www.kenyare.co.ke/investor-relations/financial-reports,https://www.kenyare.co.ke/sites/default/files/resource/documents/KENYA%20REINSURANCE%20CORPORATION%20LIMITED%202023%20HALF%20YEAR%20FINANCIAL%20RESULTS.pdf,linked from issuer page,application/pdf (inferred from source link),Issuer website,
NSE-00976,Kenya Reinsurance Corporation PLC,KNRE,Periodic results material,Periodic results material,,Kenya Re — Financial Reports,https://www.kenyare.co.ke/investor-relations/financial-reports,https://www.kenyare.co.ke/sites/default/files/resource/documents/ANNUAL%20REPORT%202023_2%20%281%29.pdf,linked from issuer page,application/pdf (inferred from source link),Issuer website,
NSE-00977,Kenya Reinsurance Corporation PLC,KNRE,Periodic results material,Periodic results material,,Kenya Re — Financial Reports,https://www.kenyare.co.ke/investor-relations/financial-reports,https://www.kenyare.co.ke/sites/default/files/resource/documents/KENYA%20REINSURANCE%20CORPORATION%20LIMITED%202022%20HALF%20YEAR%20FINANCIAL%20RESULTS.pdf,linked from issuer page,application/pdf (inferred from source link),Issuer website,
NSE-00978,Kenya Reinsurance Corporation PLC,KNRE,Periodic results material,Periodic results material,,Kenya Re — Financial Reports,https://www.kenyare.co.ke/investor-relations/financial-reports,https://www.kenyare.co.ke/sites/default/files/resource/documents/KENYA%20REINSURANCE%20CORPORATION%20LTD%20FULL%20YEAR%202022%20FINANCIAL%20RESULTS.pdf,linked from issuer page,application/pdf (inferred from source link),Issuer website,
NSE-00979,Kenya Reinsurance Corporation PLC,KNRE,Periodic results material,Periodic results material,,Kenya Re — Financial Reports,https://www.kenyare.co.ke/investor-relations/financial-reports,https://www.kenyare.co.ke/sites/default/files/resource/documents/ABRIDGED%20KENYA%20REINSURANCE%20CORPORATION%20LIMITED%20FULL%20YEAR%202022%20%20FINANCIAL%20RESULTS.pdf,linked from issuer page,application/pdf (inferred from source link),Issuer website,
NSE-00980,Kenya Reinsurance Corporation PLC,KNRE,Periodic results material,Periodic results material,,Kenya Re — Financial Reports,https://www.kenyare.co.ke/investor-relations/financial-reports,https://www.kenyare.co.ke/sites/default/files/resource/documents/KENYA%20REINSURANCE%20CORPORATION%20LIMITED%202021%20HALF%20YEAR%20FINANCIAL%20RESULTS.pdf,linked from issuer page,application/pdf (inferred from source link),Issuer website,
NSE-00981,Kenya Reinsurance Corporation PLC,KNRE,Periodic results material,Periodic results material,,Kenya Re — Financial Reports,https://www.kenyare.co.ke/investor-relations/financial-reports,https://www.kenyare.co.ke/sites/default/files/resource/documents/2021%20FULL%20YEAR%20RESULTS.pdf,linked from issuer page,application/pdf (inferred from source link),Issuer website,
NSE-00982,Kenya Reinsurance Corporation PLC,KNRE,Periodic results material,Periodic results material,,Kenya Re — Financial Reports,https://www.kenyare.co.ke/investor-relations/financial-reports,https://www.kenyare.co.ke/sites/default/files/resource/documents/Financials%202021.pdf,linked from issuer page,application/pdf (inferred from source link),Issuer website,
NSE-00983,Kenya Reinsurance Corporation PLC,KNRE,Periodic results material,Periodic results material,,Kenya Re — Financial Reports,https://www.kenyare.co.ke/investor-relations/financial-reports,https://www.kenyare.co.ke/sites/default/files/resource/documents/FINAL%20KENYA%20RE%20FINANCIALS%202020_0.pdf,linked from issuer page,application/pdf (inferred from source link),Issuer website,
NSE-00984,Kenya Reinsurance Corporation PLC,KNRE,Periodic results material,Periodic results material,,Kenya Re — Financial Reports,https://www.kenyare.co.ke/investor-relations/financial-reports,https://www.kenyare.co.ke/sites/default/files/resource/documents/FINAL%20KENYA%20RE%20FINANCIALS%202020_1.pdf,linked from issuer page,application/pdf (inferred from source link),Issuer website,
NSE-00985,Kenya Reinsurance Corporation PLC,KNRE,Periodic results material,Periodic results material,,Kenya Re — Financial Reports,https://www.kenyare.co.ke/investor-relations/financial-reports,https://www.kenyare.co.ke/sites/default/files/investors/KENYA%20REINSURANCE%20CORPORATION%20LTD%20FULL%20YEAR%202019%20FINANCIAL%20RESULTS.pdf,linked from issuer page,application/pdf (inferred from source link),Issuer website,
NSE-00986,Kenya Reinsurance Corporation PLC,KNRE,Periodic results material,Periodic results material,,Kenya Re — Financial Reports,https://www.kenyare.co.ke/investor-relations/financial-reports,https://www.kenyare.co.ke/sites/default/files/resource/documents/KENYA%20RE%202019%20FINANCIAL%20STATEMENTS.pdf,linked from issuer page,application/pdf (inferred from source link),Issuer website,
NSE-00987,Kakuzi PLC,KUKZ,Semi-annual / half-year,Financial results / statements,2026,Kakuzi — Company Reports,https://www.kakuzi.co.ke/company-reports,https://www.kakuzi.co.ke/pages/7b47e83b-23ed-4e94-9a83-847969a45090/articles/7b47e83b-23ed-4e94-9a83-847969a45090.pdf,linked from issuer page,application/pdf (inferred from source link),Issuer website,
NSE-00988,Kakuzi PLC,KUKZ,Annual / full-year,Annual report,2025,Kakuzi — Company Reports,https://www.kakuzi.co.ke/company-reports,https://www.kakuzi.co.ke/pages/78b0c81c-9c8e-47cb-9bfb-4bfd56af94e6/articles/78b0c81c-9c8e-47cb-9bfb-4bfd56af94e6.pdf,linked from issuer page,application/pdf (inferred from source link),Issuer website,
NSE-00989,Kakuzi PLC,KUKZ,Semi-annual / half-year,Financial results / statements,2025,Kakuzi — Company Reports,https://www.kakuzi.co.ke/company-reports,https://www.kakuzi.co.ke/pages/28648c10-aaac-4503-adf8-5c7440dc5c79/articles/28648c10-aaac-4503-adf8-5c7440dc5c79.pdf,linked from issuer page,application/pdf (inferred from source link),Issuer website,
NSE-00990,Kakuzi PLC,KUKZ,Annual / full-year,Annual report,2024,Kakuzi — Company Reports,https://www.kakuzi.co.ke/company-reports,https://www.kakuzi.co.ke/pages/0b7a1f81-99a7-4688-9c00-31138a9aa126/articles/0b7a1f81-99a7-4688-9c00-31138a9aa126.pdf,linked from issuer page,application/pdf (inferred from source link),Issuer website,
NSE-00991,Kakuzi PLC,KUKZ,Semi-annual / half-year,Financial results / statements,2024,Kakuzi — Company Reports,https://www.kakuzi.co.ke/company-reports,https://www.kakuzi.co.ke/pages/6f0ee12f-7896-4d52-9f04-cec408fb862d/articles/6f0ee12f-7896-4d52-9f04-cec408fb862d.pdf,linked from issuer page,application/pdf (inferred from source link),Issuer website,
NSE-00992,Kakuzi PLC,KUKZ,Annual / full-year,Annual report,2023,Kakuzi — Company Reports,https://www.kakuzi.co.ke/company-reports,https://www.kakuzi.co.ke/pages/e0bf3806-fb77-4996-9bcc-bb477de6cfa4/articles/e0bf3806-fb77-4996-9bcc-bb477de6cfa4.pdf,linked from issuer page,application/pdf (inferred from source link),Issuer website,
NSE-00993,Kakuzi PLC,KUKZ,Semi-annual / half-year,Financial results / statements,2023,Kakuzi — Company Reports,https://www.kakuzi.co.ke/company-reports,https://www.kakuzi.co.ke/pages/ced0e9ae-8120-4d09-a3a8-2ef18e81beb0/articles/ced0e9ae-8120-4d09-a3a8-2ef18e81beb0.pdf,linked from issuer page,application/pdf (inferred from source link),Issuer website,
NSE-00994,Kakuzi PLC,KUKZ,Semi-annual / half-year,Financial results / statements,2023,Kakuzi — Company Reports,https://www.kakuzi.co.ke/company-reports,https://www.kakuzi.co.ke/pages/f4ea8b23-4848-42ce-80d3-82573131643b/articles/f4ea8b23-4848-42ce-80d3-82573131643b.pdf,linked from issuer page,application/pdf (inferred from source link),Issuer website,
NSE-00995,Kakuzi PLC,KUKZ,Annual / full-year,Annual report,2022,Kakuzi — Company Reports,https://www.kakuzi.co.ke/company-reports,https://www.kakuzi.co.ke/pages/7a64b487-534a-4e77-9344-4e25b7cbe734/articles/7a64b487-534a-4e77-9344-4e25b7cbe734.pdf,linked from issuer page,application/pdf (inferred from source link),Issuer website,
NSE-00996,Kakuzi PLC,KUKZ,Annual / full-year,Annual report,2021,Kakuzi — Company Reports,https://www.kakuzi.co.ke/company-reports,https://www.kakuzi.co.ke/pages/04a143bd-16b1-446e-90f7-cc3bf4576e85/articles/04a143bd-16b1-446e-90f7-cc3bf4576e85.pdf,linked from issuer page,application/pdf (inferred from source link),Issuer website,
NSE-00997,Kakuzi PLC,KUKZ,Semi-annual / half-year,Financial results / statements,2021,Kakuzi — Company Reports,https://www.kakuzi.co.ke/company-reports,https://www.kakuzi.co.ke/pages/9efb01b6-1248-45c6-ac2f-316b477eafe3/articles/9efb01b6-1248-45c6-ac2f-316b477eafe3.pdf,linked from issuer page,application/pdf (inferred from source link),Issuer website,
NSE-00998,Kakuzi PLC,KUKZ,Semi-annual / half-year,Financial results / statements,2021,Kakuzi — Company Reports,https://www.kakuzi.co.ke/company-reports,https://www.kakuzi.co.ke/pages/83d09b06-a999-4213-9cea-7f3db3a88dab/articles/83d09b06-a999-4213-9cea-7f3db3a88dab.pdf,linked from issuer page,application/pdf (inferred from source link),Issuer website,
NSE-00999,Kakuzi PLC,KUKZ,Annual / full-year,Annual report,2020,Kakuzi — Company Reports,https://www.kakuzi.co.ke/company-reports,https://www.kakuzi.co.ke/pages/6fcde79c-6909-469c-9748-1d0a32b76a00/articles/6fcde79c-6909-469c-9748-1d0a32b76a00.pdf,linked from issuer page,application/pdf (inferred from source link),Issuer website,
NSE-01000,Kakuzi PLC,KUKZ,Semi-annual / half-year,Financial results / statements,2020,Kakuzi — Company Reports,https://www.kakuzi.co.ke/company-reports,https://www.kakuzi.co.ke/pages/4fb165ef-8bc9-48d4-bc96-9296175d7d41/articles/4fb165ef-8bc9-48d4-bc96-9296175d7d41.pdf,linked from issuer page,application/pdf (inferred from source link),Issuer website,
NSE-01001,Kakuzi PLC,KUKZ,Semi-annual / half-year,Financial results / statements,2020,Kakuzi — Company Reports,https://www.kakuzi.co.ke/company-reports,https://www.kakuzi.co.ke/pages/30f9789f-0742-437f-a362-db7971301d27/articles/30f9789f-0742-437f-a362-db7971301d27.pdf,linked from issuer page,application/pdf (inferred from source link),Issuer website,
NSE-01002,Kakuzi PLC,KUKZ,Annual / full-year,Annual report,2019,Kakuzi — Company Reports,https://www.kakuzi.co.ke/company-reports,https://www.kakuzi.co.ke/pages/c0be5140-925e-49c8-8225-6109dd6c4ad7/articles/c0be5140-925e-49c8-8225-6109dd6c4ad7.pdf,linked from issuer page,application/pdf (inferred from source link),Issuer website,
NSE-01003,Kakuzi PLC,KUKZ,Annual / full-year,Annual report,2018,Kakuzi — Company Reports,https://www.kakuzi.co.ke/company-reports,https://www.kakuzi.co.ke/pages/7bf4e272-87c2-48f2-9aab-7f2c73fd65b3/articles/7bf4e272-87c2-48f2-9aab-7f2c73fd65b3.pdf,linked from issuer page,application/pdf (inferred from source link),Issuer website,
NSE-01004,Kakuzi PLC,KUKZ,Semi-annual / half-year,Financial results / statements,2018,Kakuzi — Company Reports,https://www.kakuzi.co.ke/company-reports,https://www.kakuzi.co.ke/pages/467d8222-c69a-4d5e-9b1b-dce16dc46009/articles/467d8222-c69a-4d5e-9b1b-dce16dc46009.pdf,linked from issuer page,application/pdf (inferred from source link),Issuer website,
NSE-01005,Kakuzi PLC,KUKZ,Annual / full-year,Annual report,2017,Kakuzi — Company Reports,https://www.kakuzi.co.ke/company-reports,https://www.kakuzi.co.ke/pages/587cc247-9789-4aa3-a4aa-faeafc7ec88f/articles/587cc247-9789-4aa3-a4aa-faeafc7ec88f.pdf,linked from issuer page,application/pdf (inferred from source link),Issuer website,
NSE-01006,Kakuzi PLC,KUKZ,Semi-annual / half-year,Financial results / statements,2017,Kakuzi — Company Reports,https://www.kakuzi.co.ke/company-reports,https://www.kakuzi.co.ke/pages/8dea4e10-cbf2-44a5-b758-05b1b8d83d80/articles/8dea4e10-cbf2-44a5-b758-05b1b8d83d80.pdf,linked from issuer page,application/pdf (inferred from source link),Issuer website,
NSE-01007,Kakuzi PLC,KUKZ,Annual / full-year,Annual report,2016,Kakuzi — Company Reports,https://www.kakuzi.co.ke/company-reports,https://www.kakuzi.co.ke/pages/429ba4ff-58be-4b14-a668-7e16a93f70ca/articles/429ba4ff-58be-4b14-a668-7e16a93f70ca.pdf,linked from issuer page,application/pdf (inferred from source link),Issuer website,
NSE-01008,Kakuzi PLC,KUKZ,Semi-annual / half-year,Financial results / statements,2016,Kakuzi — Company Reports,https://www.kakuzi.co.ke/company-reports,https://www.kakuzi.co.ke/pages/026d98fb-535f-4895-8dde-ad71b83a52c3/articles/026d98fb-535f-4895-8dde-ad71b83a52c3.pdf,linked from issuer page,application/pdf (inferred from source link),Issuer website,
NSE-01009,Kakuzi PLC,KUKZ,Annual / full-year,Annual report,2015,Kakuzi — Company Reports,https://www.kakuzi.co.ke/company-reports,https://www.kakuzi.co.ke/pages/751aa6ec-c251-41b6-bc94-a98f0a9acffa/articles/751aa6ec-c251-41b6-bc94-a98f0a9acffa.pdf,linked from issuer page,application/pdf (inferred from source link),Issuer website,
NSE-01010,Kakuzi PLC,KUKZ,Annual / full-year,Annual report,2014,Kakuzi — Company Reports,https://www.kakuzi.co.ke/company-reports,https://www.kakuzi.co.ke/pages/818f911c-0bd8-49ec-8639-9b57626b3fdf/articles/818f911c-0bd8-49ec-8639-9b57626b3fdf.pdf,linked from issuer page,application/pdf (inferred from source link),Issuer website,
NSE-01011,Sasini PLC,SASN,Annual / full-year,Annual report,2024,Sasini — Downloads,https://sasini.co.ke/downloads/,https://sasini.co.ke/download/sasini-plc-annual-report-and-financial-statement-year-ended-30-09-202/?wpdmdl=10023&refresh=6a8ffd079e03c1787821319,linked from issuer page,application/pdf (inferred from source link),Issuer website,
NSE-01012,Sasini PLC,SASN,Semi-annual / half-year,Financial results / statements,2023,Sasini — Downloads,https://sasini.co.ke/downloads/,https://sasini.co.ke/download/sasini-plc-half-year-results-unaudited-2023/?wpdmdl=4803&refresh=6a8ffd07b2a701787821319,linked from issuer page,application/pdf (inferred from source link),Issuer website,
NSE-01013,Sasini PLC,SASN,Annual / full-year,Annual report,2022,Sasini — Downloads,https://sasini.co.ke/downloads/,https://sasini.co.ke/download/sasini-plc-annual-report-and-financial-statement-year-ended-30-09-2022/?wpdmdl=4809&refresh=6a8ffd07babf71787821319,linked from issuer page,application/pdf (inferred from source link),Issuer website,
NSE-01014,Sasini PLC,SASN,Semi-annual / half-year,Financial results / statements,2022,Sasini — Downloads,https://sasini.co.ke/downloads/,https://sasini.co.ke/download/sasini-plc-half-year-results-unaudited-2022/?wpdmdl=7484&refresh=6a8ffd07c91c71787821319,linked from issuer page,application/pdf (inferred from source link),Issuer website,
NSE-01015,Sasini PLC,SASN,Quarterly,Annual report,2020,Sasini — Downloads,https://sasini.co.ke/downloads/,https://sasini.co.ke/download/annual-report-financial-statements-for-the-year-ended-30th-september-2020/?wpdmdl=7503&refresh=6a8ffd07cf51f1787821319,linked from issuer page,application/pdf (inferred from source link),Issuer website,
NSE-01016,Sasini PLC,SASN,Annual / full-year,Annual report,2021,Sasini — Downloads,https://sasini.co.ke/downloads/,https://sasini.co.ke/download/sasini-plc-annual-report-and-financial-statements-year-ended-30-09-2021/?wpdmdl=7491&refresh=6a8ffd07d58861787821319,linked from issuer page,application/pdf (inferred from source link),Issuer website,
NSE-01017,Sasini PLC,SASN,Semi-annual / half-year,Financial results / statements,2021,Sasini — Downloads,https://sasini.co.ke/downloads/,https://sasini.co.ke/download/sasini-plc-half-year-results-unaudited-2021/?wpdmdl=7493&refresh=6a8ffd07d9a6a1787821319,linked from issuer page,application/pdf (inferred from source link),Issuer website,
NSE-01018,Sasini PLC,SASN,Annual / full-year,Annual report,2019,Sasini — Downloads,https://sasini.co.ke/downloads/,https://sasini.co.ke/download/annual-report-financial-statement-for-the-year-ended-30-09-2019/?wpdmdl=7533&refresh=6a8ffd080c7301787821320,linked from issuer page,application/pdf (inferred from source link),Issuer website,
NSE-01019,Sasini PLC,SASN,Semi-annual / half-year,Financial results / statements,2019,Sasini — Downloads,https://sasini.co.ke/downloads/,https://sasini.co.ke/download/sasini-plc-half-year-results-unaudited-2019/?wpdmdl=7528&refresh=6a8ffd081075a1787821320,linked from issuer page,application/pdf (inferred from source link),Issuer website,
NSE-01020,Sasini PLC,SASN,Annual / full-year,Annual report,2018,Sasini — Downloads,https://sasini.co.ke/downloads/,https://sasini.co.ke/download/sasini-plc-annual-report-financial-statements-2018/?wpdmdl=7527&refresh=6a8ffd08128be1787821320,linked from issuer page,application/pdf (inferred from source link),Issuer website,
NSE-01021,Sasini PLC,SASN,Semi-annual / half-year,Financial results / statements,2018,Sasini — Downloads,https://sasini.co.ke/downloads/,https://sasini.co.ke/download/sasini-plc-half-year-results-un-audited-2018/?wpdmdl=7526&refresh=6a8ffd081499e1787821320,linked from issuer page,application/pdf (inferred from source link),Issuer website,
NSE-01022,Sasini PLC,SASN,Annual / full-year,Annual report,2017,Sasini — Downloads,https://sasini.co.ke/downloads/,https://sasini.co.ke/download/sasini-plc-annual-report-financial-statements-2017/?wpdmdl=7524&refresh=6a8ffd0816a941787821320,linked from issuer page,application/pdf (inferred from source link),Issuer website,
NSE-01023,Carbacid Investments PLC,CARB,Annual / full-year,Annual report,2025,Carbacid — Official Site,https://carbacid.com/,https://carbacid.com/documents/87/2025_Annual_Report.pdf,linked from issuer page,application/pdf (inferred from source link),Issuer website,
NSE-01024,TotalEnergies Marketing Kenya PLC,TOTL,Semi-annual / half-year,Financial results / statements,2026,TotalEnergies Marketing Kenya — Financials,https://totalenergies.ke/about-us/shareholder-information/financials,https://evp-api-totalenergies-dam-prod-cdn.wedia-group.com/api/media/play.html?PlayerUid=y60338b14d0a1d&MediaUid=b676366b-d931-45b4-a0e2-53ed82301c36,linked from issuer page,application/pdf (inferred from source link),Issuer website,
NSE-01025,TotalEnergies Marketing Kenya PLC,TOTL,Annual / full-year,Annual report,2025,TotalEnergies Marketing Kenya — Financials,https://totalenergies.ke/about-us/shareholder-information/financials,"https://dxm.content-center.totalenergies.com:443/api/wedia/dam/variation/xysh7dg731ta7eabxzzqgga7wh/original,default?hash=gcan6cbwfh3dyctsryau1qti8y7dype&dxm_cors_orign=76ABE9E30D5586637AC358998F93E703&download=true",linked from issuer page,application/pdf (inferred from source link),Issuer website,
NSE-01026,TotalEnergies Marketing Kenya PLC,TOTL,Annual / full-year,Annual report,2024,TotalEnergies Marketing Kenya — Financials,https://totalenergies.ke/about-us/shareholder-information/financials,"https://dxm.content-center.totalenergies.com:443/api/wedia/dam/variation/xysh7dg731tahyzrc7bk8nt74y/original,default?hash=geh16cbifh3dyctiryad1qtugr7dyqy&dxm_cors_orign=76ABE9E30D5586637AC358998F93E703&download=true",linked from issuer page,application/pdf (inferred from source link),Issuer website,
NSE-01027,TotalEnergies Marketing Kenya PLC,TOTL,Annual / full-year,Annual report,2023,TotalEnergies Marketing Kenya — Financials,https://totalenergies.ke/about-us/shareholder-information/financials,"https://dxm.content-center.totalenergies.com/api/wedia/dam/variation/xysh7dg731tahgrhsfdmkdguto/original,default",linked from issuer page,application/pdf (inferred from source link),Issuer website,
NSE-01028,TotalEnergies Marketing Kenya PLC,TOTL,Annual / full-year,Annual report,2022,TotalEnergies Marketing Kenya — Financials,https://totalenergies.ke/about-us/shareholder-information/financials,"https://dxm.content-center.totalenergies.com/api/wedia/dam/variation/xysh7dg731ta7eyyzo1mmtq1hy/original,default",linked from issuer page,application/pdf (inferred from source link),Issuer website,
NSE-01029,TotalEnergies Marketing Kenya PLC,TOTL,Annual / full-year,Annual report,2021,TotalEnergies Marketing Kenya — Financials,https://totalenergies.ke/about-us/shareholder-information/financials,"https://dxm.content-center.totalenergies.com/api/wedia/dam/variation/xysh7dg731tahiudhsyh89337y/original,default",linked from issuer page,application/pdf (inferred from source link),Issuer website,
NSE-01030,TotalEnergies Marketing Kenya PLC,TOTL,Annual / full-year,Annual report,2020,TotalEnergies Marketing Kenya — Financials,https://totalenergies.ke/about-us/shareholder-information/financials,"https://dxm.content-center.totalenergies.com/api/wedia/dam/variation/xysh7dg731ta7bz3qhfa98rkxc/original,default",linked from issuer page,application/pdf (inferred from source link),Issuer website,
NSE-01031,TotalEnergies Marketing Kenya PLC,TOTL,Annual / full-year,Annual report,2019,TotalEnergies Marketing Kenya — Financials,https://totalenergies.ke/about-us/shareholder-information/financials,"https://dxm.content-center.totalenergies.com/api/wedia/dam/variation/xysh7dg731ta7mmgwymr9upb6a/original,default",linked from issuer page,application/pdf (inferred from source link),Issuer website,
NSE-01032,TotalEnergies Marketing Kenya PLC,TOTL,Annual / full-year,Annual report,2018,TotalEnergies Marketing Kenya — Financials,https://totalenergies.ke/about-us/shareholder-information/financials,http://blog.total.co.ke/pdf/annual-report-and-financial-statements-for-the-year-ended-31-december-2018.pdf,linked from issuer page,application/pdf (inferred from source link),Issuer website,
NSE-01033,TotalEnergies Marketing Kenya PLC,TOTL,Annual / full-year,Annual report,2017,TotalEnergies Marketing Kenya — Financials,https://totalenergies.ke/about-us/shareholder-information/financials,"https://dxm.content-center.totalenergies.com/api/wedia/dam/variation/xysh7dg731ta7hgmpfm17mktqa/original,default",linked from issuer page,application/pdf (inferred from source link),Issuer website,
NSE-01034,TotalEnergies Marketing Kenya PLC,TOTL,Annual / full-year,Annual report,2016,TotalEnergies Marketing Kenya — Financials,https://totalenergies.ke/about-us/shareholder-information/financials,http://blog.total.co.ke/pdf/Annual-Report-and-Financial-Statements-for-the-year-ended-31-December-2016.pdf,linked from issuer page,application/pdf (inferred from source link),Issuer website,
NSE-01035,TotalEnergies Marketing Kenya PLC,TOTL,Annual / full-year,Annual report,2015,TotalEnergies Marketing Kenya — Financials,https://totalenergies.ke/about-us/shareholder-information/financials,"https://dxm.content-center.totalenergies.com/api/wedia/dam/variation/xysh7dg731ta7fz79bdjkahuao/original,default",linked from issuer page,application/pdf (inferred from source link),Issuer website,
NSE-01036,TotalEnergies Marketing Kenya PLC,TOTL,Periodic results material,Periodic results material,2014,TotalEnergies Marketing Kenya — Financials,https://totalenergies.ke/about-us/shareholder-information/financials,http://blog.total.co.ke/pdf/Total-Annual-Report-2014.pdf,linked from issuer page,application/pdf (inferred from source link),Issuer website,
NSE-01037,TotalEnergies Marketing Kenya PLC,TOTL,Periodic results material,Periodic results material,2013,TotalEnergies Marketing Kenya — Financials,https://totalenergies.ke/about-us/shareholder-information/financials,http://blog.total.co.ke/pdf/Total-Annual-Report-2013.pdf,linked from issuer page,application/pdf (inferred from source link),Issuer website,
NSE-01038,TotalEnergies Marketing Kenya PLC,TOTL,Annual / full-year,Financial results / statements,2012,TotalEnergies Marketing Kenya — Financials,https://totalenergies.ke/about-us/shareholder-information/financials,http://blog.total.co.ke/pdf/TKL-RESULTS-December-2012.pdf,linked from issuer page,application/pdf (inferred from source link),Issuer website,
NSE-01039,TotalEnergies Marketing Kenya PLC,TOTL,Annual / full-year,Financial results / statements,2011,TotalEnergies Marketing Kenya — Financials,https://totalenergies.ke/about-us/shareholder-information/financials,http://blog.total.co.ke/pdf/TKL-AUDITED-RESULTS-2011.pdf,linked from issuer page,application/pdf (inferred from source link),Issuer website,
NSE-01040,TotalEnergies Marketing Kenya PLC,TOTL,Annual / full-year,Financial results / statements,2010,TotalEnergies Marketing Kenya — Financials,https://totalenergies.ke/about-us/shareholder-information/financials,http://blog.total.co.ke/pdf/TKL-RESULTS-Dec-2010.pdf,linked from issuer page,application/pdf (inferred from source link),Issuer website,
NSE-01041,TotalEnergies Marketing Kenya PLC,TOTL,Periodic results material,Financial results / statements,2009,TotalEnergies Marketing Kenya — Financials,https://totalenergies.ke/about-us/shareholder-information/financials,http://blog.total.co.ke/pdf/TKL-final-Results-2009.pdf,linked from issuer page,application/pdf (inferred from source link),Issuer website,
NSE-01042,TotalEnergies Marketing Kenya PLC,TOTL,Annual / full-year,Financial results / statements,2008,TotalEnergies Marketing Kenya — Financials,https://totalenergies.ke/about-us/shareholder-information/financials,http://blog.total.co.ke/pdf/TKL-final-Results-2008.pdf,linked from issuer page,application/pdf (inferred from source link),Issuer website,
NSE-01043,TotalEnergies Marketing Kenya PLC,TOTL,Annual / full-year,Financial results / statements,2007,TotalEnergies Marketing Kenya — Financials,https://totalenergies.ke/about-us/shareholder-information/financials,http://blog.total.co.ke/pdf/TKL-AUDITED-RESULTS-2007.pdf,linked from issuer page,application/pdf (inferred from source link),Issuer website,
NSE-01044,TotalEnergies Marketing Kenya PLC,TOTL,Annual / full-year,Financial results / statements,2006,TotalEnergies Marketing Kenya — Financials,https://totalenergies.ke/about-us/shareholder-information/financials,http://blog.total.co.ke/pdf/Total-Results-DEC-2006.pdf,linked from issuer page,application/pdf (inferred from source link),Issuer website,
NSE-01045,TotalEnergies Marketing Kenya PLC,TOTL,Annual / full-year,Financial results / statements,2005,TotalEnergies Marketing Kenya — Financials,https://totalenergies.ke/about-us/shareholder-information/financials,http://blog.total.co.ke/pdf/TKL-Results-2005.pdf,linked from issuer page,application/pdf (inferred from source link),Issuer website,
NSE-01046,Longhorn Publishers PLC,LKL,Annual / full-year,Annual report,2025,Longhorn Publishers — Reports,https://www.longhornpublishers.com/investor-relations/reports/,https://www.longhornpublishers.com/wp-content/uploads/2025/11/Annual-Report-2025_compressed-1.pdf,linked from issuer page,application/pdf (inferred from source link),Issuer website,
NSE-01047,Longhorn Publishers PLC,LKL,Annual / full-year,Annual report,2024,Longhorn Publishers — Reports,https://www.longhornpublishers.com/investor-relations/reports/,https://www.longhornpublishers.com/wp-content/uploads/2024/11/Annual-Report-2024-Final_compressed-2.pdf,linked from issuer page,application/pdf (inferred from source link),Issuer website,
NSE-01048,Longhorn Publishers PLC,LKL,Annual / full-year,Annual report,2023,Longhorn Publishers — Reports,https://www.longhornpublishers.com/investor-relations/reports/,https://www.longhornpublishers.com/wp-content/uploads/2024/02/Longhorn-Publishers-PLC-Annual-Report-2023.pdf,linked from issuer page,application/pdf (inferred from source link),Issuer website,
NSE-01049,Longhorn Publishers PLC,LKL,Annual / full-year,Annual report,2022,Longhorn Publishers — Reports,https://www.longhornpublishers.com/investor-relations/reports/,https://www.longhornpublishers.com/wp-content/uploads/2024/01/Annual-Report-2022-1.pdf,linked from issuer page,application/pdf (inferred from source link),Issuer website,
NSE-01050,Longhorn Publishers PLC,LKL,Annual / full-year,Annual report,2021,Longhorn Publishers — Reports,https://www.longhornpublishers.com/investor-relations/reports/,https://www.longhornpublishers.com/wp-content/uploads/2024/01/Annual-Report-2021-1.pdf,linked from issuer page,application/pdf (inferred from source link),Issuer website,
NSE-01051,Longhorn Publishers PLC,LKL,Annual / full-year,Annual report,2020,Longhorn Publishers — Reports,https://www.longhornpublishers.com/investor-relations/reports/,https://www.longhornpublishers.com/wp-content/uploads/2024/01/Annual-Report-2020.pdf,linked from issuer page,application/pdf (inferred from source link),Issuer website,
NSE-01052,Longhorn Publishers PLC,LKL,Annual / full-year,Annual report,2019,Longhorn Publishers — Reports,https://www.longhornpublishers.com/investor-relations/reports/,https://www.longhornpublishers.com/wp-content/uploads/2024/02/Longhorn-Publishers-PLC-Annual-Report-2019.pdf,linked from issuer page,application/pdf (inferred from source link),Issuer website,
NSE-01053,Longhorn Publishers PLC,LKL,Annual / full-year,Annual report,2018,Longhorn Publishers — Reports,https://www.longhornpublishers.com/investor-relations/reports/,https://www.longhornpublishers.com/wp-content/uploads/2024/01/Annual-Report-2018.pdf,linked from issuer page,application/pdf (inferred from source link),Issuer website,
NSE-01054,Longhorn Publishers PLC,LKL,Annual / full-year,Annual report,2017,Longhorn Publishers — Reports,https://www.longhornpublishers.com/investor-relations/reports/,https://www.longhornpublishers.com/wp-content/uploads/2024/01/Annual-Report-2017.pdf,linked from issuer page,application/pdf (inferred from source link),Issuer website,
NSE-01055,Longhorn Publishers PLC,LKL,Annual / full-year,Annual report,2016,Longhorn Publishers — Reports,https://www.longhornpublishers.com/investor-relations/reports/,https://www.longhornpublishers.com/wp-content/uploads/2024/02/Longhorn-Publishers-PLC-Annual-Report-2016.pdf,linked from issuer page,application/pdf (inferred from source link),Issuer website,
NSE-01056,Longhorn Publishers PLC,LKL,Annual / full-year,Annual report,2015,Longhorn Publishers — Reports,https://www.longhornpublishers.com/investor-relations/reports/,https://www.longhornpublishers.com/wp-content/uploads/2024/01/Annual-Report-2015.pdf,linked from issuer page,application/pdf (inferred from source link),Issuer website,
NSE-01057,Longhorn Publishers PLC,LKL,Annual / full-year,Annual report,2014,Longhorn Publishers — Reports,https://www.longhornpublishers.com/investor-relations/reports/,https://www.longhornpublishers.com/wp-content/uploads/2024/02/Longhorn-Publishers-PLC-Annual-Report-2014.pdf,linked from issuer page,application/pdf (inferred from source link),Issuer website,
NSE-01058,Longhorn Publishers PLC,LKL,Semi-annual / half-year,Periodic results material,2026,Longhorn Publishers — Reports,https://www.longhornpublishers.com/investor-relations/reports/,https://www.longhornpublishers.com/wp-content/uploads/2026/02/Financials-HY-2025-AD-4.pdf,linked from issuer page,application/pdf (inferred from source link),Issuer website,
NSE-01059,Longhorn Publishers PLC,LKL,Annual / full-year,Results booklet / abridged report,2025,Longhorn Publishers — Reports,https://www.longhornpublishers.com/investor-relations/reports/,https://www.longhornpublishers.com/wp-content/uploads/2025/11/Press-Release-Financials-FY-2025-v2.pdf,linked from issuer page,application/pdf (inferred from source link),Issuer website,
NSE-01060,Longhorn Publishers PLC,LKL,Semi-annual / half-year,Periodic results material,2025,Longhorn Publishers — Reports,https://www.longhornpublishers.com/investor-relations/reports/,https://www.longhornpublishers.com/wp-content/uploads/2025/02/Financials-HY-2024-AD.pdf,linked from issuer page,application/pdf (inferred from source link),Issuer website,
NSE-01061,Longhorn Publishers PLC,LKL,Annual / full-year,Results booklet / abridged report,2024,Longhorn Publishers — Reports,https://www.longhornpublishers.com/investor-relations/reports/,https://www.longhornpublishers.com/wp-content/uploads/2024/09/Press-Release-Financials-FY-2024.pdf,linked from issuer page,application/pdf (inferred from source link),Issuer website,
NSE-01062,Longhorn Publishers PLC,LKL,Semi-annual / half-year,Periodic results material,2024,Longhorn Publishers — Reports,https://www.longhornpublishers.com/investor-relations/reports/,https://www.longhornpublishers.com/wp-content/uploads/2024/04/Half-year-results-Dec-2023.pdf,linked from issuer page,application/pdf (inferred from source link),Issuer website,
NSE-01063,Longhorn Publishers PLC,LKL,Annual / full-year,Results booklet / abridged report,2023,Longhorn Publishers — Reports,https://www.longhornpublishers.com/investor-relations/reports/,https://www.longhornpublishers.com/wp-content/uploads/2024/02/LH-Full-Year-Results-22-23.pdf,linked from issuer page,application/pdf (inferred from source link),Issuer website,
NSE-01064,Longhorn Publishers PLC,LKL,Semi-annual / half-year,Periodic results material,2023,Longhorn Publishers — Reports,https://www.longhornpublishers.com/investor-relations/reports/,https://www.longhornpublishers.com/wp-content/uploads/2024/02/LH-Half-Year-Results-22-23.pdf,linked from issuer page,application/pdf (inferred from source link),Issuer website,
NSE-01065,Longhorn Publishers PLC,LKL,Annual / full-year,Results booklet / abridged report,2022,Longhorn Publishers — Reports,https://www.longhornpublishers.com/investor-relations/reports/,https://www.longhornpublishers.com/wp-content/uploads/2024/02/LH-Full-Year-Results-21-22.pdf,linked from issuer page,application/pdf (inferred from source link),Issuer website,
NSE-01066,Longhorn Publishers PLC,LKL,Semi-annual / half-year,Periodic results material,2022,Longhorn Publishers — Reports,https://www.longhornpublishers.com/investor-relations/reports/,https://www.longhornpublishers.com/wp-content/uploads/2024/02/LH-Half-Year-Results-21-22.pdf,linked from issuer page,application/pdf (inferred from source link),Issuer website,
NSE-01067,Longhorn Publishers PLC,LKL,Annual / full-year,Results booklet / abridged report,2021,Longhorn Publishers — Reports,https://www.longhornpublishers.com/investor-relations/reports/,https://www.longhornpublishers.com/wp-content/uploads/2024/02/LH-Full-Year-Results-20-21.pdf,linked from issuer page,application/pdf (inferred from source link),Issuer website,
NSE-01068,Longhorn Publishers PLC,LKL,Semi-annual / half-year,Periodic results material,2021,Longhorn Publishers — Reports,https://www.longhornpublishers.com/investor-relations/reports/,https://www.longhornpublishers.com/wp-content/uploads/2024/02/LH-Half-Year-Results-20-21.pdf,linked from issuer page,application/pdf (inferred from source link),Issuer website,
NSE-01069,Longhorn Publishers PLC,LKL,Annual / full-year,Results booklet / abridged report,2020,Longhorn Publishers — Reports,https://www.longhornpublishers.com/investor-relations/reports/,https://www.longhornpublishers.com/wp-content/uploads/2024/02/LH-Full-Year-Results-19-20.pdf,linked from issuer page,application/pdf (inferred from source link),Issuer website,
NSE-01070,Longhorn Publishers PLC,LKL,Semi-annual / half-year,Periodic results material,2020,Longhorn Publishers — Reports,https://www.longhornpublishers.com/investor-relations/reports/,https://www.longhornpublishers.com/wp-content/uploads/2024/02/LH-Half-Year-Results-19-20.pdf,linked from issuer page,application/pdf (inferred from source link),Issuer website,
NSE-01071,Longhorn Publishers PLC,LKL,Semi-annual / half-year,Periodic results material,2019,Longhorn Publishers — Reports,https://www.longhornpublishers.com/investor-relations/reports/,https://www.longhornpublishers.com/wp-content/uploads/2024/02/LH-Half-Year-Results-18-19.pdf,linked from issuer page,application/pdf (inferred from source link),Issuer website,
NSE-01072,Longhorn Publishers PLC,LKL,Annual / full-year,Results booklet / abridged report,2018,Longhorn Publishers — Reports,https://www.longhornpublishers.com/investor-relations/reports/,https://www.longhornpublishers.com/wp-content/uploads/2024/02/LH-Full-Year-Results-17-18.pdf,linked from issuer page,application/pdf (inferred from source link),Issuer website,
NSE-01073,Longhorn Publishers PLC,LKL,Semi-annual / half-year,Periodic results material,2018,Longhorn Publishers — Reports,https://www.longhornpublishers.com/investor-relations/reports/,https://www.longhornpublishers.com/wp-content/uploads/2024/02/LH-Half-Year-results-17-18.pdf,linked from issuer page,application/pdf (inferred from source link),Issuer website,
NSE-01074,Longhorn Publishers PLC,LKL,Annual / full-year,Results booklet / abridged report,2016,Longhorn Publishers — Reports,https://www.longhornpublishers.com/investor-relations/reports/,https://www.longhornpublishers.com/wp-content/uploads/2024/02/LH-Full-Year-Results-15-16.pdf,linked from issuer page,application/pdf (inferred from source link),Issuer website,
NSE-01075,Longhorn Publishers PLC,LKL,Semi-annual / half-year,Periodic results material,2016,Longhorn Publishers — Reports,https://www.longhornpublishers.com/investor-relations/reports/,https://www.longhornpublishers.com/wp-content/uploads/2024/02/LH-Half-Year-results-15-16.pdf,linked from issuer page,application/pdf (inferred from source link),Issuer website,
NSE-01076,Longhorn Publishers PLC,LKL,Annual / full-year,Results booklet / abridged report,2015,Longhorn Publishers — Reports,https://www.longhornpublishers.com/investor-relations/reports/,https://www.longhornpublishers.com/wp-content/uploads/2024/02/LH-Full-Year-Results-14-15.pdf,linked from issuer page,application/pdf (inferred from source link),Issuer website,
NSE-01077,Longhorn Publishers PLC,LKL,Semi-annual / half-year,Periodic results material,2015,Longhorn Publishers — Reports,https://www.longhornpublishers.com/investor-relations/reports/,https://www.longhornpublishers.com/wp-content/uploads/2024/02/LH-Half-Year-Results-14-15.pdf,linked from issuer page,application/pdf (inferred from source link),Issuer website,
NSE-01078,Flame Tree Group Holdings PLC,FTGH,Annual / full-year,Annual report,2025,Flame Tree Group — Financial Reports,https://flametreegroup.com/financial-reports,https://admin.flametreegroup.com/storage/uploads/2026/06/03/FTG-Annual-Report-Y2025m_uid_6a1fdca703f92.pdf,linked from issuer page,application/pdf (inferred from source link),Issuer website,
NSE-01079,Flame Tree Group Holdings PLC,FTGH,Semi-annual / half-year,Results announcement / commentary,2024,Flame Tree Group — Financial Reports,https://flametreegroup.com/financial-reports,https://admin.flametreegroup.com/storage/uploads/2024/09/03/FTG-H1-2024-Results-Final-Press-Release_uid_66d6d9878c922.pdf,linked from issuer page,application/pdf (inferred from source link),Issuer website,
NSE-01080,Flame Tree Group Holdings PLC,FTGH,Annual / full-year,Annual report,2015,Flame Tree Group — Financial Reports,https://flametreegroup.com/financial-reports,https://admin.flametreegroup.com/storage/uploads/2023/12/05/FTG-Annual-Report-2015_uid_656edcd8b369a.pdf,linked from issuer page,application/pdf (inferred from source link),Issuer website,
NSE-01081,Flame Tree Group Holdings PLC,FTGH,Annual / full-year,Annual report,2014,Flame Tree Group — Financial Reports,https://flametreegroup.com/financial-reports,https://admin.flametreegroup.com/storage/uploads/2023/12/05/FTG-Annual-Report-2014_uid_656edcd867bbf.pdf,linked from issuer page,application/pdf (inferred from source link),Issuer website,
NSE-01082,Flame Tree Group Holdings PLC,FTGH,Annual / full-year,Annual report,2017,Flame Tree Group — Financial Reports,https://flametreegroup.com/financial-reports,https://admin.flametreegroup.com/storage/uploads/2023/12/05/FTG-Annual-Report-2017_uid_656edcd9223f1.pdf,linked from issuer page,application/pdf (inferred from source link),Issuer website,
NSE-01083,Flame Tree Group Holdings PLC,FTGH,Annual / full-year,Annual report,2016,Flame Tree Group — Financial Reports,https://flametreegroup.com/financial-reports,https://admin.flametreegroup.com/storage/uploads/2023/12/05/FTG-Annual-Report-2016_uid_656edcdaa2016.pdf,linked from issuer page,application/pdf (inferred from source link),Issuer website,
NSE-01084,Flame Tree Group Holdings PLC,FTGH,Annual / full-year,Annual report,2021,Flame Tree Group — Financial Reports,https://flametreegroup.com/financial-reports,https://admin.flametreegroup.com/storage/uploads/2023/12/05/FTG-Annual-Report-2021-final_uid_656edcda0813b.pdf,linked from issuer page,application/pdf (inferred from source link),Issuer website,
NSE-01085,Flame Tree Group Holdings PLC,FTGH,Periodic results material,Periodic results material,2015,Flame Tree Group — Financial Reports,https://flametreegroup.com/financial-reports,https://admin.flametreegroup.com/storage/uploads/2023/12/03/FTG-FInancial-Report-Dec-31-2015_uid_656c58c0efcdb.pdf,linked from issuer page,application/pdf (inferred from source link),Issuer website,
NSE-01086,Flame Tree Group Holdings PLC,FTGH,Annual / full-year,Annual report,2020,Flame Tree Group — Financial Reports,https://flametreegroup.com/financial-reports,https://admin.flametreegroup.com/storage/uploads/2023/12/06/FTG-Annual-Report-2020_uid_6570310f324f9.pdf,linked from issuer page,application/pdf (inferred from source link),Issuer website,
NSE-01087,Flame Tree Group Holdings PLC,FTGH,Annual / full-year,Annual report,2018,Flame Tree Group — Financial Reports,https://flametreegroup.com/financial-reports,https://admin.flametreegroup.com/storage/uploads/2023/12/03/FTG-Annual-Report-2018_uid_656c58c12dbb0.pdf,linked from issuer page,application/pdf (inferred from source link),Issuer website,
NSE-01088,Flame Tree Group Holdings PLC,FTGH,Annual / full-year,Annual report,2019,Flame Tree Group — Financial Reports,https://flametreegroup.com/financial-reports,https://admin.flametreegroup.com/storage/uploads/2023/12/03/FTG-Annual-Report-2019_uid_656c58c11594b.pdf,linked from issuer page,application/pdf (inferred from source link),Issuer website,
NSE-01089,BOC Kenya PLC,BOC,Annual / full-year,Annual report,2025,BOC Kenya — Investor Relations,https://www.boc.co.ke/our-business/investor-relations,https://assets.linde.com/-/media/global/africa/kenya/annual-reports/2025-annual-report.pdf,linked from issuer page,application/pdf (inferred from source link),Issuer website,
NSE-01090,BOC Kenya PLC,BOC,Annual / full-year,Annual report,2024,BOC Kenya — Investor Relations,https://www.boc.co.ke/our-business/investor-relations,https://assets.linde.com/-/media/global/africa/kenya/annual-reports/2024-annual-report--fs.pdf,linked from issuer page,application/pdf (inferred from source link),Issuer website,
NSE-01091,BOC Kenya PLC,BOC,Annual / full-year,Annual report,2011,BOC Kenya — Investor Relations,https://www.boc.co.ke/our-business/investor-relations,https://assets.linde.com/-/media/global/africa/kenya/annual-reports/reports/annual-report-2011.pdf,linked from issuer page,application/pdf (inferred from source link),Issuer website,
NSE-01092,BOC Kenya PLC,BOC,Annual / full-year,Annual report,2012,BOC Kenya — Investor Relations,https://www.boc.co.ke/our-business/investor-relations,https://assets.linde.com/-/media/global/africa/kenya/annual-reports/reports/annual-report-2012.pdf,linked from issuer page,application/pdf (inferred from source link),Issuer website,
NSE-01093,BOC Kenya PLC,BOC,Annual / full-year,Annual report,2013,BOC Kenya — Investor Relations,https://www.boc.co.ke/our-business/investor-relations,https://assets.linde.com/-/media/global/africa/kenya/annual-reports/reports/annual-report-2013.pdf,linked from issuer page,application/pdf (inferred from source link),Issuer website,
NSE-01094,BOC Kenya PLC,BOC,Annual / full-year,Annual report,2014,BOC Kenya — Investor Relations,https://www.boc.co.ke/our-business/investor-relations,https://assets.linde.com/-/media/global/africa/kenya/annual-reports/reports/annual-report-2014.pdf,linked from issuer page,application/pdf (inferred from source link),Issuer website,
NSE-01095,BOC Kenya PLC,BOC,Annual / full-year,Annual report,2015,BOC Kenya — Investor Relations,https://www.boc.co.ke/our-business/investor-relations,https://assets.linde.com/-/media/global/africa/kenya/annual-reports/reports/annual-report-2015.pdf,linked from issuer page,application/pdf (inferred from source link),Issuer website,
NSE-01096,BOC Kenya PLC,BOC,Annual / full-year,Annual report,2016,BOC Kenya — Investor Relations,https://www.boc.co.ke/our-business/investor-relations,https://assets.linde.com/-/media/global/africa/kenya/annual-reports/reports/annual-report-2016.pdf,linked from issuer page,application/pdf (inferred from source link),Issuer website,
NSE-01097,BOC Kenya PLC,BOC,Annual / full-year,Annual report,2017,BOC Kenya — Investor Relations,https://www.boc.co.ke/our-business/investor-relations,https://assets.linde.com/-/media/global/africa/kenya/annual-reports/reports/annual-report-2017.pdf,linked from issuer page,application/pdf (inferred from source link),Issuer website,
NSE-01098,BOC Kenya PLC,BOC,Annual / full-year,Annual report,2018,BOC Kenya — Investor Relations,https://www.boc.co.ke/our-business/investor-relations,https://assets.linde.com/-/media/global/africa/kenya/annual-reports/reports/annual-report-2018.pdf,linked from issuer page,application/pdf (inferred from source link),Issuer website,
NSE-01099,BOC Kenya PLC,BOC,Annual / full-year,Annual report,2020,BOC Kenya — Investor Relations,https://www.boc.co.ke/our-business/investor-relations,https://assets.linde.com/-/media/global/africa/kenya/annual-reports/reports/annual-report-2020.pdf,linked from issuer page,application/pdf (inferred from source link),Issuer website,
NSE-01100,BOC Kenya PLC,BOC,Annual / full-year,Annual report,2021,BOC Kenya — Investor Relations,https://www.boc.co.ke/our-business/investor-relations,https://assets.linde.com/-/media/global/africa/kenya/annual-reports/reports/annual-report-2022.pdf,linked from issuer page,application/pdf (inferred from source link),Issuer website,
NSE-01101,BOC Kenya PLC,BOC,Annual / full-year,Annual report,2023,BOC Kenya — Investor Relations,https://www.boc.co.ke/our-business/investor-relations,https://assets.linde.com/-/media/global/africa/kenya/annual-reports/reports/annual-report-2023.pdf,linked from issuer page,application/pdf (inferred from source link),Issuer website,
NSE-01102,Nairobi Securities Exchange PLC,NSE,Periodic results material,Periodic results material,2025,NSE PLC — Annual Reports,https://www.nse.co.ke/annual-reports/,https://www.nse.co.ke/wp-content/uploads/2025-NSE-integrated-annual-report.pdf,linked from issuer page,application/pdf (inferred from source link),Issuer website,
NSE-01103,Nairobi Securities Exchange PLC,NSE,Periodic results material,Periodic results material,2024,NSE PLC — Annual Reports,https://www.nse.co.ke/annual-reports/,https://www.nse.co.ke/wp-content/uploads/NSE-Plc-2024-Integrated-Annual-Report-and-Financial-Statement-1.pdf,linked from issuer page,application/pdf (inferred from source link),Issuer website,
NSE-01104,Nairobi Securities Exchange PLC,NSE,Periodic results material,Periodic results material,2023,NSE PLC — Annual Reports,https://www.nse.co.ke/annual-reports/,https://www.nse.co.ke/wp-content/uploads/NSE-Annual-Report-2023Interactive.pdf,linked from issuer page,application/pdf (inferred from source link),Issuer website,
NSE-01105,Nairobi Securities Exchange PLC,NSE,Periodic results material,Periodic results material,2022,NSE PLC — Annual Reports,https://www.nse.co.ke/annual-reports/,https://www.nse.co.ke/wp-content/uploads/NSE-Annual-Report-2022-Integrated-Report.pdf,linked from issuer page,application/pdf (inferred from source link),Issuer website,
NSE-01106,Nairobi Securities Exchange PLC,NSE,Periodic results material,Periodic results material,2021,NSE PLC — Annual Reports,https://www.nse.co.ke/annual-reports/,https://www.nse.co.ke/wp-content/uploads/NSE-2021-ANNUAL-REPORT-AND-FINANCIAL-STATEMENTS-1.pdf,linked from issuer page,application/pdf (inferred from source link),Issuer website,
NSE-01107,Nairobi Securities Exchange PLC,NSE,Periodic results material,Periodic results material,2020,NSE PLC — Annual Reports,https://www.nse.co.ke/annual-reports/,https://www.nse.co.ke/wp-content/uploads/2020-integrated-report-and-financial-statements.pdf,linked from issuer page,application/pdf (inferred from source link),Issuer website,
NSE-01108,Nairobi Securities Exchange PLC,NSE,Periodic results material,Periodic results material,2019,NSE PLC — Annual Reports,https://www.nse.co.ke/annual-reports/,https://www.nse.co.ke/wp-content/uploads/2019-Integrated-report-and-financial-statements-1.pdf,linked from issuer page,application/pdf (inferred from source link),Issuer website,
NSE-01109,Nation Media Group PLC,NMG,Periodic results material,Periodic results material,,Nation Media Group — Financial Reports,https://www.nationmedia.com/investor-relations/financial-reports/,https://www.nationmedia.com/wp-content/uploads/2026/06/NMG-Annual-report-Final-compressed-1.pdf,linked from issuer page,application/pdf (inferred from source link),Issuer website,
NSE-01110,Nation Media Group PLC,NMG,Periodic results material,Periodic results material,,Nation Media Group — Financial Reports,https://www.nationmedia.com/investor-relations/financial-reports/,https://www.nationmedia.com/wp-content/uploads/2025/06/NMG-Annual-Report-9th-June.pdf,linked from issuer page,application/pdf (inferred from source link),Issuer website,
NSE-01111,Nation Media Group PLC,NMG,Periodic results material,Periodic results material,2023,Nation Media Group — Financial Reports,https://www.nationmedia.com/investor-relations/financial-reports/,https://www.nationmedia.com/wp-content/uploads/2024/06/NMG-2023-Annual-Report-and-Financial-Statements.pdf,linked from issuer page,application/pdf (inferred from source link),Issuer website,
NSE-01112,Nation Media Group PLC,NMG,Periodic results material,Periodic results material,2022,Nation Media Group — Financial Reports,https://www.nationmedia.com/investor-relations/financial-reports/,https://www.nationmedia.com/wp-content/uploads/2023/06/NMG-2022-Annual-Report-and-Financial-Statements-1.pdf,linked from issuer page,application/pdf (inferred from source link),Issuer website,
NSE-01113,Nation Media Group PLC,NMG,Periodic results material,Periodic results material,2021,Nation Media Group — Financial Reports,https://www.nationmedia.com/investor-relations/financial-reports/,https://www.nationmedia.com/wp-content/uploads/2022/06/NMG-2021-Annual-Report-and-Financial-Statements.pdf,linked from issuer page,application/pdf (inferred from source link),Issuer website,
NSE-01114,Nation Media Group PLC,NMG,Periodic results material,Periodic results material,2020,Nation Media Group — Financial Reports,https://www.nationmedia.com/investor-relations/financial-reports/,https://www.nationmedia.com/wp-content/uploads/2021/05/NMG-2020-Final-Annual-Report-and-Financial-Statements.pdf,linked from issuer page,application/pdf (inferred from source link),Issuer website,
NSE-01115,Nation Media Group PLC,NMG,Periodic results material,Periodic results material,2017,Nation Media Group — Financial Reports,https://www.nationmedia.com/investor-relations/financial-reports/,https://www.nationmedia.com/wp-content/uploads/2018/06/NATION-ANNUAL-REPORT-2017.pdf,linked from issuer page,application/pdf (inferred from source link),Issuer website,
NSE-01116,Nation Media Group PLC,NMG,Periodic results material,Periodic results material,2016,Nation Media Group — Financial Reports,https://www.nationmedia.com/investor-relations/financial-reports/,https://www.nationmedia.com/wp-content/uploads/2017/06/NMG-2016-Annual-Report.pdf,linked from issuer page,application/pdf (inferred from source link),Issuer website,
NSE-01117,Nation Media Group PLC,NMG,Periodic results material,Periodic results material,2015,Nation Media Group — Financial Reports,https://www.nationmedia.com/investor-relations/financial-reports/,https://www.nationmedia.com/wp-content/uploads/2016/11/NMG2015AnnualReport.pdf,linked from issuer page,application/pdf (inferred from source link),Issuer website,
NSE-01118,Nation Media Group PLC,NMG,Periodic results material,Periodic results material,2014,Nation Media Group — Financial Reports,https://www.nationmedia.com/investor-relations/financial-reports/,https://www.nationmedia.com/wp-content/uploads/2016/09/2014FinancialReport.pdf,linked from issuer page,application/pdf (inferred from source link),Issuer website,
NSE-01119,Nation Media Group PLC,NMG,Periodic results material,Periodic results material,2013,Nation Media Group — Financial Reports,https://www.nationmedia.com/investor-relations/financial-reports/,https://www.nationmedia.com/wp-content/uploads/2017/05/NMG-2013-Annual-Report.pdf,linked from issuer page,application/pdf (inferred from source link),Issuer website,
NSE-01120,Jubilee Holdings PLC,JUB,Periodic results material,Periodic results material,2025,Jubilee — Annual Reports,https://jubileeinsurance.com/group/investor-relations/annual-reports/,https://jubileeinsurance.com/group/wp-content/uploads/2026/06/Jubilee-Holdings-2025-Annual-Integrated-Report.pdf,linked from issuer page,application/pdf (inferred from source link),Issuer website,
NSE-01121,Jubilee Holdings PLC,JUB,Periodic results material,Periodic results material,2024,Jubilee — Annual Reports,https://jubileeinsurance.com/group/investor-relations/annual-reports/,https://jubileeinsurance.com/group/wp-content/uploads/2025/05/Jubilee-_annual_report_2024.pdf,linked from issuer page,application/pdf (inferred from source link),Issuer website,
NSE-01122,Jubilee Holdings PLC,JUB,Annual / full-year,Annual report,2023,Jubilee — Annual Reports,https://jubileeinsurance.com/group/investor-relations/annual-reports/,https://jubileeinsurance.com/group/wp-content/uploads/2024/06/Jubilee Insurance 2023 Annual Report.pdf,linked from issuer page,application/pdf (inferred from source link),Issuer website,
NSE-01123,Jubilee Holdings PLC,JUB,Periodic results material,Periodic results material,2022,Jubilee — Annual Reports,https://jubileeinsurance.com/group/investor-relations/annual-reports/,https://jubileeinsurance.com/group/wp-content/uploads/2023/07/Jubilee-Insurance-2022-Annual-Report-For-Upload.pdf,linked from issuer page,application/pdf (inferred from source link),Issuer website,
NSE-01124,Jubilee Holdings PLC,JUB,Periodic results material,Periodic results material,2021,Jubilee — Annual Reports,https://jubileeinsurance.com/group/investor-relations/annual-reports/,https://jubileeinsurance.com/group/wp-content/uploads/2023/07/Jubilee-Insurance-2021-Annual-Report.pdf,linked from issuer page,application/pdf (inferred from source link),Issuer website,
NSE-01125,Jubilee Holdings PLC,JUB,Periodic results material,Periodic results material,2020,Jubilee — Annual Reports,https://jubileeinsurance.com/group/investor-relations/annual-reports/,https://jubileeinsurance.com/group/wp-content/uploads/2023/08/Jubilee-Insurance-2020-Annual-Report.pdf,linked from issuer page,application/pdf (inferred from source link),Issuer website,
NSE-01126,Jubilee Holdings PLC,JUB,Periodic results material,Periodic results material,2018,Jubilee — Annual Reports,https://jubileeinsurance.com/group/investor-relations/annual-reports/,https://jubileeinsurance.com/group/wp-content/uploads/2024/06/Jubilee-Holdings-2018-Annual-Report.pdf,linked from issuer page,application/pdf (inferred from source link),Issuer website,
NSE-01127,Jubilee Holdings PLC,JUB,Periodic results material,Periodic results material,2017,Jubilee — Annual Reports,https://jubileeinsurance.com/group/investor-relations/annual-reports/,https://jubileeinsurance.com/group/wp-content/uploads/2023/07/JHL-Annual-Report-2017.pdf,linked from issuer page,application/pdf (inferred from source link),Issuer website,
NSE-01128,Jubilee Holdings PLC,JUB,Periodic results material,Periodic results material,2016,Jubilee — Annual Reports,https://jubileeinsurance.com/group/investor-relations/annual-reports/,https://jubileeinsurance.com/group/wp-content/uploads/2023/07/Annual_Report-2016-1.pdf,linked from issuer page,application/pdf (inferred from source link),Issuer website,
NSE-01129,Jubilee Holdings PLC,JUB,Periodic results material,Periodic results material,2015,Jubilee — Annual Reports,https://jubileeinsurance.com/group/investor-relations/annual-reports/,https://jubileeinsurance.com/group/wp-content/uploads/2023/07/Jubilee-Annual-Report-2015-webversion.pdf,linked from issuer page,application/pdf (inferred from source link),Issuer website,
NSE-01130,Jubilee Holdings PLC,JUB,Periodic results material,Periodic results material,2014,Jubilee — Annual Reports,https://jubileeinsurance.com/group/investor-relations/annual-reports/,https://jubileeinsurance.com/group/wp-content/uploads/2023/07/Jubilee-Annual-report-2014-webversion.pdf,linked from issuer page,application/pdf (inferred from source link),Issuer website,
NSE-01131,Jubilee Holdings PLC,JUB,Periodic results material,Periodic results material,2013,Jubilee — Annual Reports,https://jubileeinsurance.com/group/investor-relations/annual-reports/,https://jubileeinsurance.com/group/wp-content/uploads/2023/07/JHL-Annual-Report-2013-Dist.pdf,linked from issuer page,application/pdf (inferred from source link),Issuer website,
NSE-01132,Jubilee Holdings PLC,JUB,Periodic results material,Periodic results material,2012,Jubilee — Annual Reports,https://jubileeinsurance.com/group/investor-relations/annual-reports/,https://jubileeinsurance.com/group/wp-content/uploads/2023/07/Annual_Report_2012.pdf,linked from issuer page,application/pdf (inferred from source link),Issuer website,
NSE-01133,Jubilee Holdings PLC,JUB,Periodic results material,Periodic results material,2011,Jubilee — Annual Reports,https://jubileeinsurance.com/group/investor-relations/annual-reports/,https://jubileeinsurance.com/group/wp-content/uploads/2023/07/Annual_Report_2011.pdf,linked from issuer page,application/pdf (inferred from source link),Issuer website,
NSE-01134,Nation Media Group PLC,NMG,Periodic results material,Financial results / statements,2026,NMG HY2026 Results - The Nation Media Group,https://www.nationmedia.com/investor_news/nmg-hy2026-results/,https://www.nationmedia.com/wp-content/uploads/2026/08/H1-2026-Results.pdf,linked from issuer page,application/pdf (inferred from source link),Issuer website,2026-08-20
NSE-01135,Car & General (Kenya) PLC,CGEN,Semi-annual / half-year,Periodic results material,2026,Car & General — Financial Reports,https://cargen.com/financial-reports/,https://cargen.com/wp-content/uploads/2026/08/CG-Unaudited-Accounts-2026.pdf,linked from issuer page,application/pdf (inferred from source link),Issuer website,
NSE-01136,Car & General (Kenya) PLC,CGEN,Annual / full-year,Financial results / statements,2025,Car & General — Financial Reports,https://cargen.com/financial-reports/,https://cargen.com/wp-content/uploads/2026/05/Audited-Financial-Statements-2025-Edited-1.pdf,linked from issuer page,application/pdf (inferred from source link),Issuer website,
NSE-01137,Car & General (Kenya) PLC,CGEN,Annual / full-year,Financial results / statements,2024,Car & General — Financial Reports,https://cargen.com/financial-reports/,https://cargen.com/wp-content/uploads/2025/04/Audited-2024-Financials.pdf,linked from issuer page,application/pdf (inferred from source link),Issuer website,
NSE-01138,Car & General (Kenya) PLC,CGEN,Semi-annual / half-year,Financial results / statements,2024,Car & General — Financial Reports,https://cargen.com/financial-reports/,https://cargen.com/wp-content/uploads/2024/08/Interim-Financial-Results-2024-Summary.pdf,linked from issuer page,application/pdf (inferred from source link),Issuer website,
NSE-01139,Car & General (Kenya) PLC,CGEN,Periodic results material,Periodic results material,2023,Car & General — Financial Reports,https://cargen.com/financial-reports/,https://cargen.com/wp-content/uploads/2024/07/Intergrated-Report-2023.pdf,linked from issuer page,application/pdf (inferred from source link),Issuer website,
NSE-01140,Car & General (Kenya) PLC,CGEN,Annual / full-year,Annual report,2022,Car & General — Financial Reports,https://cargen.com/financial-reports/,https://cargen.com/wp-content/uploads/2020/06/INTERGRATED-REPORT-2022.pdf,linked from issuer page,application/pdf (inferred from source link),Issuer website,
NSE-01141,Car & General (Kenya) PLC,CGEN,Periodic results material,Periodic results material,2020,Car & General — Financial Reports,https://cargen.com/financial-reports/,https://cargen.com/wp-content/uploads/2021/04/CG-Annual-Report-2020_Web-2.pdf,linked from issuer page,application/pdf (inferred from source link),Issuer website,
NSE-01142,Car & General (Kenya) PLC,CGEN,Annual / full-year,Annual report,2024,Car & General — Financial Reports,https://cargen.com/financial-reports/,https://cargen.com/wp-content/uploads/2025/04/Car-General-2024-Annual-Report.pdf,linked from issuer page,application/pdf (inferred from source link),Issuer website,
NSE-01143,Car & General (Kenya) PLC,CGEN,Annual / full-year,Annual report,2023,Car & General — Financial Reports,https://cargen.com/financial-reports/,https://cargen.com/wp-content/uploads/2024/04/4.-FS-2023-CG-Kenya-Plc-signed.pdf,linked from issuer page,application/pdf (inferred from source link),Issuer website,
NSE-01144,Car & General (Kenya) PLC,CGEN,Annual / full-year,Annual report,2022,Car & General — Financial Reports,https://cargen.com/financial-reports/,https://cargen.com/wp-content/uploads/2020/06/Car-General-2022-Annual-Report.pdf,linked from issuer page,application/pdf (inferred from source link),Issuer website,
NSE-01145,Car & General (Kenya) PLC,CGEN,Annual / full-year,Annual report,2021,Car & General — Financial Reports,https://cargen.com/financial-reports/,https://cargen.com/wp-content/uploads/2022/01/Car-General-Kenya-PLC-2021-Financial-Statements.pdf,linked from issuer page,application/pdf (inferred from source link),Issuer website,
NSE-01146,Car & General (Kenya) PLC,CGEN,Annual / full-year,Annual report,2019,Car & General — Financial Reports,https://cargen.com/financial-reports/,https://cargen.com/wp-content/uploads/2020/04/CG-2019.pdf,linked from issuer page,application/pdf (inferred from source link),Issuer website,
NSE-01147,Car & General (Kenya) PLC,CGEN,Annual / full-year,Annual report,2018,Car & General — Financial Reports,https://cargen.com/financial-reports/,https://cargen.com/wp-content/uploads/2020/04/CG-2018.pdf,linked from issuer page,application/pdf (inferred from source link),Issuer website,
NSE-01148,Car & General (Kenya) PLC,CGEN,Annual / full-year,Annual report,2017,Car & General — Financial Reports,https://cargen.com/financial-reports/,https://cargen.com/wp-content/uploads/2020/04/CG-2017.pdf,linked from issuer page,application/pdf (inferred from source link),Issuer website,
NSE-01149,Car & General (Kenya) PLC,CGEN,Annual / full-year,Annual report,2016,Car & General — Financial Reports,https://cargen.com/financial-reports/,https://cargen.com/wp-content/uploads/2020/04/CG-2016.pdf,linked from issuer page,application/pdf (inferred from source link),Issuer website,
NSE-01150,Car & General (Kenya) PLC,CGEN,Annual / full-year,Annual report,2015,Car & General — Financial Reports,https://cargen.com/financial-reports/,https://cargen.com/wp-content/uploads/2020/04/CG-2015.pdf,linked from issuer page,application/pdf (inferred from source link),Issuer website,
NSE-01151,Car & General (Kenya) PLC,CGEN,Annual / full-year,Annual report,2014,Car & General — Financial Reports,https://cargen.com/financial-reports/,https://cargen.com/wp-content/uploads/2020/04/CG-2014.pdf,linked from issuer page,application/pdf (inferred from source link),Issuer website,
NSE-01152,Car & General (Kenya) PLC,CGEN,Annual / full-year,Annual report,2013,Car & General — Financial Reports,https://cargen.com/financial-reports/,https://cargen.com/wp-content/uploads/2020/04/CG-2013.pdf,linked from issuer page,application/pdf (inferred from source link),Issuer website,
NSE-01153,Car & General (Kenya) PLC,CGEN,Periodic results material,Periodic results material,2026,Car & General — Financial Reports,https://cargen.com/financial-reports/,https://cargen.com/wp-content/uploads/2026/08/Car-General-Interim-Report-30-June-2026_signed-1.pdf,linked from issuer page,application/pdf (inferred from source link),Issuer website,
NSE-01154,Car & General (Kenya) PLC,CGEN,Periodic results material,Periodic results material,2024,Car & General — Financial Reports,https://cargen.com/financial-reports/,https://cargen.com/wp-content/uploads/2024/08/Car-General-Interim-Report-30-June-2024.pdf,linked from issuer page,application/pdf (inferred from source link),Issuer website,
NSE-01155,Car & General (Kenya) PLC,CGEN,Periodic results material,Periodic results material,2020,Car & General — Financial Reports,https://cargen.com/financial-reports/,https://cargen.com/wp-content/uploads/2021/05/Car-General-Interim-Report-31-March-2021.pdf,linked from issuer page,application/pdf (inferred from source link),Issuer website,
NSE-01156,Car & General (Kenya) PLC,CGEN,Periodic results material,Periodic results material,2019,Car & General — Financial Reports,https://cargen.com/financial-reports/,https://cargen.com/wp-content/uploads/2020/05/Car-General-Interim-Report-31-March-2020-Final.pdf,linked from issuer page,application/pdf (inferred from source link),Issuer website,
NSE-01157,Car & General (Kenya) PLC,CGEN,Annual / full-year,Annual report,2024,Car & General — Financial Reports,https://cargen.com/financial-reports/,https://cargen.com/wp-content/uploads/FS2024.pdf,linked from issuer page,application/pdf (inferred from source link),Issuer website,
NSE-01158,Car & General (Kenya) PLC,CGEN,Annual / full-year,Annual report,2022,Car & General — Financial Reports,https://cargen.com/financial-reports/,https://cargen.com/wp-content/uploads/2020/06/CG-INTERGRATED-REPORT-2022.pdf,linked from issuer page,application/pdf (inferred from source link),Issuer website,
NSE-01159,Car & General (Kenya) PLC,CGEN,Annual / full-year,Annual report,2021,Car & General — Financial Reports,https://cargen.com/financial-reports/,https://cargen.com/wp-content/uploads/2020/06/Car-General-Integrated-Report-2021-1.pdf,linked from issuer page,application/pdf (inferred from source link),Issuer website,
NSE-01160,Standard Group PLC,SGL,Semi-annual / half-year,Financial results / statements,2025,Standard Group — Investors,https://www.standardmedia.co.ke/corporate/investors,https://www.standardmedia.co.ke/corporate/assets/announcements/unaudited_group_results_for_the_6_month_period_ended_30_june_2025.pdf,linked from issuer page,application/pdf (inferred from source link),Issuer website,
NSE-01161,Standard Group PLC,SGL,Periodic results material,Financial results / statements,2024,Standard Group — Investors,https://www.standardmedia.co.ke/corporate/investors,https://www.standardmedia.co.ke/corporate/assets/reports/Financial_Statement_Year_2024.pdf,linked from issuer page,application/pdf (inferred from source link),Issuer website,
NSE-01162,Standard Group PLC,SGL,Periodic results material,Financial results / statements,2024,Standard Group — Investors,https://www.standardmedia.co.ke/corporate/investors,https://www.standardmedia.co.ke/corporate/assets/reports/AUDITED_GROUP_RESULTS_FOR_THE_YEAR_ENDED_31_DECEMBER_2024.pdf,linked from issuer page,application/pdf (inferred from source link),Issuer website,
NSE-01163,Standard Group PLC,SGL,Periodic results material,Periodic results material,2023,Standard Group — Investors,https://www.standardmedia.co.ke/corporate/investors,https://www.standardmedia.co.ke/corporate/assets/reports/annualreport_2023_v1.pdf,linked from issuer page,application/pdf (inferred from source link),Issuer website,
NSE-01164,Standard Group PLC,SGL,Annual / full-year,Annual report,2022,Standard Group — Investors,https://www.standardmedia.co.ke/corporate/investors,https://www.standardmedia.co.ke/corporate/assets/reports/sg_annual_report_2022.pdf,linked from issuer page,application/pdf (inferred from source link),Issuer website,
NSE-01165,Standard Group PLC,SGL,Annual / full-year,Financial results / statements,2023,Standard Group — Investors,https://www.standardmedia.co.ke/corporate/investors,https://www.standardmedia.co.ke/corporate/assets/reports/PUBLICATION_OF_THE_AUDITED_RESULTS_FOR_THE_PERIOD_ENDED_31ST_DECEMBER_2023.pdf,linked from issuer page,application/pdf (inferred from source link),Issuer website,
NSE-01166,Standard Group PLC,SGL,Periodic results material,Periodic results material,,Standard Group — Investors,https://www.standardmedia.co.ke/corporate/investors,https://www.standardmedia.co.ke/corporate/assets/reports/June_23_Publication.pdf,linked from issuer page,application/pdf (inferred from source link),Issuer website,
NSE-01167,Standard Group PLC,SGL,Annual / full-year,Annual report,2021,Standard Group — Investors,https://www.standardmedia.co.ke/corporate/investors,https://www.standardmedia.co.ke/corporate/assets/reports/TSG_PLC_ANNUAL_REPORT_FOR_THE_FY_2021.pdf,linked from issuer page,application/pdf (inferred from source link),Issuer website,
NSE-01168,Standard Group PLC,SGL,Periodic results material,Financial results / statements,2022,Standard Group — Investors,https://www.standardmedia.co.ke/corporate/investors,https://www.standardmedia.co.ke/corporate/assets/reports/The_Standard_Group_PLC_Audited_Group_Results_for_the_year_ended_31st_Dec_2022.pdf,linked from issuer page,application/pdf (inferred from source link),Issuer website,
NSE-01169,Standard Group PLC,SGL,Semi-annual / half-year,Financial results / statements,2022,Standard Group — Investors,https://www.standardmedia.co.ke/corporate/investors,https://www.standardmedia.co.ke/corporate/assets/reports/THE_STANDARD_GROUP_PLC_HALF_YEAR_UNAUDITED_RESULTS_FOR_THE_PERIOD_ENDED_30062022.pdf,linked from issuer page,application/pdf (inferred from source link),Issuer website,
NSE-01170,Standard Group PLC,SGL,Annual / full-year,Financial results / statements,2021,Standard Group — Investors,https://www.standardmedia.co.ke/corporate/investors,https://www.standardmedia.co.ke/corporate/assets/reports/THE_STANDARD_GROUP_PLC_AUDITED_FINANCIAL_STATEMENTS_FOR_THE_STANDARD_GROUP_PLC_PERIOD_ENDED_31ST _DECEMBER_2021.pdf,linked from issuer page,application/pdf (inferred from source link),Issuer website,
NSE-01171,Standard Group PLC,SGL,Semi-annual / half-year,Periodic results material,2021,Standard Group — Investors,https://www.standardmedia.co.ke/corporate/investors,https://www.standardmedia.co.ke/corporate/assets/reports/the-standard-group-plc-half-year-result-6-months-2021.pdf,linked from issuer page,application/pdf (inferred from source link),Issuer website,
NSE-01172,Standard Group PLC,SGL,Annual / full-year,Financial results / statements,2020,Standard Group — Investors,https://www.standardmedia.co.ke/corporate/investors,https://www.standardmedia.co.ke/corporate/sdteam/THE STANDARD GROUP PLC AUDITED RESULTS FOR THE YEAR ENDED 31.12.2020.pdf,linked from issuer page,application/pdf (inferred from source link),Issuer website,
NSE-01173,Standard Group PLC,SGL,Periodic results material,Financial results / statements,,Standard Group — Investors,https://www.standardmedia.co.ke/corporate/investors,https://www.standardmedia.co.ke/corporate/assets/reports/Standard_Group_Financials.pdf,linked from issuer page,application/pdf (inferred from source link),Issuer website,
NSE-01174,Standard Group PLC,SGL,Periodic results material,Periodic results material,2018,Standard Group — Investors,https://www.standardmedia.co.ke/corporate/investors,https://www.standardmedia.co.ke/corporate/assets/reports/annualreport_2018.pdf,linked from issuer page,application/pdf (inferred from source link),Issuer website,
NSE-01175,Standard Group PLC,SGL,Periodic results material,Periodic results material,2017,Standard Group — Investors,https://www.standardmedia.co.ke/corporate/investors,https://www.standardmedia.co.ke/corporate/assets/reports/annualreport_2017.pdf,linked from issuer page,application/pdf (inferred from source link),Issuer website,
NSE-01176,Standard Group PLC,SGL,Periodic results material,Periodic results material,2016,Standard Group — Investors,https://www.standardmedia.co.ke/corporate/investors,https://www.standardmedia.co.ke/corporate/assets/reports/annualreport_2016.pdf,linked from issuer page,application/pdf (inferred from source link),Issuer website,
NSE-01177,Standard Group PLC,SGL,Annual / full-year,Annual report,2018,Standard Group — Investors,https://www.standardmedia.co.ke/corporate/investors,https://www.standardmedia.co.ke/corporate/assets/reports/Annual_Report_SG_2018.pdf,linked from issuer page,application/pdf (inferred from source link),Issuer website,
NSE-01178,Standard Group PLC,SGL,Periodic results material,Periodic results material,2017,Standard Group — Investors,https://www.standardmedia.co.ke/corporate/investors,https://www.standardmedia.co.ke/corporate/assets/annualreport2017.pdf,linked from issuer page,application/pdf (inferred from source link),Issuer website,
NSE-01179,Standard Group PLC,SGL,Periodic results material,Periodic results material,,Standard Group — Investors,https://www.standardmedia.co.ke/corporate/investors,https://www.standardmedia.co.ke/corporate/annualreport.pdf,linked from issuer page,application/pdf (inferred from source link),Issuer website,
NSE-01180,Standard Group PLC,SGL,Periodic results material,Periodic results material,2015,Standard Group — Investors,https://www.standardmedia.co.ke/corporate/investors,https://www.standardmedia.co.ke/corporate/annualreport2015.pdf,linked from issuer page,application/pdf (inferred from source link),Issuer website,
NSE-01181,Standard Group PLC,SGL,Periodic results material,Periodic results material,2014,Standard Group — Investors,https://www.standardmedia.co.ke/corporate/investors,https://www.standardmedia.co.ke/corporate/annualreport2014.pdf,linked from issuer page,application/pdf (inferred from source link),Issuer website,
NSE-01182,Standard Group PLC,SGL,Periodic results material,Periodic results material,2013,Standard Group — Investors,https://www.standardmedia.co.ke/corporate/investors,https://www.standardmedia.co.ke/corporate/annualreport2013.pdf,linked from issuer page,application/pdf (inferred from source link),Issuer website,
NSE-01183,Standard Group PLC,SGL,Periodic results material,Periodic results material,2012,Standard Group — Investors,https://www.standardmedia.co.ke/corporate/investors,https://www.standardmedia.co.ke/corporate/annualreport2012.pdf,linked from issuer page,application/pdf (inferred from source link),Issuer website,
NSE-01184,WPP-Scangroup PLC,SCAN,Semi-annual / half-year,Financial results / statements,2026,WPP-Scangroup — Investor Relations,https://wpp-scangroup.com/investor-relations/,https://cdn.wpp-scangroup.com/wppscangroupsite/2026/WPP-SCANGROUP-PLC-HALF-YEAR-RESULTS-2026.pdf,linked from issuer page,application/pdf (inferred from source link),Issuer website,
NSE-01185,WPP-Scangroup PLC,SCAN,Annual / full-year,Annual report,2025,WPP-Scangroup — Investor Relations,https://wpp-scangroup.com/investor-relations/,https://cdn.wpp-scangroup.com/wppscangroupsite/pdf/2026/WPP-ANNUAL-REPORT-2025.pdf,linked from issuer page,application/pdf (inferred from source link),Issuer website,
NSE-01186,WPP-Scangroup PLC,SCAN,Periodic results material,Financial results / statements,2025,WPP-Scangroup — Investor Relations,https://wpp-scangroup.com/investor-relations/,https://cdn.wpp-scangroup.com/wppscangroupsite/pdf/2026/WPP-SCANGROUP-PLC-SIGNED-FINANCIAL-STATEMENTS-YEAR-ENDED-31-DECEMBER-2025.pdf,linked from issuer page,application/pdf (inferred from source link),Issuer website,
NSE-01187,WPP-Scangroup PLC,SCAN,Periodic results material,Financial results / statements,2025,WPP-Scangroup — Investor Relations,https://wpp-scangroup.com/investor-relations/,https://cdn.wpp-scangroup.com/wppscangroupsite/pdf/2026/WPP-SCANGROUP-PLC-PUBLICATION-OF-THE-2025-FINANCIAL-YEAR-RESULTS.pdf,linked from issuer page,application/pdf (inferred from source link),Issuer website,
NSE-01188,WPP-Scangroup PLC,SCAN,Semi-annual / half-year,Financial results / statements,2025,WPP-Scangroup — Investor Relations,https://wpp-scangroup.com/investor-relations/,https://cdn.wpp-scangroup.com/wppscangroupsite/pdf/2025/WPP-SCANGROUP-PLC-HALF-YEAR-FINANCIAL-RESULTS-2025.pdf,linked from issuer page,application/pdf (inferred from source link),Issuer website,
NSE-01189,WPP-Scangroup PLC,SCAN,Annual / full-year,Annual report,2024,WPP-Scangroup — Investor Relations,https://wpp-scangroup.com/investor-relations/,https://cdn.wpp-scangroup.com/wppscangroupsite/pdf/downloads/WPP-SCANGROUP-PLC-2025-ANNUAL-REPORT.pdf,linked from issuer page,application/pdf (inferred from source link),Issuer website,
NSE-01190,WPP-Scangroup PLC,SCAN,Periodic results material,Financial results / statements,2024,WPP-Scangroup — Investor Relations,https://wpp-scangroup.com/investor-relations/,https://cdn.wpp-scangroup.com/wppscangroupsite/pdf/2025/WPP-SCANGROUP-PLC-FINANCIAL-STATEMENTS-2024.pdf,linked from issuer page,application/pdf (inferred from source link),Issuer website,
NSE-01191,WPP-Scangroup PLC,SCAN,Periodic results material,Results announcement / commentary,2024,WPP-Scangroup — Investor Relations,https://wpp-scangroup.com/investor-relations/,https://cdn.wpp-scangroup.com/wppscangroupsite/pdf/2025/FY-2024-Financial-results-Press-release.pdf,linked from issuer page,application/pdf (inferred from source link),Issuer website,
NSE-01192,WPP-Scangroup PLC,SCAN,Periodic results material,Financial results / statements,2024,WPP-Scangroup — Investor Relations,https://wpp-scangroup.com/investor-relations/,https://cdn.wpp-scangroup.com/wppscangroupsite/pdf/2025/WPP-SCANGROUP-PLC-2024-FINANCIAL-RESULTS-ANNOUNCEMENT.pdf,linked from issuer page,application/pdf (inferred from source link),Issuer website,
NSE-01193,WPP-Scangroup PLC,SCAN,Periodic results material,Results announcement / commentary,2024,WPP-Scangroup — Investor Relations,https://wpp-scangroup.com/investor-relations/,https://cdn.wpp-scangroup.com/wppscangroupsite/pdf/2024/WPP-Scangroup-Plc-press-release-on-ODPC-determination-dated-25th-October-24.pdf,linked from issuer page,application/pdf (inferred from source link),Issuer website,
NSE-01194,WPP-Scangroup PLC,SCAN,Semi-annual / half-year,Financial results / statements,2024,WPP-Scangroup — Investor Relations,https://wpp-scangroup.com/investor-relations/,https://cdn.wpp-scangroup.com/wppscangroupsite/pdf/2024/August/WPP-Scangroup-Plc-2024-Half-Year-Results.pdf,linked from issuer page,application/pdf (inferred from source link),Issuer website,
NSE-01195,WPP-Scangroup PLC,SCAN,Annual / full-year,Annual report,2023,WPP-Scangroup — Investor Relations,https://wpp-scangroup.com/investor-relations/,https://cdn.wpp-scangroup.com/wppscangroupsite/pdf/2024/WPP-Scangroup-PLC-2023-Integrated-Annual-Report.pdf,linked from issuer page,application/pdf (inferred from source link),Issuer website,
NSE-01196,WPP-Scangroup PLC,SCAN,Periodic results material,Financial results / statements,2023,WPP-Scangroup — Investor Relations,https://wpp-scangroup.com/investor-relations/,https://cdn.wpp-scangroup.com/wppscangroupsite/pdf/2024/WPP-Scangroup-Plc-Consolidated-Financial-Statements-2023.pdf,linked from issuer page,application/pdf (inferred from source link),Issuer website,
NSE-01197,WPP-Scangroup PLC,SCAN,Periodic results material,Financial results / statements,2023,WPP-Scangroup — Investor Relations,https://wpp-scangroup.com/investor-relations/,https://cdn.wpp-scangroup.com/wppscangroupsite/pdf/2024/WPP-SCANGROUP-PLC-2023-FINANCIAL-RESULTS.pdf,linked from issuer page,application/pdf (inferred from source link),Issuer website,
NSE-01198,WPP-Scangroup PLC,SCAN,Semi-annual / half-year,Financial results / statements,2023,WPP-Scangroup — Investor Relations,https://wpp-scangroup.com/investor-relations/,https://cdn.wpp-scangroup.com/wppscangroupsite/pdf/2023/2023-HALF-YEAR-RESULTS.pdf,linked from issuer page,application/pdf (inferred from source link),Issuer website,
NSE-01199,WPP-Scangroup PLC,SCAN,Periodic results material,Financial results / statements,2022,WPP-Scangroup — Investor Relations,https://wpp-scangroup.com/investor-relations/,https://cdn.wpp-scangroup.com/wppscangroupsite/pdf/2022/PUBLICATION-OF-THE%202022-FINANCIAL-RESULTS.pdf,linked from issuer page,application/pdf (inferred from source link),Issuer website,
NSE-01200,WPP-Scangroup PLC,SCAN,Annual / full-year,Annual report,,WPP-Scangroup — Investor Relations,https://wpp-scangroup.com/investor-relations/,https://cdn.wpp-scangroup.com/wppscangroupsite/pdf/2023/WPP-ANNUAL-REPORT.pdf,linked from issuer page,application/pdf (inferred from source link),Issuer website,
NSE-01201,WPP-Scangroup PLC,SCAN,Semi-annual / half-year,Financial results / statements,2022,WPP-Scangroup — Investor Relations,https://wpp-scangroup.com/investor-relations/,https://cdn.wpp-scangroup.com/wppscangroupsite/pdf/2022/2022-HALF-YEAR-RESULTS.pdf,linked from issuer page,application/pdf (inferred from source link),Issuer website,
NSE-01202,WPP-Scangroup PLC,SCAN,Periodic results material,Financial results / statements,2021,WPP-Scangroup — Investor Relations,https://wpp-scangroup.com/investor-relations/,https://cdn.wpp-scangroup.com/wppscangroupsite/pdf/PUBLICATION-OF-THE-2021-FINANCIAL-RESULTS-APRIL-2021-1.pdf,linked from issuer page,application/pdf (inferred from source link),Issuer website,
NSE-01203,WPP-Scangroup PLC,SCAN,Annual / full-year,Annual report,2021,WPP-Scangroup — Investor Relations,https://wpp-scangroup.com/investor-relations/,https://cdn.wpp-scangroup.com/wppscangroupsite/pdf/WPP-Scangroup-Annual-Report-2021-1.pdf,linked from issuer page,application/pdf (inferred from source link),Issuer website,
NSE-01204,WPP-Scangroup PLC,SCAN,Periodic results material,Financial results / statements,2020,WPP-Scangroup — Investor Relations,https://wpp-scangroup.com/investor-relations/,https://cdn.wpp-scangroup.com/wppscangroupsite/pdf/PUBLIC-ANNOUNCEMENT-DELAY-IN-THE-PUBLICATION-OF-THE-2020-FINANCIAL-STATEMENTS-10-MAY-2021.pdf,linked from issuer page,application/pdf (inferred from source link),Issuer website,
NSE-01205,WPP-Scangroup PLC,SCAN,Periodic results material,Financial results / statements,2020,WPP-Scangroup — Investor Relations,https://wpp-scangroup.com/investor-relations/,https://cdn.wpp-scangroup.com/wppscangroupsite/pdf/PUBLIC-ANNOUNCEMENT-DELAY-IN-THE-PUBLICATION-OF-THE-2020-FINANCIAL-STATEMENTS-2-JUNE-2021.pdf,linked from issuer page,application/pdf (inferred from source link),Issuer website,
NSE-01206,WPP-Scangroup PLC,SCAN,Periodic results material,Financial results / statements,2020,WPP-Scangroup — Investor Relations,https://wpp-scangroup.com/investor-relations/,https://cdn.wpp-scangroup.com/wppscangroupsite/pdf/DELAY-IN-THE-PUBLICATION-OF-THE-2020-FINANCIAL-STATEMENTS-31-JULY-2021.pdf,linked from issuer page,application/pdf (inferred from source link),Issuer website,
NSE-01207,WPP-Scangroup PLC,SCAN,Periodic results material,Financial results / statements,2020,WPP-Scangroup — Investor Relations,https://wpp-scangroup.com/investor-relations/,https://cdn.wpp-scangroup.com/wppscangroupsite/pdf/SUMMARY-2020-FINANCIAL-STATEMENTS-1.pdf,linked from issuer page,application/pdf (inferred from source link),Issuer website,
NSE-01208,WPP-Scangroup PLC,SCAN,Annual / full-year,Annual report,2020,WPP-Scangroup — Investor Relations,https://wpp-scangroup.com/investor-relations/,https://cdn.wpp-scangroup.com/wppscangroupsite/pdf/WPP-SCANGROUP-ANNUAL-REPORT-2020.pdf,linked from issuer page,application/pdf (inferred from source link),Issuer website,
NSE-01209,WPP-Scangroup PLC,SCAN,Semi-annual / half-year,Financial results / statements,2021,WPP-Scangroup — Investor Relations,https://wpp-scangroup.com/investor-relations/,https://cdn.wpp-scangroup.com/wppscangroupsite/pdf/2021-HALF-YEAR-RESULTS.pdf,linked from issuer page,application/pdf (inferred from source link),Issuer website,
NSE-01210,WPP-Scangroup PLC,SCAN,Periodic results material,Results announcement / commentary,,WPP-Scangroup — Investor Relations,https://wpp-scangroup.com/investor-relations/,https://cdn.wpp-scangroup.com/wppscangroupsite/pdf/Poll-Press-release-Final.pdf,linked from issuer page,application/pdf (inferred from source link),Issuer website,
NSE-01211,WPP-Scangroup PLC,SCAN,Annual / full-year,Annual report,2018,WPP-Scangroup — Investor Relations,https://wpp-scangroup.com/investor-relations/,https://cdn.wpp-scangroup.com/wppscangroupsite/pdf/Scangroup-Annual-Report-2018-1.pdf,linked from issuer page,application/pdf (inferred from source link),Issuer website,
NSE-01212,WPP-Scangroup PLC,SCAN,Annual / full-year,Annual report,2017,WPP-Scangroup — Investor Relations,https://wpp-scangroup.com/investor-relations/,https://cdn.wpp-scangroup.com/wppscangroupsite/pdf/WPP-Scangroup-Annual-Report-2017-1-1.pdf,linked from issuer page,application/pdf (inferred from source link),Issuer website,
NSE-01213,WPP-Scangroup PLC,SCAN,Annual / full-year,Annual report,2016,WPP-Scangroup — Investor Relations,https://wpp-scangroup.com/investor-relations/,https://cdn.wpp-scangroup.com/wppscangroupsite/pdf/WPP-Scangroup-Annual-Report-2016.pdf,linked from issuer page,application/pdf (inferred from source link),Issuer website,
NSE-01214,WPP-Scangroup PLC,SCAN,Periodic results material,Financial results / statements,,WPP-Scangroup — Investor Relations,https://wpp-scangroup.com/investor-relations/,https://cdn.wpp-scangroup.com/wppscangroupsite/pdf/Scangroup-Plc-Poll-Confirmation-Letter-PWC-min.pdf,linked from issuer page,application/pdf (inferred from source link),Issuer website,
NSE-01215,WPP-Scangroup PLC,SCAN,Semi-annual / half-year,Results announcement / commentary,,WPP-Scangroup — Investor Relations,https://wpp-scangroup.com/investor-relations/,https://cdn.wpp-scangroup.com/wppscangroupsite/pdf/Notice-of-Declaration.pdf,linked from issuer page,application/pdf (inferred from source link),Issuer website,
NSE-01216,WPP-Scangroup PLC,SCAN,Semi-annual / half-year,Financial results / statements,2020,WPP-Scangroup — Investor Relations,https://wpp-scangroup.com/investor-relations/,https://cdn.wpp-scangroup.com/wppscangroupsite/pdf/2020-FS-summary-halfpage-copy.pdf,linked from issuer page,application/pdf (inferred from source link),Issuer website,
NSE-01217,WPP-Scangroup PLC,SCAN,Semi-annual / half-year,Financial results / statements,,WPP-Scangroup — Investor Relations,https://wpp-scangroup.com/investor-relations/,https://azsnsgdevsa.blob.core.windows.net/wppscangroupsite/pdf/2019/WPP-Scangroup-H1-Unaudited-Group-Results.pdf,linked from issuer page,application/pdf (inferred from source link),Issuer website,
NSE-01218,WPP-Scangroup PLC,SCAN,Periodic results material,Results announcement / commentary,2019,WPP-Scangroup — Investor Relations,https://wpp-scangroup.com/investor-relations/,https://azsnsgdevsa.blob.core.windows.net/wppscangroupsite/pdf/2019/2019-Results-Final-copy-to-Press.pdf,linked from issuer page,application/pdf (inferred from source link),Issuer website,
NSE-01219,WPP-Scangroup PLC,SCAN,Periodic results material,Financial results / statements,2019,WPP-Scangroup — Investor Relations,https://wpp-scangroup.com/investor-relations/,https://cdn.wpp-scangroup.com/wppscangroupsite/pdf/FS-summary-2019.pdf,linked from issuer page,application/pdf (inferred from source link),Issuer website,
NSE-01220,WPP-Scangroup PLC,SCAN,Annual / full-year,Annual report,2019,WPP-Scangroup — Investor Relations,https://wpp-scangroup.com/investor-relations/,https://azsnsgdevsa.blob.core.windows.net/wppscangroupsite/pdf/2019/WPP-Scangroup-Annual-Report-2019.pdf,linked from issuer page,application/pdf (inferred from source link),Issuer website,
NSE-01221,WPP-Scangroup PLC,SCAN,Semi-annual / half-year,Financial results / statements,2018,WPP-Scangroup — Investor Relations,https://wpp-scangroup.com/investor-relations/,https://azsnsgdevsa.blob.core.windows.net/wppscangroupsite/pdf/2018/2018_Half_Year_Financial_Results-2.pdf,linked from issuer page,application/pdf (inferred from source link),Issuer website,
NSE-01222,WPP-Scangroup PLC,SCAN,Annual / full-year,Financial results / statements,2018,WPP-Scangroup — Investor Relations,https://wpp-scangroup.com/investor-relations/,https://azsnsgdevsa.blob.core.windows.net/wppscangroupsite/pdf/2018/2018-Results.pdf,linked from issuer page,application/pdf (inferred from source link),Issuer website,
NSE-01223,WPP-Scangroup PLC,SCAN,Periodic results material,Investor presentation,2018,WPP-Scangroup — Investor Relations,https://wpp-scangroup.com/investor-relations/,https://azsnsgdevsa.blob.core.windows.net/wppscangroupsite/pdf/2018/WPP-scangroup-Results-2018.pdf,linked from issuer page,application/pdf (inferred from source link),Issuer website,
NSE-01224,WPP-Scangroup PLC,SCAN,Annual / full-year,Annual report,2018,WPP-Scangroup — Investor Relations,https://wpp-scangroup.com/investor-relations/,https://azsnsgdevsa.blob.core.windows.net/wppscangroupsite/pdf/2018/WPP-Scangroup-Signed-Annual-accounts-2018.pdf,linked from issuer page,application/pdf (inferred from source link),Issuer website,
NSE-01225,WPP-Scangroup PLC,SCAN,Annual / full-year,Annual report,2018,WPP-Scangroup — Investor Relations,https://wpp-scangroup.com/investor-relations/,https://azsnsgdevsa.blob.core.windows.net/wppscangroupsite/pdf/2018/Scangroup-Annual-Report-2018.pdf,linked from issuer page,application/pdf (inferred from source link),Issuer website,
NSE-01226,WPP-Scangroup PLC,SCAN,Semi-annual / half-year,Financial results / statements,2017,WPP-Scangroup — Investor Relations,https://wpp-scangroup.com/investor-relations/,https://azsnsgdevsa.blob.core.windows.net/wppscangroupsite/pdf/2017/2017_Half_Year_Financial_Results.pdf,linked from issuer page,application/pdf (inferred from source link),Issuer website,
NSE-01227,WPP-Scangroup PLC,SCAN,Annual / full-year,Financial results / statements,2017,WPP-Scangroup — Investor Relations,https://wpp-scangroup.com/investor-relations/,https://azsnsgdevsa.blob.core.windows.net/wppscangroupsite/pdf/2017/2017-Full-Year-Financial-Results.pdf,linked from issuer page,application/pdf (inferred from source link),Issuer website,
NSE-01228,WPP-Scangroup PLC,SCAN,Periodic results material,Investor presentation,2017,WPP-Scangroup — Investor Relations,https://wpp-scangroup.com/investor-relations/,https://azsnsgdevsa.blob.core.windows.net/wppscangroupsite/pdf/2017/WPP-Scangroup-2017-Results-Presentation.pdf,linked from issuer page,application/pdf (inferred from source link),Issuer website,
NSE-01229,WPP-Scangroup PLC,SCAN,Annual / full-year,Annual report,2017,WPP-Scangroup — Investor Relations,https://wpp-scangroup.com/investor-relations/,https://azsnsgdevsa.blob.core.windows.net/wppscangroupsite/pdf/2017/WPP-Scangroup-Annual-Report-2017-1.pdf,linked from issuer page,application/pdf (inferred from source link),Issuer website,
NSE-01230,WPP-Scangroup PLC,SCAN,Annual / full-year,Annual report,2016,WPP-Scangroup — Investor Relations,https://wpp-scangroup.com/investor-relations/,https://azsnsgdevsa.blob.core.windows.net/wppscangroupsite/pdf/2016/2016_Scangroup_Annual_Report.pdf,linked from issuer page,application/pdf (inferred from source link),Issuer website,
NSE-01231,WPP-Scangroup PLC,SCAN,Semi-annual / half-year,Financial results / statements,2016,WPP-Scangroup — Investor Relations,https://wpp-scangroup.com/investor-relations/,https://azsnsgdevsa.blob.core.windows.net/wppscangroupsite/pdf/2016/2016_Half_Year_Financial_Results.pdf,linked from issuer page,application/pdf (inferred from source link),Issuer website,
NSE-01232,WPP-Scangroup PLC,SCAN,Annual / full-year,Financial results / statements,2016,WPP-Scangroup — Investor Relations,https://wpp-scangroup.com/investor-relations/,https://cdn.wpp-scangroup.com/wppscangroupsite/pdf/2016_Scangroup_Annual_Report.pdf,linked from issuer page,application/pdf (inferred from source link),Issuer website,
NSE-01233,WPP-Scangroup PLC,SCAN,Semi-annual / half-year,Financial results / statements,2015,WPP-Scangroup — Investor Relations,https://wpp-scangroup.com/investor-relations/,https://cdn.wpp-scangroup.com/wppscangroupsite/pdf/2015-Half-Yearly-Financial-Results.pdf,linked from issuer page,application/pdf (inferred from source link),Issuer website,
NSE-01234,WPP-Scangroup PLC,SCAN,Annual / full-year,Financial results / statements,2015,WPP-Scangroup — Investor Relations,https://wpp-scangroup.com/investor-relations/,https://azsnsgdevsa.blob.core.windows.net/wppscangroupsite/pdf/2015/2015-Full-Year-Financial-Results.pdf,linked from issuer page,application/pdf (inferred from source link),Issuer website,
NSE-01235,WPP-Scangroup PLC,SCAN,Annual / full-year,Annual report,2015,WPP-Scangroup — Investor Relations,https://wpp-scangroup.com/investor-relations/,https://azsnsgdevsa.blob.core.windows.net/wppscangroupsite/pdf/2015/WPP-Scangroup-Annual-Report-2015.pdf,linked from issuer page,application/pdf (inferred from source link),Issuer website,
NSE-01236,WPP-Scangroup PLC,SCAN,Semi-annual / half-year,Financial results / statements,2014,WPP-Scangroup — Investor Relations,https://wpp-scangroup.com/investor-relations/,https://azsnsgdevsa.blob.core.windows.net/wppscangroupsite/pdf/2014/2014-Half-Yearly-Financial-Results.pdf,linked from issuer page,application/pdf (inferred from source link),Issuer website,
NSE-01237,WPP-Scangroup PLC,SCAN,Annual / full-year,Annual report,2014,WPP-Scangroup — Investor Relations,https://wpp-scangroup.com/investor-relations/,https://cdn.wpp-scangroup.com/wppscangroupsite/pdf/Annual-Reports-2014.pdf,linked from issuer page,application/pdf (inferred from source link),Issuer website,
NSE-01238,WPP-Scangroup PLC,SCAN,Annual / full-year,Financial results / statements,2014,WPP-Scangroup — Investor Relations,https://wpp-scangroup.com/investor-relations/,https://azsnsgdevsa.blob.core.windows.net/wppscangroupsite/pdf/2014/2014-Full-Year-Financial-Results.pdf,linked from issuer page,application/pdf (inferred from source link),Issuer website,
NSE-01239,WPP-Scangroup PLC,SCAN,Periodic results material,Financial results / statements,2013,WPP-Scangroup — Investor Relations,https://wpp-scangroup.com/investor-relations/,https://azsnsgdevsa.blob.core.windows.net/wppscangroupsite/pdf/2013/2013-Scangroup-Financial-Results.pdf,linked from issuer page,application/pdf (inferred from source link),Issuer website,
NSE-01240,WPP-Scangroup PLC,SCAN,Annual / full-year,Annual report,2013,WPP-Scangroup — Investor Relations,https://wpp-scangroup.com/investor-relations/,https://azsnsgdevsa.blob.core.windows.net/wppscangroupsite/pdf/2013/WPP-Scangroup-Annual-Report-2013.pdf,linked from issuer page,application/pdf (inferred from source link),Issuer website,
NSE-01241,WPP-Scangroup PLC,SCAN,Semi-annual / half-year,Financial results / statements,2012,WPP-Scangroup — Investor Relations,https://wpp-scangroup.com/investor-relations/,https://azsnsgdevsa.blob.core.windows.net/wppscangroupsite/pdf/2012/Group-Unaudited-Results-For-Six-Months-Period-Ended-30th-June-2012.pdf,linked from issuer page,application/pdf (inferred from source link),Issuer website,
NSE-01242,WPP-Scangroup PLC,SCAN,Annual / full-year,Annual report,2012,WPP-Scangroup — Investor Relations,https://wpp-scangroup.com/investor-relations/,https://azsnsgdevsa.blob.core.windows.net/wppscangroupsite/pdf/2012/Annual-Report-2012.pdf,linked from issuer page,application/pdf (inferred from source link),Issuer website,
NSE-01243,WPP-Scangroup PLC,SCAN,Periodic results material,Financial results / statements,2012,WPP-Scangroup — Investor Relations,https://wpp-scangroup.com/investor-relations/,https://azsnsgdevsa.blob.core.windows.net/wppscangroupsite/pdf/2012/2012-Financial-Results.pdf,linked from issuer page,application/pdf (inferred from source link),Issuer website,
NSE-01244,WPP-Scangroup PLC,SCAN,Periodic results material,Financial results / statements,2012,WPP-Scangroup — Investor Relations,https://wpp-scangroup.com/investor-relations/,https://cdn.wpp-scangroup.com/wppscangroupsite/pdf/2012-Condensed-Financial-Statements.pdf,linked from issuer page,application/pdf (inferred from source link),Issuer website,
NSE-01245,WPP-Scangroup PLC,SCAN,Annual / full-year,Annual report,2011,WPP-Scangroup — Investor Relations,https://wpp-scangroup.com/investor-relations/,https://azsnsgdevsa.blob.core.windows.net/wppscangroupsite/pdf/2011/WPP-Scangroup-Annual-Report-2011.pdf,linked from issuer page,application/pdf (inferred from source link),Issuer website,
NSE-01246,WPP-Scangroup PLC,SCAN,Semi-annual / half-year,Financial results / statements,2011,WPP-Scangroup — Investor Relations,https://wpp-scangroup.com/investor-relations/,https://azsnsgdevsa.blob.core.windows.net/wppscangroupsite/pdf/2011/2011-Half-Yearly-Financial-Results.pdf,linked from issuer page,application/pdf (inferred from source link),Issuer website,
NSE-01247,WPP-Scangroup PLC,SCAN,Periodic results material,Financial results / statements,2011,WPP-Scangroup — Investor Relations,https://wpp-scangroup.com/investor-relations/,https://azsnsgdevsa.blob.core.windows.net/wppscangroupsite/pdf/2011/2011-Financial-Results.pdf,linked from issuer page,application/pdf (inferred from source link),Issuer website,
NSE-01248,WPP-Scangroup PLC,SCAN,Annual / full-year,Annual report,2010,WPP-Scangroup — Investor Relations,https://wpp-scangroup.com/investor-relations/,https://cdn.wpp-scangroup.com/wppscangroupsite/pdf/Annual-Report-2010.pdf,linked from issuer page,application/pdf (inferred from source link),Issuer website,
NSE-01249,WPP-Scangroup PLC,SCAN,Annual / full-year,Annual report,2009,WPP-Scangroup — Investor Relations,https://wpp-scangroup.com/investor-relations/,https://azsnsgdevsa.blob.core.windows.net/wppscangroupsite/pdf/2009/Annual-Report-2009.pdf,linked from issuer page,application/pdf (inferred from source link),Issuer website,
NSE-01250,WPP-Scangroup PLC,SCAN,Annual / full-year,Annual report,2008,WPP-Scangroup — Investor Relations,https://wpp-scangroup.com/investor-relations/,https://azsnsgdevsa.blob.core.windows.net/wppscangroupsite/pdf/2008/Annual-Report-2008.pdf,linked from issuer page,application/pdf (inferred from source link),Issuer website,
NSE-01251,WPP-Scangroup PLC,SCAN,Annual / full-year,Annual report,2007,WPP-Scangroup — Investor Relations,https://wpp-scangroup.com/investor-relations/,https://azsnsgdevsa.blob.core.windows.net/wppscangroupsite/pdf/2007/Annual-Report-2007.pdf,linked from issuer page,application/pdf (inferred from source link),Issuer website,
NSE-01252,Olympia Capital Holdings PLC,OCH,Periodic results material,Periodic results material,2026,Olympia Capital — Reports,https://ochl.co.ke/investment/,https://ochl.co.ke/wp-content/uploads/2026/08/2026-OCHL-INTEGRATED-REPORT.pdf,linked from issuer page,application/pdf (inferred from source link),Issuer website,
NSE-01253,Olympia Capital Holdings PLC,OCH,Annual / full-year,Financial results / statements,2026,Olympia Capital — Reports,https://ochl.co.ke/investment/,https://ochl.co.ke/wp-content/uploads/2026/07/OCHL-2026-AUDITED-FINANCIALS-FOR-PUBLICATION-FINAL-SUMMARY.pdf,linked from issuer page,application/pdf (inferred from source link),Issuer website,
NSE-01254,Olympia Capital Holdings PLC,OCH,Semi-annual / half-year,Periodic results material,2025,Olympia Capital — Reports,https://ochl.co.ke/investment/,https://ochl.co.ke/wp-content/uploads/2025/10/OCHL-Half-year-unaudited-reports-as-at-August-2025-1.pdf,linked from issuer page,application/pdf (inferred from source link),Issuer website,
NSE-01255,Olympia Capital Holdings PLC,OCH,Annual / full-year,Periodic results material,2025,Olympia Capital — Reports,https://ochl.co.ke/investment/,https://ochl.co.ke/wp-content/uploads/2025/07/Olympia-Capital-Audited-Financial-Reports-2025-1.pdf,linked from issuer page,application/pdf (inferred from source link),Issuer website,
NSE-01256,Olympia Capital Holdings PLC,OCH,Annual / full-year,Financial results / statements,2025,Olympia Capital — Reports,https://ochl.co.ke/investment/,https://ochl.co.ke/wp-content/uploads/2025/06/OCHL-2025-AUDITED-FINANCIALS-FOR-PUBLICATION.xlsx-FINAL-SUMMARY.pdf,linked from issuer page,application/pdf (inferred from source link),Issuer website,
NSE-01257,Olympia Capital Holdings PLC,OCH,Annual / full-year,Periodic results material,2024,Olympia Capital — Reports,https://ochl.co.ke/investment/,https://ochl.co.ke/wp-content/uploads/2024/07/OCHL-2024-AUDITED-FINANCIALS-FOR-PUBLICATION-1.pdf,linked from issuer page,application/pdf (inferred from source link),Issuer website,
NSE-01258,Olympia Capital Holdings PLC,OCH,Semi-annual / half-year,Periodic results material,2024,Olympia Capital — Reports,https://ochl.co.ke/investment/,https://ochl.co.ke/wp-content/uploads/2024/10/OCHL-2024-Final-Half-Year-Unaudited-financial-reports-for-online-publication.-xlsx-Sheet1.pdf,linked from issuer page,application/pdf (inferred from source link),Issuer website,
NSE-01259,Olympia Capital Holdings PLC,OCH,Annual / full-year,Periodic results material,2024,Olympia Capital — Reports,https://ochl.co.ke/investment/,https://ochl.co.ke/wp-content/uploads/2024/07/Olympia-Capital-Holdings-Limited-28-February-2024-1.pdf,linked from issuer page,application/pdf (inferred from source link),Issuer website,
NSE-01260,Olympia Capital Holdings PLC,OCH,Semi-annual / half-year,Financial results / statements,2023,Olympia Capital — Reports,https://ochl.co.ke/investment/,https://ochl.co.ke/wp-content/uploads/2023/10/OCHL-GROUP-HALF-YEAR-2023-UNAUDITED-FINANCIALS-FOR-PUBLICATION.xls.xlsx-Sheet1.pdf,linked from issuer page,application/pdf (inferred from source link),Issuer website,
NSE-01261,Sameer Africa PLC,SMER,Annual / full-year,Annual report,2025,Sameer Africa — Financial Reports,https://sameerafrica.com/financial-reports/,https://sameerafrica.com/wp-content/uploads/2026/05/Sameer-Africa-PLC-Annual-Report-2025.pdf,linked from issuer page,application/pdf (inferred from source link),Issuer website,
NSE-01262,Sameer Africa PLC,SMER,Annual / full-year,Annual report,2024,Sameer Africa — Financial Reports,https://sameerafrica.com/financial-reports/,https://sameerafrica.com/wp-content/uploads/2025/06/SAPLC-Annual-Report-2024_web_.pdf,linked from issuer page,application/pdf (inferred from source link),Issuer website,
NSE-01263,Sameer Africa PLC,SMER,Annual / full-year,Annual report,2022,Sameer Africa — Financial Reports,https://sameerafrica.com/financial-reports/,https://sameerafrica.com/wp-content/uploads/2023/06/Annual-Report-2022-WEB_compressed.pdf,linked from issuer page,application/pdf (inferred from source link),Issuer website,
NSE-01264,Sameer Africa PLC,SMER,Annual / full-year,Annual report,2021,Sameer Africa — Financial Reports,https://sameerafrica.com/financial-reports/,https://sameerafrica.com/wp-content/uploads/2022/06/2021-Annual-Report-and-Financial-Statements.pdf,linked from issuer page,application/pdf (inferred from source link),Issuer website,
NSE-01265,Sameer Africa PLC,SMER,Annual / full-year,Annual report,2020,Sameer Africa — Financial Reports,https://sameerafrica.com/financial-reports/,https://sameerafrica.com/wp-content/uploads/2021/05/Annual-Report-2020.pdf,linked from issuer page,application/pdf (inferred from source link),Issuer website,
NSE-01266,Sameer Africa PLC,SMER,Annual / full-year,Annual report,2019,Sameer Africa — Financial Reports,https://sameerafrica.com/financial-reports/,https://sameerafrica.com/wp-content/uploads/2020/06/SAPLC-Annual-Report-2019.pdf,linked from issuer page,application/pdf (inferred from source link),Issuer website,
NSE-01267,Sameer Africa PLC,SMER,Annual / full-year,Annual report,2018,Sameer Africa — Financial Reports,https://sameerafrica.com/financial-reports/,https://sameerafrica.com/wp-content/uploads/2019/06/Sameer-Africa-PLC-Annual-Report-2018-1.pdf,linked from issuer page,application/pdf (inferred from source link),Issuer website,
NSE-01268,Sameer Africa PLC,SMER,Annual / full-year,Annual report,2017,Sameer Africa — Financial Reports,https://sameerafrica.com/financial-reports/,https://sameerafrica.com/downloads/reports/Sameer%20Africa%20Annual%20Report%202017.pdf,linked from issuer page,application/pdf (inferred from source link),Issuer website,
NSE-01269,Sameer Africa PLC,SMER,Annual / full-year,Annual report,2016,Sameer Africa — Financial Reports,https://sameerafrica.com/financial-reports/,https://sameerafrica.com/downloads/reports/Integrated%20Financial%20Report%202016.pdf,linked from issuer page,application/pdf (inferred from source link),Issuer website,
NSE-01270,Sameer Africa PLC,SMER,Annual / full-year,Annual report,2015,Sameer Africa — Financial Reports,https://sameerafrica.com/financial-reports/,https://sameerafrica.com/images/downloads/reports/2015%20Annual%20Integrated%20Annual%20Report%20and%20Financial%20Statement%20-%20Final.pdf,linked from issuer page,application/pdf (inferred from source link),Issuer website,
NSE-01271,Sameer Africa PLC,SMER,Annual / full-year,Annual report,2014,Sameer Africa — Financial Reports,https://sameerafrica.com/financial-reports/,https://sameerafrica.com/downloads/reports/2014%20Annual%20Report%20Book%20-%20Final.pdf,linked from issuer page,application/pdf (inferred from source link),Issuer website,
NSE-01272,Sameer Africa PLC,SMER,Annual / full-year,Annual report,2013,Sameer Africa — Financial Reports,https://sameerafrica.com/financial-reports/,https://sameerafrica.com/downloads/reports/2013%20ANNUAL%20REPORT%20AND%20FINANCIAL%20STATEMENTS.pdf,linked from issuer page,application/pdf (inferred from source link),Issuer website,
NSE-01273,Sameer Africa PLC,SMER,Annual / full-year,Annual report,2012,Sameer Africa — Financial Reports,https://sameerafrica.com/financial-reports/,https://sameerafrica.com/downloads/reports/Financial_Report_2012_Final%20Copy.pdf,linked from issuer page,application/pdf (inferred from source link),Issuer website,
NSE-01274,Sameer Africa PLC,SMER,Semi-annual / half-year,Financial results / statements,2012,Sameer Africa — Financial Reports,https://sameerafrica.com/financial-reports/,https://sameerafrica.com/downloads/reports/Sameer_2012_Financial_STATEMENT.pdf,linked from issuer page,application/pdf (inferred from source link),Issuer website,
NSE-01275,Sameer Africa PLC,SMER,Annual / full-year,Annual report,2011,Sameer Africa — Financial Reports,https://sameerafrica.com/financial-reports/,https://sameerafrica.com/downloads/reports/sameer-africa_2011.pdf,linked from issuer page,application/pdf (inferred from source link),Issuer website,
NSE-01276,Sameer Africa PLC,SMER,Annual / full-year,Annual report,2010,Sameer Africa — Financial Reports,https://sameerafrica.com/financial-reports/,https://sameerafrica.com/downloads/reports/Final_Sameer_Annual_Report_2010.pdf,linked from issuer page,application/pdf (inferred from source link),Issuer website,
NSE-01277,Sameer Africa PLC,SMER,Annual / full-year,Annual report,2009,Sameer Africa — Financial Reports,https://sameerafrica.com/financial-reports/,https://sameerafrica.com/downloads/reports/Sameer_AnnualReport2009.pdf,linked from issuer page,application/pdf (inferred from source link),Issuer website,
NSE-01278,Sameer Africa PLC,SMER,Annual / full-year,Annual report,2008,Sameer Africa — Financial Reports,https://sameerafrica.com/financial-reports/,https://sameerafrica.com/downloads/reports/SAMEER_AFRICA_ANNUAL_REPORT_FINAL%20_STATEMENTS_2008-1.pdf,linked from issuer page,application/pdf (inferred from source link),Issuer website,
NSE-01279,Sameer Africa PLC,SMER,Annual / full-year,Annual report,2007,Sameer Africa — Financial Reports,https://sameerafrica.com/financial-reports/,https://sameerafrica.com/downloads/reports/SAL_Financial_Results_2007.pdf,linked from issuer page,application/pdf (inferred from source link),Issuer website,
NSE-01280,Sameer Africa PLC,SMER,Semi-annual / half-year,Financial results / statements,2025,Sameer Africa — Financial Reports,https://sameerafrica.com/financial-reports/,https://sameerafrica.com/wp-content/uploads/2025/08/Results-Announcement-Half-Year-2025.pdf,linked from issuer page,application/pdf (inferred from source link),Issuer website,
NSE-01281,Sameer Africa PLC,SMER,Semi-annual / half-year,Financial results / statements,2023,Sameer Africa — Financial Reports,https://sameerafrica.com/financial-reports/,https://sameerafrica.com/wp-content/uploads/2023/08/2023-Half-Year-Financial-Results.pdf,linked from issuer page,application/pdf (inferred from source link),Issuer website,
NSE-01282,Sameer Africa PLC,SMER,Semi-annual / half-year,Financial results / statements,2022,Sameer Africa — Financial Reports,https://sameerafrica.com/financial-reports/,https://sameerafrica.com/wp-content/uploads/2022/08/UNAUDITED-FINANCIAL-RESULTS-30TH-JUNE-2022.pdf,linked from issuer page,application/pdf (inferred from source link),Issuer website,
NSE-01283,Sameer Africa PLC,SMER,Semi-annual / half-year,Financial results / statements,2021,Sameer Africa — Financial Reports,https://sameerafrica.com/financial-reports/,https://sameerafrica.com/wp-content/uploads/2021/08/2021-HALF-YEAR-FINANCIAL-RESULTS-1.pdf,linked from issuer page,application/pdf (inferred from source link),Issuer website,
NSE-01284,Sameer Africa PLC,SMER,Semi-annual / half-year,Financial results / statements,2020,Sameer Africa — Financial Reports,https://sameerafrica.com/financial-reports/,https://sameerafrica.com/wp-content/uploads/2020/08/2020-Half-Year-Financial-Results-Announcement-Revised.pdf,linked from issuer page,application/pdf (inferred from source link),Issuer website,
NSE-01285,Sameer Africa PLC,SMER,Semi-annual / half-year,Financial results / statements,2019,Sameer Africa — Financial Reports,https://sameerafrica.com/financial-reports/,https://sameerafrica.com/wp-content/uploads/2019/08/Half-Year-Financial-result-August-2019.pdf,linked from issuer page,application/pdf (inferred from source link),Issuer website,
NSE-01286,Sameer Africa PLC,SMER,Semi-annual / half-year,Financial results / statements,2015,Sameer Africa — Financial Reports,https://sameerafrica.com/financial-reports/,https://sameerafrica.com/downloads/reports/Financials_June__2015.pdf,linked from issuer page,application/pdf (inferred from source link),Issuer website,
NSE-01287,Sameer Africa PLC,SMER,Annual / full-year,Results booklet / abridged report,2025,Sameer Africa — Financial Reports,https://sameerafrica.com/financial-reports/,https://sameerafrica.com/wp-content/uploads/2026/04/Sameer-Africa-Full-Year-Audited-Accounts-for-2025-Newspaper-Ad-Full-Page_.pdf,linked from issuer page,application/pdf (inferred from source link),Issuer website,
NSE-01288,Sameer Africa PLC,SMER,Annual / full-year,Results booklet / abridged report,2024,Sameer Africa — Financial Reports,https://sameerafrica.com/financial-reports/,https://sameerafrica.com/wp-content/uploads/2025/04/Sameer-Africa-Full-Year-Audited-Accounts-for-2024-Newspaper-Ad-Full-Page-v5-1.pdf,linked from issuer page,application/pdf (inferred from source link),Issuer website,
NSE-01289,Sameer Africa PLC,SMER,Periodic results material,Periodic results material,2023,Sameer Africa — Financial Reports,https://sameerafrica.com/financial-reports/,https://sameerafrica.com/wp-content/uploads/2024/05/Annual-Financial-Statements-and-Reports-31-Dec-2023-SAP.pdf,linked from issuer page,application/pdf (inferred from source link),Issuer website,
NSE-01290,Sameer Africa PLC,SMER,Annual / full-year,Results booklet / abridged report,2023,Sameer Africa — Financial Reports,https://sameerafrica.com/financial-reports/,https://sameerafrica.com/wp-content/uploads/2024/04/Sameer-Africa-Financial-Results-2023.pdf,linked from issuer page,application/pdf (inferred from source link),Issuer website,
NSE-01291,Sameer Africa PLC,SMER,Annual / full-year,Results booklet / abridged report,2022,Sameer Africa — Financial Reports,https://sameerafrica.com/financial-reports/,https://sameerafrica.com/wp-content/uploads/2023/04/Sameer-Africa-Financial-Results-2022-1.pdf,linked from issuer page,application/pdf (inferred from source link),Issuer website,
NSE-01292,Sameer Africa PLC,SMER,Periodic results material,Periodic results material,2022,Sameer Africa — Financial Reports,https://sameerafrica.com/financial-reports/,https://sameerafrica.com/wp-content/uploads/2023/06/ANNUAL-REPORT-AND-FINANCIAL-STATEMEMENTS-FOR-2022.pdf,linked from issuer page,application/pdf (inferred from source link),Issuer website,
NSE-01293,Sameer Africa PLC,SMER,Periodic results material,Periodic results material,2021,Sameer Africa — Financial Reports,https://sameerafrica.com/financial-reports/,https://sameerafrica.com/wp-content/uploads/2022/06/2021-Annual-Financial-Report.pdf,linked from issuer page,application/pdf (inferred from source link),Issuer website,
NSE-01294,Sameer Africa PLC,SMER,Annual / full-year,Financial results / statements,2021,Sameer Africa — Financial Reports,https://sameerafrica.com/financial-reports/,https://sameerafrica.com/wp-content/uploads/2022/04/Sameer-Africa-PLC-Audited-Financial-Results-2021.pdf,linked from issuer page,application/pdf (inferred from source link),Issuer website,
NSE-01295,Sameer Africa PLC,SMER,Periodic results material,Periodic results material,2020,Sameer Africa — Financial Reports,https://sameerafrica.com/financial-reports/,https://sameerafrica.com/wp-content/uploads/2021/05/SAPLC-2020-AFS.pdf,linked from issuer page,application/pdf (inferred from source link),Issuer website,
NSE-01296,Sameer Africa PLC,SMER,Annual / full-year,Financial results / statements,2020,Sameer Africa — Financial Reports,https://sameerafrica.com/financial-reports/,https://sameerafrica.com/wp-content/uploads/2021/04/Sameer-Africa-Audited-Financial-Results-2020.pdf,linked from issuer page,application/pdf (inferred from source link),Issuer website,
NSE-01297,Sameer Africa PLC,SMER,Annual / full-year,Results booklet / abridged report,2019,Sameer Africa — Financial Reports,https://sameerafrica.com/financial-reports/,https://sameerafrica.com/wp-content/uploads/2020/05/Sameer-Africa-Abridged-Financials-2019.pdf,linked from issuer page,application/pdf (inferred from source link),Issuer website,
NSE-01298,Sameer Africa PLC,SMER,Annual / full-year,Results booklet / abridged report,2017,Sameer Africa — Financial Reports,https://sameerafrica.com/financial-reports/,https://sameerafrica.com/downloads/reports/Sameer_Africa_Abridged_Financials_2017_Newspaper_Ad.pdf,linked from issuer page,application/pdf (inferred from source link),Issuer website,
NSE-01299,Sameer Africa PLC,SMER,Annual / full-year,Results booklet / abridged report,2016,Sameer Africa — Financial Reports,https://sameerafrica.com/financial-reports/,https://sameerafrica.com/downloads/reports/Abridged%20Audited%20Financial%20Report%202016.pdf,linked from issuer page,application/pdf (inferred from source link),Issuer website,
NSE-01300,Sameer Africa PLC,SMER,Annual / full-year,Financial results / statements,2015,Sameer Africa — Financial Reports,https://sameerafrica.com/financial-reports/,https://sameerafrica.com/downloads/reports/Sameer%20Financials%20Half%20Page-F.pdf,linked from issuer page,application/pdf (inferred from source link),Issuer website,
NSE-01301,Eaagads PLC,EGAD,Quarterly,Annual report,2019,Eaagads — Annual Reports and Financial Statements,https://www.eaagads.co.ke/annual-reports-and-financial-statements/,https://www.eaagads.co.ke/wp-content/uploads/2019/08/Eaagads-Limited-Annual-Report-and-Financial-Statement-2019.pdf,linked from issuer page,application/pdf (inferred from source link),Issuer website,
NSE-01302,Eaagads PLC,EGAD,Quarterly,Annual report,2020,Eaagads — Annual Reports and Financial Statements,https://www.eaagads.co.ke/annual-reports-and-financial-statements/,https://www.eaagads.co.ke/wp-content/uploads/2020/11/Eaagads-Limited-2020_compressed.pdf,linked from issuer page,application/pdf (inferred from source link),Issuer website,
NSE-01303,Eaagads PLC,EGAD,Quarterly,Annual report,2021,Eaagads — Annual Reports and Financial Statements,https://www.eaagads.co.ke/annual-reports-and-financial-statements/,https://www.eaagads.co.ke/wp-content/uploads/2021/09/Eaagads-Limited-31-March-2021_compressed.pdf,linked from issuer page,application/pdf (inferred from source link),Issuer website,
NSE-01304,Eaagads PLC,EGAD,Quarterly,Annual report,2022,Eaagads — Annual Reports and Financial Statements,https://www.eaagads.co.ke/annual-reports-and-financial-statements/,https://www.eaagads.co.ke/wp-content/uploads/2022/09/Eaagads-Limited-31-March-2022.pdf,linked from issuer page,application/pdf (inferred from source link),Issuer website,
NSE-01305,Eaagads PLC,EGAD,Quarterly,Annual report,2023,Eaagads — Annual Reports and Financial Statements,https://www.eaagads.co.ke/annual-reports-and-financial-statements/,https://www.eaagads.co.ke/wp-content/uploads/2023/09/Eaagads-Limited-31-March-2023-Digital.pdf,linked from issuer page,application/pdf (inferred from source link),Issuer website,
NSE-01306,Eaagads PLC,EGAD,Quarterly,Annual report,2024,Eaagads — Annual Reports and Financial Statements,https://www.eaagads.co.ke/annual-reports-and-financial-statements/,https://www.eaagads.co.ke/wp-content/uploads/2024/08/Eaagads-Limited-FS-FY-2023_AUG-2024_V4_Online.pdf,linked from issuer page,application/pdf (inferred from source link),Issuer website,
NSE-01307,Eaagads PLC,EGAD,Quarterly,Annual report,2025,Eaagads — Annual Reports and Financial Statements,https://www.eaagads.co.ke/annual-reports-and-financial-statements/,https://www.eaagads.co.ke/wp-content/uploads/2025/09/Eaagads-Limited-FS-FY-2024_AUG-2025_Digital.pdf,linked from issuer page,application/pdf (inferred from source link),Issuer website,
NSE-01308,Home Afrika PLC,HAFR,Annual / full-year,Annual report,2025,Home Afrika — Annual Reports,https://www.homeafrika.com/investor-info/annual-reports,https://www.homeafrika.com/static/uploads/media/integrated-annual-report-financial-statements-2025-1782322991.pdf,linked from issuer page,application/pdf (inferred from source link),Issuer website,31 Dec 2025
NSE-01309,Home Afrika PLC,HAFR,Periodic results material,Periodic results material,2025,Home Afrika — Annual Reports,https://www.homeafrika.com/investor-info/annual-reports,https://www.homeafrika.com/static/uploads/media/home-afrika-financial-publication-2025-1777529037.pdf,linked from issuer page,application/pdf (inferred from source link),Issuer website,31 Dec 2025
NSE-01310,Home Afrika PLC,HAFR,Periodic results material,Periodic results material,2025,Home Afrika — Annual Reports,https://www.homeafrika.com/investor-info/annual-reports,https://www.homeafrika.com/static/uploads/media/home-afrika-half-the-financial-publication-2025-1765265920.pdf,linked from issuer page,application/pdf (inferred from source link),Issuer website,31 Dec 2025
NSE-01311,Home Afrika PLC,HAFR,Annual / full-year,Annual report,2024,Home Afrika — Annual Reports,https://www.homeafrika.com/investor-info/annual-reports,https://www.homeafrika.com/static/uploads/media/integrated-annual-report-financial-statements-2024-1769771236.pdf,linked from issuer page,application/pdf (inferred from source link),Issuer website,31 Dec 2024
NSE-01312,Home Afrika PLC,HAFR,Periodic results material,Periodic results material,2024,Home Afrika — Annual Reports,https://www.homeafrika.com/investor-info/annual-reports,https://www.homeafrika.com/static/uploads/media/home-afrika-half-the-financial-publication-2024-1765263538.pdf,linked from issuer page,application/pdf (inferred from source link),Issuer website,31 Dec 2024
NSE-01313,Home Afrika PLC,HAFR,Periodic results material,Periodic results material,2024,Home Afrika — Annual Reports,https://www.homeafrika.com/investor-info/annual-reports,https://www.homeafrika.com/static/uploads/media/home-afrika-financial-publication-2024-1765263484.pdf,linked from issuer page,application/pdf (inferred from source link),Issuer website,31 Dec 2024
NSE-01314,Home Afrika PLC,HAFR,Annual / full-year,Annual report,2023,Home Afrika — Annual Reports,https://www.homeafrika.com/investor-info/annual-reports,https://www.homeafrika.com/static/uploads/media/integrated-annual-report-financial-statements-2023-1765262850.pdf,linked from issuer page,application/pdf (inferred from source link),Issuer website,31 Dec 2023
NSE-01315,Home Afrika PLC,HAFR,Periodic results material,Periodic results material,2023,Home Afrika — Annual Reports,https://www.homeafrika.com/investor-info/annual-reports,https://www.homeafrika.com/static/uploads/media/home-afrika-half-the-year-financial-publication-2023-1765262626.pdf,linked from issuer page,application/pdf (inferred from source link),Issuer website,31 Dec 2023
NSE-01316,Home Afrika PLC,HAFR,Periodic results material,Periodic results material,2023,Home Afrika — Annual Reports,https://www.homeafrika.com/investor-info/annual-reports,https://www.homeafrika.com/static/uploads/media/home-afrika-financial-publication-2023-1765262542.pdf,linked from issuer page,application/pdf (inferred from source link),Issuer website,31 Dec 2023
NSE-01317,Home Afrika PLC,HAFR,Periodic results material,Periodic results material,2022,Home Afrika — Annual Reports,https://www.homeafrika.com/investor-info/annual-reports,https://www.homeafrika.com/static/uploads/media/home-afrika-financial-publication-2022-1765262322.pdf,linked from issuer page,application/pdf (inferred from source link),Issuer website,31 Dec 2022
NSE-01318,Home Afrika PLC,HAFR,Annual / full-year,Annual report,2022,Home Afrika — Annual Reports,https://www.homeafrika.com/investor-info/annual-reports,https://www.homeafrika.com/static/uploads/media/integrated-annual-report-financial-statements-2022-1765262225.pdf,linked from issuer page,application/pdf (inferred from source link),Issuer website,31 Dec 2022
NSE-01319,Home Afrika PLC,HAFR,Annual / full-year,Annual report,2021,Home Afrika — Annual Reports,https://www.homeafrika.com/investor-info/annual-reports,https://www.homeafrika.com/static/uploads/media/integrated-annual-report-financial-statements-2021-1765261571.pdf,linked from issuer page,application/pdf (inferred from source link),Issuer website,31 Dec 2021
NSE-01320,Home Afrika PLC,HAFR,Periodic results material,Results announcement / commentary,,Home Afrika — Annual Reports,https://www.homeafrika.com/investor-info/annual-reports,https://www.homeafrika.com/static/uploads/media/press-release-delay-in-publication-1765261395.pdf,linked from issuer page,application/pdf (inferred from source link),Issuer website,31 Dec 2020
NSE-01321,Home Afrika PLC,HAFR,Annual / full-year,Annual report,2020,Home Afrika — Annual Reports,https://www.homeafrika.com/investor-info/annual-reports,https://www.homeafrika.com/static/uploads/media/integrated-annual-report-financial-statements-2020-1765261282.pdf,linked from issuer page,application/pdf (inferred from source link),Issuer website,31 Dec 2020
NSE-01322,Home Afrika PLC,HAFR,Periodic results material,Periodic results material,,Home Afrika — Annual Reports,https://www.homeafrika.com/investor-info/annual-reports,https://www.homeafrika.com/static/uploads/media/notification-extension-for-publication-1765261082.pdf,linked from issuer page,application/pdf (inferred from source link),Issuer website,31 Dec 2020
NSE-01323,Home Afrika PLC,HAFR,Annual / full-year,Annual report,2019,Home Afrika — Annual Reports,https://www.homeafrika.com/investor-info/annual-reports,https://www.homeafrika.com/static/uploads/media/integrated-annual-report-financial-statements-2019-1765260508.pdf,linked from issuer page,application/pdf (inferred from source link),Issuer website,31 Dec 2019
NSE-01324,Home Afrika PLC,HAFR,Annual / full-year,Annual report,2018,Home Afrika — Annual Reports,https://www.homeafrika.com/investor-info/annual-reports,https://www.homeafrika.com/static/uploads/media/integrated-annual-report-financial-statements-2018-1765260154.pdf,linked from issuer page,application/pdf (inferred from source link),Issuer website,31 Dec 2018
NSE-01325,Home Afrika PLC,HAFR,Annual / full-year,Annual report,2017,Home Afrika — Annual Reports,https://www.homeafrika.com/investor-info/annual-reports,https://www.homeafrika.com/static/uploads/media/integrated-annual-report-financial-statements-2017-1765259506.pdf,linked from issuer page,application/pdf (inferred from source link),Issuer website,31 Dec 2017
NSE-01326,Home Afrika PLC,HAFR,Annual / full-year,Annual report,2016,Home Afrika — Annual Reports,https://www.homeafrika.com/investor-info/annual-reports,https://www.homeafrika.com/static/uploads/media/integrated-annual-report-financial-statements-2016-1765259032.pdf,linked from issuer page,application/pdf (inferred from source link),Issuer website,31 Dec 2016
NSE-01327,Express Kenya PLC,XPRS,Semi-annual / half-year,Financial results / statements,2025,Express Kenya — Investor Relations,https://expresskenya.co.ke/investor-relations/,https://expresskenya.co.ke/wp-content/uploads/2025/08/EKL-Financial-Statement-H1-2025.pdf,linked from issuer page,application/pdf (inferred from source link),Issuer website,
NSE-01328,Express Kenya PLC,XPRS,Annual / full-year,Annual report,2025,Express Kenya — Investor Relations,https://expresskenya.co.ke/investor-relations/,https://expresskenya.co.ke/wp-content/uploads/2026/06/Express-Kenya-Annual-Report-2025.pdf,linked from issuer page,application/pdf (inferred from source link),Issuer website,
NSE-01329,Express Kenya PLC,XPRS,Semi-annual / half-year,Financial results / statements,2024,Express Kenya — Investor Relations,https://expresskenya.co.ke/investor-relations/,https://expresskenya.co.ke/wp-content/uploads/2024/09/EKL-Financial-Statement-H1-2024.pdf,linked from issuer page,application/pdf (inferred from source link),Issuer website,
NSE-01330,Express Kenya PLC,XPRS,Annual / full-year,Annual report,2024,Express Kenya — Investor Relations,https://expresskenya.co.ke/investor-relations/,https://expresskenya.co.ke/wp-content/uploads/2025/06/Express-Kenya-Annual-Report-2024.pdf,linked from issuer page,application/pdf (inferred from source link),Issuer website,
NSE-01331,Express Kenya PLC,XPRS,Semi-annual / half-year,Financial results / statements,2023,Express Kenya — Investor Relations,https://expresskenya.co.ke/investor-relations/,https://expresskenya.co.ke/wp-content/uploads/2023/08/Express-Kenya-125x3-31-07-1.pdf,linked from issuer page,application/pdf (inferred from source link),Issuer website,
NSE-01332,Express Kenya PLC,XPRS,Annual / full-year,Annual report,2023,Express Kenya — Investor Relations,https://expresskenya.co.ke/investor-relations/,https://expresskenya.co.ke/wp-content/uploads/2024/07/Express-Kenya-Annual-Report2023.pdf,linked from issuer page,application/pdf (inferred from source link),Issuer website,
NSE-01333,Express Kenya PLC,XPRS,Semi-annual / half-year,Financial results / statements,2022,Express Kenya — Investor Relations,https://expresskenya.co.ke/investor-relations/,https://expresskenya.co.ke/wp-content/uploads/2023/07/Express-Kenya-Plc-2022-Half-year-published.pdf,linked from issuer page,application/pdf (inferred from source link),Issuer website,
NSE-01334,Umeme PLC,UMME,Annual / full-year,Annual report,2025,Umeme — Annual Reports and Financial Publications,https://www.umeme.co.ug/investor-relations/reports/136,https://www.umeme.co.ug/umeme_api/wp-content/uploads/2026/08/Umeme-2025-Annual-Report.pdf,linked from issuer page,application/pdf (inferred from source link),Issuer website,
NSE-01335,Umeme PLC,UMME,Periodic results material,Financial results / statements,2024,Umeme — Annual Reports and Financial Publications,https://www.umeme.co.ug/investor-relations/reports/136,https://www.umeme.co.ug/umeme_api/wp-content/uploads/2025/06/Umeme-Financials-31-December-2024.pdf,linked from issuer page,application/pdf (inferred from source link),Issuer website,
NSE-01336,Umeme PLC,UMME,Annual / full-year,Annual report,2022,Umeme — Annual Reports and Financial Publications,https://www.umeme.co.ug/investor-relations/reports/136,https://www.umeme.co.ug/umeme_api/wp-content/uploads/2023/05/Umeme 2022 Annual Report Final.pdf,linked from issuer page,application/pdf (inferred from source link),Issuer website,
NSE-01337,Umeme PLC,UMME,Annual / full-year,Annual report,2021,Umeme — Annual Reports and Financial Publications,https://www.umeme.co.ug/investor-relations/reports/136,https://www.umeme.co.ug/umeme_api/wp-content/uploads/2022/05/Umeme-2021-Annual-Report_compressed.pdf,linked from issuer page,application/pdf (inferred from source link),Issuer website,
NSE-01338,Umeme PLC,UMME,Annual / full-year,Financial results / statements,2021,Umeme — Annual Reports and Financial Publications,https://www.umeme.co.ug/investor-relations/reports/136,https://www.umeme.co.ug/umeme_api/wp-content/uploads/2022/03/Umeme-FY2021-Results-compressed.pdf,linked from issuer page,application/pdf (inferred from source link),Issuer website,
NSE-01339,Umeme PLC,UMME,Annual / full-year,Financial results / statements,2025,Umeme — Annual Reports and Financial Publications,https://www.umeme.co.ug/investor-relations/reports/136,https://www.umeme.co.ug/umeme_api/wp-content/uploads/2026/08/25-Umeme-Financial-Statement.pdf,linked from issuer page,application/pdf (inferred from source link),Issuer website,
NSE-01340,Sanlam Allianz Holdings Kenya PLC,SLAM,Annual / full-year,Annual report,2025,Sanlam Allianz Kenya — Investor Relations,https://ke.sanlamallianz.com/life-insurance/about/our-profile#investor-relations,https://ke.sanlamallianz.com/uploads/files/2026/Sanlam-Allianz-AR-2025---Online-Version-updated.pdf,linked from issuer page,application/pdf (inferred from source link),Issuer website,
NSE-01341,Sanlam Allianz Holdings Kenya PLC,SLAM,Annual / full-year,Annual report,2024,Sanlam Allianz Kenya — Investor Relations,https://ke.sanlamallianz.com/life-insurance/about/our-profile#investor-relations,https://ke.sanlamallianz.com/uploads/files/Sanlam%20Annual%20Report%202024.pdf,linked from issuer page,application/pdf (inferred from source link),Issuer website,
NSE-01342,Sanlam Allianz Holdings Kenya PLC,SLAM,Annual / full-year,Annual report,2023,Sanlam Allianz Kenya — Investor Relations,https://ke.sanlamallianz.com/life-insurance/about/our-profile#investor-relations,https://ke.sanlamallianz.com/uploads/files/Sanlam Kenya PLC audited results.pdf,linked from issuer page,application/pdf (inferred from source link),Issuer website,
NSE-01343,Sanlam Allianz Holdings Kenya PLC,SLAM,Semi-annual / half-year,Financial results / statements,2023,Sanlam Allianz Kenya — Investor Relations,https://ke.sanlamallianz.com/life-insurance/about/our-profile#investor-relations,https://ke.sanlamallianz.com/uploads/files/Sanlam Kenya PLC unaudited results 30 June 2023.pdf,linked from issuer page,application/pdf (inferred from source link),Issuer website,
NSE-01344,Sanlam Allianz Holdings Kenya PLC,SLAM,Semi-annual / half-year,Financial results / statements,2022,Sanlam Allianz Kenya — Investor Relations,https://ke.sanlamallianz.com/life-insurance/about/our-profile#investor-relations,https://ke.sanlamallianz.com/uploads/files/sanlam%20plc%202022%20results.pdf,linked from issuer page,application/pdf (inferred from source link),Issuer website,
NSE-01345,Sanlam Allianz Holdings Kenya PLC,SLAM,Annual / full-year,Annual report,2022,Sanlam Allianz Kenya — Investor Relations,https://ke.sanlamallianz.com/life-insurance/about/our-profile#investor-relations,https://ke.sanlamallianz.com/uploads/files/Sanlam-AR-2023.pdf,linked from issuer page,application/pdf (inferred from source link),Issuer website,
NSE-01346,Sanlam Allianz Holdings Kenya PLC,SLAM,Annual / full-year,Annual report,2021,Sanlam Allianz Kenya — Investor Relations,https://ke.sanlamallianz.com/life-insurance/about/our-profile#investor-relations,https://ke.sanlamallianz.com/uploads/filesSanlam%20Annual%20Report%202021.pdf,linked from issuer page,application/pdf (inferred from source link),Issuer website,
NSE-01347,Sanlam Allianz Holdings Kenya PLC,SLAM,Annual / full-year,Annual report,2020,Sanlam Allianz Kenya — Investor Relations,https://ke.sanlamallianz.com/life-insurance/about/our-profile#investor-relations,https://ke.sanlamallianz.com/uploads/files/SANLAM-ANNUAL-REPORT-KENYA-PLC.pdf,linked from issuer page,application/pdf (inferred from source link),Issuer website,
NSE-01348,Sanlam Allianz Holdings Kenya PLC,SLAM,Annual / full-year,Annual report,2019,Sanlam Allianz Kenya — Investor Relations,https://ke.sanlamallianz.com/life-insurance/about/our-profile#investor-relations,https://ke.sanlamallianz.com/uploads/files/Sanlam%202019%20Annual%20Report%20Website.pdf,linked from issuer page,application/pdf (inferred from source link),Issuer website,
NSE-01349,Sanlam Allianz Holdings Kenya PLC,SLAM,Semi-annual / half-year,Financial results / statements,2019,Sanlam Allianz Kenya — Investor Relations,https://ke.sanlamallianz.com/life-insurance/about/our-profile#investor-relations,https://ke.sanlamallianz.com/uploads/files/Press%20Release%20FS%200619%20July%202019.pdf,linked from issuer page,application/pdf (inferred from source link),Issuer website,
NSE-01350,Sanlam Allianz Holdings Kenya PLC,SLAM,Periodic results material,Financial results / statements,2019,Sanlam Allianz Kenya — Investor Relations,https://ke.sanlamallianz.com/life-insurance/about/our-profile#investor-relations,https://ke.sanlamallianz.com/uploads/files/Sanlam%20Kenya%20Plc%20Results.pdf,linked from issuer page,application/pdf (inferred from source link),Issuer website,
NSE-01351,Sanlam Allianz Holdings Kenya PLC,SLAM,Annual / full-year,Annual report,2018,Sanlam Allianz Kenya — Investor Relations,https://ke.sanlamallianz.com/life-insurance/about/our-profile#investor-relations,https://ke.sanlamallianz.com/uploads/files/Annual%20Report_2018.pdf,linked from issuer page,application/pdf (inferred from source link),Issuer website,
NSE-01352,Sanlam Allianz Holdings Kenya PLC,SLAM,Periodic results material,Financial results / statements,2018,Sanlam Allianz Kenya — Investor Relations,https://ke.sanlamallianz.com/life-insurance/about/our-profile#investor-relations,https://ke.sanlamallianz.com/uploads/files/Sanlam%20Financials%204pm.pdf,linked from issuer page,application/pdf (inferred from source link),Issuer website,
NSE-01353,Sanlam Allianz Holdings Kenya PLC,SLAM,Annual / full-year,Annual report,2017,Sanlam Allianz Kenya — Investor Relations,https://ke.sanlamallianz.com/life-insurance/about/our-profile#investor-relations,https://ke.sanlamallianz.com/uploads/files/Annual%20Report%202017.pdf,linked from issuer page,application/pdf (inferred from source link),Issuer website,
NSE-01354,Sanlam Allianz Holdings Kenya PLC,SLAM,Periodic results material,Financial results / statements,2017,Sanlam Allianz Kenya — Investor Relations,https://ke.sanlamallianz.com/life-insurance/about/our-profile#investor-relations,https://ke.sanlamallianz.com/uploads/files/Financial%20Results%202017.pdf,linked from issuer page,application/pdf (inferred from source link),Issuer website,
NSE-01355,Sanlam Allianz Holdings Kenya PLC,SLAM,Annual / full-year,Annual report,2016,Sanlam Allianz Kenya — Investor Relations,https://ke.sanlamallianz.com/life-insurance/about/our-profile#investor-relations,https://ke.sanlamallianz.com/uploads/files/Annual%20Report%202016.pdf,linked from issuer page,application/pdf (inferred from source link),Issuer website,
NSE-01356,Sanlam Allianz Holdings Kenya PLC,SLAM,Semi-annual / half-year,Financial results / statements,2016,Sanlam Allianz Kenya — Investor Relations,https://ke.sanlamallianz.com/life-insurance/about/our-profile#investor-relations,https://ke.sanlamallianz.com/uploads/files/Interim%20Results%202016.pdf,linked from issuer page,application/pdf (inferred from source link),Issuer website,
NSE-01357,Sanlam Allianz Holdings Kenya PLC,SLAM,Annual / full-year,Annual report,2015,Sanlam Allianz Kenya — Investor Relations,https://ke.sanlamallianz.com/life-insurance/about/our-profile#investor-relations,https://ke.sanlamallianz.com/uploads/files/Annual%20Report%202015.pdf,linked from issuer page,application/pdf (inferred from source link),Issuer website,
NSE-01358,Bamburi Cement PLC,BAMB,Annual / full-year,Annual report,2025,ANNUAL REPORT AND FINANCIAL STATEMENTS 2025,https://bamburigroup.com/bamburi-cement-investor-relations/annual-reports/,https://bamburigroup.com/wp-content/uploads/2026/06/Bamburi-Cement-Annual-Report-2025-1.pdf,linked from issuer page,application/pdf (inferred from source link),Issuer website,
NSE-01359,Bamburi Cement PLC,BAMB,Annual / full-year,Annual report,2024,INTERGRATED ANNUAL REPORT 2024,https://bamburigroup.com/bamburi-cement-investor-relations/annual-reports/,https://bamburigroup.com/wp-content/uploads/2025/06/BCPlc-Integrated-Report-2024.pdf,linked from issuer page,application/pdf (inferred from source link),Issuer website,
NSE-01360,Bamburi Cement PLC,BAMB,Annual / full-year,Annual report,2023,Bamburi Cement Annual Report and Financial Statements 2023,https://bamburigroup.com/bamburi-cement-investor-relations/annual-reports/,https://bamburigroup.com/wp-content/uploads/2025/03/bamburi-annual-report-final-2024-revised-14-2.pdf,linked from issuer page,application/pdf (inferred from source link),Issuer website,
NSE-01361,Bamburi Cement PLC,BAMB,Annual / full-year,Annual report,2021,Bamburi Annual Report And Financial Statement 2021,https://bamburigroup.com/bamburi-cement-investor-relations/annual-reports/,https://bamburigroup.com/wp-content/uploads/2025/03/bamburi_annual_report_2021_web_option-min_.pdf,linked from issuer page,application/pdf (inferred from source link),Issuer website,
NSE-01362,Bamburi Cement PLC,BAMB,Annual / full-year,Annual report,2020,Annual Report and Financial Statements 2020,https://bamburigroup.com/bamburi-cement-investor-relations/annual-reports/,https://bamburigroup.com/wp-content/uploads/2025/03/bamburi-cement-annual-report-financial-statements-2020-.pdf,linked from issuer page,application/pdf (inferred from source link),Issuer website,
NSE-01363,Bamburi Cement PLC,BAMB,Annual / full-year,Annual report,2019,Annual Report and Financial Statements 2019,https://bamburigroup.com/bamburi-cement-investor-relations/annual-reports/,https://bamburigroup.com/wp-content/uploads/2025/03/bamburi-cement-annual-report-financial-statements-2020-1-1.pdf,linked from issuer page,application/pdf (inferred from source link),Issuer website,
NSE-01364,Bamburi Cement PLC,BAMB,Annual / full-year,Annual report,2018,Bamburi Annual Report and financial statement 2018,https://bamburigroup.com/bamburi-cement-investor-relations/annual-reports/,https://bamburigroup.com/wp-content/uploads/2025/03/2018_annual_report.pdf,linked from issuer page,application/pdf (inferred from source link),Issuer website,
NSE-01365,Bamburi Cement PLC,BAMB,Annual / full-year,Annual report,2017,Annual Report and Financial Statements 2017,https://bamburigroup.com/bamburi-cement-investor-relations/annual-reports/,https://bamburigroup.com/wp-content/uploads/2025/03/bamburi-cement-annual-report-financial-statements-2017-.pdf,linked from issuer page,application/pdf (inferred from source link),Issuer website,
NSE-01366,Bamburi Cement PLC,BAMB,Periodic results material,Financial results / statements,2025,Bamburi Cement Financial Statements 2025,https://bamburigroup.com/bamburi-cement-investor-relations/annual-reports/,https://bamburigroup.com/wp-content/uploads/2026/04/Bamburi-2026-FY-Results-17.04.2026.pdf,linked from issuer page,application/pdf (inferred from source link),Issuer website,
NSE-01367,Bamburi Cement PLC,BAMB,Semi-annual / half-year,Financial results / statements,2025,Bamburi Cement — H1 Financial Statements,https://bamburigroup.com/bamburi-unaudited-half-year-group-financial-statements-fy-2025/,https://bamburigroup.com/wp-content/uploads/2025/08/Bamburi-2025-FY-Results.pdf,linked from issuer page,application/pdf (inferred from source link),Issuer website,
NSE-01368,TPS Eastern Africa PLC,TPSE,Periodic results material,Financial results / statements,2025,TPS Eastern Africa / Serena Hotels — Annual and Financial Reports,https://www.serenahotels.com/about-us/governance,https://document-tc.galaxy.tf/wdpdf-zg87bfxkcs2fugvz43jy2p0b/file.pdf,linked from issuer page,application/pdf (inferred from source link),Issuer-controlled CDN linked from issuer page,
NSE-01369,TPS Eastern Africa PLC,TPSE,Annual / full-year,Annual report,2024,TPS Eastern Africa / Serena Hotels — Annual and Financial Reports,https://www.serenahotels.com/about-us/governance,https://document-tc.galaxy.tf/wdpdf-7i52uwid121f7cltay46n5t33/file.pdf,linked from issuer page,application/pdf (inferred from source link),Issuer-controlled CDN linked from issuer page,
NSE-01370,TPS Eastern Africa PLC,TPSE,Annual / full-year,Annual report,2023,TPS Eastern Africa / Serena Hotels — Annual and Financial Reports,https://www.serenahotels.com/about-us/governance,https://document-tc.galaxy.tf/wdpdf-c5pfbddmslb251zbcm7gpzuj/file.pdf,linked from issuer page,application/pdf (inferred from source link),Issuer-controlled CDN linked from issuer page,
NSE-01371,TPS Eastern Africa PLC,TPSE,Annual / full-year,Annual report,2022,TPS Eastern Africa / Serena Hotels — Annual and Financial Reports,https://www.serenahotels.com/about-us/governance,https://document-tc.galaxy.tf/wdpdf-dzxs9xb33c6vmruc4dlfdg5g8/file.pdf,linked from issuer page,application/pdf (inferred from source link),Issuer-controlled CDN linked from issuer page,
NSE-01372,TPS Eastern Africa PLC,TPSE,Annual / full-year,Annual report,2021,TPS Eastern Africa / Serena Hotels — Annual and Financial Reports,https://www.serenahotels.com/about-us/governance,https://document-tc.galaxy.tf/wdpdf-38rtg4jura96lujv3ymz3kwqg/file.pdf,linked from issuer page,application/pdf (inferred from source link),Issuer-controlled CDN linked from issuer page,
NSE-01373,TPS Eastern Africa PLC,TPSE,Annual / full-year,Annual report,2020,TPS Eastern Africa / Serena Hotels — Annual and Financial Reports,https://www.serenahotels.com/about-us/governance,https://document-tc.galaxy.tf/wdpdf-5y0xml5nh9zjnbtt9e2ellmat/file.pdf,linked from issuer page,application/pdf (inferred from source link),Issuer-controlled CDN linked from issuer page,
NSE-01374,TPS Eastern Africa PLC,TPSE,Annual / full-year,Annual report,2019,TPS Eastern Africa / Serena Hotels — Annual and Financial Reports,https://www.serenahotels.com/about-us/governance,https://document-tc.galaxy.tf/wdpdf-9yhkkhd1cqixg26wxakbt92si/file.pdf,linked from issuer page,application/pdf (inferred from source link),Issuer-controlled CDN linked from issuer page,
NSE-01375,TPS Eastern Africa PLC,TPSE,Periodic results material,Financial results / statements,2019,TPS Eastern Africa / Serena Hotels — Annual and Financial Reports,https://www.serenahotels.com/about-us/governance,https://document-tc.galaxy.tf/wdpdf-9xowizmgde49sh6746lpfac7o/file.pdf,linked from issuer page,application/pdf (inferred from source link),Issuer-controlled CDN linked from issuer page,
NSE-01376,TPS Eastern Africa PLC,TPSE,Semi-annual / half-year,Financial results / statements,2019,TPS Eastern Africa / Serena Hotels — Annual and Financial Reports,https://www.serenahotels.com/about-us/governance,https://document-tc.galaxy.tf/wdpdf-76u6f0t0z8vv67k7d5k6qe1g9/file.pdf,linked from issuer page,application/pdf (inferred from source link),Issuer-controlled CDN linked from issuer page,
NSE-01377,TPS Eastern Africa PLC,TPSE,Periodic results material,Periodic results material,2018,TPS Eastern Africa / Serena Hotels — Annual and Financial Reports,https://www.serenahotels.com/about-us/governance,https://document-tc.galaxy.tf/wdpdf-40yztg4dcvjsy1iez5lw1yjeo/file.pdf,linked from issuer page,application/pdf (inferred from source link),Issuer-controlled CDN linked from issuer page,
NSE-01378,TPS Eastern Africa PLC,TPSE,Periodic results material,Financial results / statements,2018,TPS Eastern Africa / Serena Hotels — Annual and Financial Reports,https://www.serenahotels.com/about-us/governance,https://document-tc.galaxy.tf/wdpdf-87jgmfifqo3hljkdudnjbgy7y/file.pdf,linked from issuer page,application/pdf (inferred from source link),Issuer-controlled CDN linked from issuer page,
NSE-01379,TPS Eastern Africa PLC,TPSE,Semi-annual / half-year,Financial results / statements,2018,TPS Eastern Africa / Serena Hotels — Annual and Financial Reports,https://www.serenahotels.com/about-us/governance,https://document-tc.galaxy.tf/wdpdf-6x0d6v63122pe13srnppiscza/file.pdf,linked from issuer page,application/pdf (inferred from source link),Issuer-controlled CDN linked from issuer page,
NSE-01380,TPS Eastern Africa PLC,TPSE,Periodic results material,Periodic results material,2017,TPS Eastern Africa / Serena Hotels — Annual and Financial Reports,https://www.serenahotels.com/about-us/governance,https://document-tc.galaxy.tf/wdpdf-3yd0zbv00bu21xhwahi7ai9x5/file.pdf,linked from issuer page,application/pdf (inferred from source link),Issuer-controlled CDN linked from issuer page,
NSE-01381,TPS Eastern Africa PLC,TPSE,Annual / full-year,Annual report,2016,TPS Eastern Africa / Serena Hotels — Annual and Financial Reports,https://www.serenahotels.com/about-us/governance,https://document-tc.galaxy.tf/wdpdf-6fy6ao0gjhs5p6bam5uygie62/file.pdf,linked from issuer page,application/pdf (inferred from source link),Issuer-controlled CDN linked from issuer page,
NSE-01382,TPS Eastern Africa PLC,TPSE,Annual / full-year,Annual report,2015,TPS Eastern Africa / Serena Hotels — Annual and Financial Reports,https://www.serenahotels.com/about-us/governance,https://document-tc.galaxy.tf/wdpdf-3dxehevv4qugms69ug5s7ozua/file.pdf,linked from issuer page,application/pdf (inferred from source link),Issuer-controlled CDN linked from issuer page,
NSE-01383,TPS Eastern Africa PLC,TPSE,Annual / full-year,Annual report,2014,TPS Eastern Africa / Serena Hotels — Annual and Financial Reports,https://www.serenahotels.com/about-us/governance,https://document-tc.galaxy.tf/wdpdf-c76lj1634oowlk69zeksvo4ue/file.pdf,linked from issuer page,application/pdf (inferred from source link),Issuer-controlled CDN linked from issuer page,
NSE-01384,TPS Eastern Africa PLC,TPSE,Annual / full-year,Annual report,2013,TPS Eastern Africa / Serena Hotels — Annual and Financial Reports,https://www.serenahotels.com/about-us/governance,https://document-tc.galaxy.tf/wdpdf-9yslxle6tm42kvswfmeeouc0d/file.pdf,linked from issuer page,application/pdf (inferred from source link),Issuer-controlled CDN linked from issuer page,
NSE-01385,TPS Eastern Africa PLC,TPSE,Annual / full-year,Annual report,2012,TPS Eastern Africa / Serena Hotels — Annual and Financial Reports,https://www.serenahotels.com/about-us/governance,https://document-tc.galaxy.tf/wdpdf-x250gacjc11owfpftrj23a11/file.pdf,linked from issuer page,application/pdf (inferred from source link),Issuer-controlled CDN linked from issuer page,
NSE-01386,TPS Eastern Africa PLC,TPSE,Annual / full-year,Annual report,2011,TPS Eastern Africa / Serena Hotels — Annual and Financial Reports,https://www.serenahotels.com/about-us/governance,https://document-tc.galaxy.tf/wdpdf-8nudabnx404lmqc01l01clu7r/file.pdf,linked from issuer page,application/pdf (inferred from source link),Issuer-controlled CDN linked from issuer page,
NSE-01387,TPS Eastern Africa PLC,TPSE,Periodic results material,Financial results / statements,2010,TPS Eastern Africa / Serena Hotels — Annual and Financial Reports,https://www.serenahotels.com/about-us/governance,https://document-tc.galaxy.tf/wdpdf-3s1gbretse2p0go89ta53zxe3/file.pdf,linked from issuer page,application/pdf (inferred from source link),Issuer-controlled CDN linked from issuer page,
NSE-01388,TPS Eastern Africa PLC,TPSE,Periodic results material,Financial results / statements,2009,TPS Eastern Africa / Serena Hotels — Annual and Financial Reports,https://www.serenahotels.com/about-us/governance,https://document-tc.galaxy.tf/wdpdf-9w1261r90ovh2vmcrcnc3h66b/file.pdf,linked from issuer page,application/pdf (inferred from source link),Issuer-controlled CDN linked from issuer page,
NSE-01389,TPS Eastern Africa PLC,TPSE,Periodic results material,Financial results / statements,2008,TPS Eastern Africa / Serena Hotels — Annual and Financial Reports,https://www.serenahotels.com/about-us/governance,https://document-tc.galaxy.tf/wdpdf-s7e0tr8t1fxa2gigoe02pbiu/file.pdf,linked from issuer page,application/pdf (inferred from source link),Issuer-controlled CDN linked from issuer page,
NSE-01390,TPS Eastern Africa PLC,TPSE,Periodic results material,Results booklet / abridged report,2024,TPS Eastern Africa / Serena Hotels — Annual and Financial Reports,https://www.serenahotels.com/about-us/governance,https://document-tc.galaxy.tf/wdpdf-6kzwvarpqrq1iiuygil4k3ncd/file.pdf,linked from issuer page,application/pdf (inferred from source link),Issuer-controlled CDN linked from issuer page,
NSE-01391,TPS Eastern Africa PLC,TPSE,Periodic results material,Results booklet / abridged report,2023,TPS Eastern Africa / Serena Hotels — Annual and Financial Reports,https://www.serenahotels.com/about-us/governance,https://document-tc.galaxy.tf/wdpdf-ad0t3z7ttjqexyr7o9nu1grc7/file.pdf,linked from issuer page,application/pdf (inferred from source link),Issuer-controlled CDN linked from issuer page,
NSE-01392,TPS Eastern Africa PLC,TPSE,Annual / full-year,Annual report,2022,TPS Eastern Africa / Serena Hotels — Annual and Financial Reports,https://www.serenahotels.com/about-us/governance,http://document-tc.galaxy.tf/wdpdf-dzxs9xb33c6vmruc4dlfdg5g8/file.pdf?download=true,linked from issuer page,application/pdf (inferred from source link),Issuer-controlled CDN linked from issuer page,
NSE-01393,TPS Eastern Africa PLC,TPSE,Periodic results material,Financial results / statements,2022,TPS Eastern Africa / Serena Hotels — Annual and Financial Reports,https://www.serenahotels.com/about-us/governance,https://document-tc.galaxy.tf/wdpdf-arhyuo6m8mqvbki6ptwd5vunq/file.pdf?download=true,linked from issuer page,application/pdf (inferred from source link),Issuer-controlled CDN linked from issuer page,
NSE-01394,TPS Eastern Africa PLC,TPSE,Periodic results material,Results booklet / abridged report,2021,TPS Eastern Africa / Serena Hotels — Annual and Financial Reports,https://www.serenahotels.com/about-us/governance,https://document-tc.galaxy.tf/wdpdf-9rl05c654nszt29zofcgl4wv7/file.pdf,linked from issuer page,application/pdf (inferred from source link),Issuer-controlled CDN linked from issuer page,
NSE-01395,TPS Eastern Africa PLC,TPSE,Periodic results material,Periodic results material,2019,TPS Eastern Africa / Serena Hotels — Annual and Financial Reports,https://www.serenahotels.com/about-us/governance,https://document-tc.galaxy.tf/wdpdf-5j9bft3z7yleeyu19nrxqle8x/file.pdf,linked from issuer page,application/pdf (inferred from source link),Issuer-controlled CDN linked from issuer page,
NSE-01396,TPS Eastern Africa PLC,TPSE,Periodic results material,Results booklet / abridged report,,TPS Eastern Africa / Serena Hotels — Annual and Financial Reports,https://www.serenahotels.com/about-us/governance,https://document-tc.galaxy.tf/wdpdf-4ei54rg92ancgi03sv4xi36ij/file.pdf,linked from issuer page,application/pdf (inferred from source link),Issuer-controlled CDN linked from issuer page,
NSE-01397,Limuru Tea PLC,LIMT,Annual / full-year,Financial results / statements,2025,Limuru Tea — NSE listed-company announcement,https://www.nse.co.ke/listed-company-announcements/,https://www.nse.co.ke/wp-content/uploads/Limuru-Tea-Plc-Audited-Results-for-the-Year-Ended-31st-December-2025.pdf,linked from issuer page,application/pdf (inferred from source link),NSE/exchange fallback,
NSE-01398,Eveready East Africa PLC,EVRD,Quarterly,Annual report,2010,Eveready East Africa — CMA fallback archive,https://www.cmarcp.or.ke/,https://www.cmarcp.or.ke/joomlatools-files/docman-files/NSE%20Listed%20companies%20Annual%20Reports/MANUFACTURING%20AND%20ALLIED/Eveready%20East%20Africa%20Ltd/2010.pdf,linked from issuer page,application/pdf (inferred from source link),CMA/regulator fallback,
NSE-01399,Eveready East Africa PLC,EVRD,Periodic results material,Financial results / statements,2015,Eveready East Africa — CMA fallback archive,https://www.cmarcp.or.ke/,https://www.cmarcp.or.ke/joomlatools-files/docman-files/halfyearstatement/MANUFACTURING%20AND%20ALLIED/EVEREADY/EEAL%202015%20finalResults.pdf,linked from issuer page,application/pdf (inferred from source link),CMA/regulator fallback,
NSE-01400,Eveready East Africa PLC,EVRD,Annual / full-year,Annual report,2016,Eveready East Africa — CMA fallback archive,https://www.cmarcp.or.ke/,https://www.cmarcp.or.ke/joomlatools-files/docman-files/monday/MANUFACTURING%20AND%20ALLIED/EVEREADY/2016.pdf,linked from issuer page,application/pdf (inferred from source link),CMA/regulator fallback,
NSE-01401,Laptrust Imara I-REIT,LAPR,Annual / full-year,Annual report,2024,Laptrust Imara I-REIT — official investor reports,https://laptrustimaraireit.co.ke/integrated-annual-reports/,https://laptrustimaraireit.co.ke/wp-content/uploads/2025/03/LAPTRUST-IMARA-I-REIT-2024-Annual-report.pdf,linked from issuer page,application/pdf (inferred from source link),Issuer website,
NSE-01402,Laptrust Imara I-REIT,LAPR,Annual / full-year,Annual report,2023,Laptrust Imara I-REIT — official investor reports,https://laptrustimaraireit.co.ke/integrated-annual-reports/,https://laptrustimaraireit.co.ke/wp-content/uploads/2024/05/LAPTRUST-IMARA-I-REIT-2023-Annual-Report-compressed.pdf,linked from issuer page,application/pdf (inferred from source link),Issuer website,
NSE-01403,Laptrust Imara I-REIT,LAPR,Annual / full-year,Annual report,2025,Laptrust Imara I-REIT — official investor reports,https://laptrustimaraireit.co.ke/semi-annual-reports/,https://laptrustimaraireit.co.ke/wp-content/uploads/2025/07/Semi-Annual-Report-2025-LAPTRUST-IMARA-I-REIT.pdf,linked from issuer page,application/pdf (inferred from source link),Issuer website,
NSE-01404,Laptrust Imara I-REIT,LAPR,Annual / full-year,Annual report,2024,Laptrust Imara I-REIT — official investor reports,https://laptrustimaraireit.co.ke/semi-annual-reports/,https://laptrustimaraireit.co.ke/wp-content/uploads/2024/07/2024-LAPTRUST-Imara-I-REIT-Semi-Annual-Report.pdf,linked from issuer page,application/pdf (inferred from source link),Issuer website,
NSE-01405,Laptrust Imara I-REIT,LAPR,Annual / full-year,Annual report,2023,Laptrust Imara I-REIT — official investor reports,https://laptrustimaraireit.co.ke/semi-annual-reports/,https://laptrustimaraireit.co.ke/wp-content/uploads/2023/07/2023-Semi-Annual-Report-LAPTRUST-Imara-I-REIT-Final.pdf,linked from issuer page,application/pdf (inferred from source link),Issuer website,
NSE-01406,Laptrust Imara I-REIT,LAPR,Semi-annual / half-year,Financial results / statements,2023,Laptrust Imara I-REIT — official investor reports,https://laptrustimaraireit.co.ke/semi-annual-reports/,https://laptrustimaraireit.co.ke/wp-content/uploads/2023/08/LAPTRUST-IMARA-I-REIT-H1-2023.pdf,linked from issuer page,application/pdf (inferred from source link),Issuer website,
NSE-01407,ARM Cement PLC,ARM,Annual / full-year,Annual report,2005,CMA fallback archive — construction and manufacturing,https://www.cmarcp.or.ke/,https://www.cmarcp.or.ke/joomlatools-files/docman-files/NSE%20Listed%20companies%20Annual%20Reports/CONSTRUCTION%20AND%20ALLIED/Athi%20River%20Mining/2005.pdf,linked from issuer page,application/pdf (inferred from source link),CMA/regulator fallback,
NSE-01408,ARM Cement PLC,ARM,Annual / full-year,Annual report,2007,CMA fallback archive — construction and manufacturing,https://www.cmarcp.or.ke/,https://www.cmarcp.or.ke/joomlatools-files/docman-files/NSE%20Listed%20companies%20Annual%20Reports/CONSTRUCTION%20AND%20ALLIED/Athi%20River%20Mining/2007.pdf,linked from issuer page,application/pdf (inferred from source link),CMA/regulator fallback,
NSE-01409,Mumias Sugar PLC,MSC,Annual / full-year,Annual report,,CMA fallback archive — construction and manufacturing,https://www.cmarcp.or.ke/,https://www.cmarcp.or.ke/joomlatools-files/docman-files/NSE%20Listed%20companies%20Annual%20Reports/MANUFACTURING%20AND%20ALLIED/Mumias%20Sugar%20Co.%20Ltd/1996.pdf,linked from issuer page,application/pdf (inferred from source link),CMA/regulator fallback,
NSE-01410,Mumias Sugar PLC,MSC,Annual / full-year,Annual report,,CMA fallback archive — construction and manufacturing,https://www.cmarcp.or.ke/,https://www.cmarcp.or.ke/joomlatools-files/docman-files/NSE%20Listed%20companies%20Annual%20Reports/MANUFACTURING%20AND%20ALLIED/Mumias%20Sugar%20Co.%20Ltd/1997.pdf,linked from issuer page,application/pdf (inferred from source link),CMA/regulator fallback,
NSE-01411,Mumias Sugar PLC,MSC,Annual / full-year,Annual report,2007,CMA fallback archive — construction and manufacturing,https://www.cmarcp.or.ke/,https://www.cmarcp.or.ke/joomlatools-files/docman-files/NSE%20Listed%20companies%20Annual%20Reports/MANUFACTURING%20AND%20ALLIED/Mumias%20Sugar%20Co.%20Ltd/2007.pdf,linked from issuer page,application/pdf (inferred from source link),CMA/regulator fallback,
NSE-01412,Mumias Sugar PLC,MSC,Annual / full-year,Annual report,2014,CMA fallback archive — construction and manufacturing,https://www.cmarcp.or.ke/,https://www.cmarcp.or.ke/joomlatools-files/docman-files/NSE%20Listed%20companies%20Annual%20Reports/MANUFACTURING%20AND%20ALLIED/Mumias%20Sugar%20Co.%20Ltd/2014.pdf,linked from issuer page,application/pdf (inferred from source link),CMA/regulator fallback,
NSE-01413,Mumias Sugar PLC,MSC,Semi-annual / half-year,Financial results / statements,2016,CMA fallback archive — construction and manufacturing,https://www.cmarcp.or.ke/,https://www.cmarcp.or.ke/joomlatools-files/docman-files/monday/halfyear/MANUFACTURING%20AND%20ALLIED/Mumias%20sugar/FY%202016.pdf,linked from issuer page,application/pdf (inferred from source link),CMA/regulator fallback,
NSE-01414,E.A. Portland Cement PLC,PORT,Annual / full-year,Annual report,2013,CMA fallback archive — construction and manufacturing,https://www.cmarcp.or.ke/,https://www.cmarcp.or.ke/joomlatools-files/docman-files/NSE%20Listed%20companies%20Annual%20Reports/CONSTRUCTION%20AND%20ALLIED/E.A%20Portland%20Cement/2013.pdf,linked from issuer page,application/pdf (inferred from source link),CMA/regulator fallback,
NSE-01415,E.A. Portland Cement PLC,PORT,Annual / full-year,Results announcement / commentary,2015,CMA fallback archive — construction and manufacturing,https://www.cmarcp.or.ke/,https://www.cmarcp.or.ke/joomlatools-files/docman-files/monday/halfyear/CONSTRUCTION%20AND%20ALLIED/EAST%20AFRICAN%20PORTLAND/full%20year/FY%202015.pdf,linked from issuer page,application/pdf (inferred from source link),CMA/regulator fallback,
NSE-01416,Deacons (East Africa) PLC,DCON,Periodic results material,Financial results / statements,2018,Deacons — CMA fallback archive,https://annualreport.cma.or.ke/,https://annualreport.cma.or.ke/media/COMMERCIAL%20AND%20SERVICES/Decons%20(East%20Africa)%20Plc/documents/2018.PDF,linked from issuer page,application/pdf (inferred from source link),CMA/regulator fallback,
NSE-01417,Uchumi Supermarkets PLC,UCHM,Semi-annual / half-year,Annual report,2013,CMA fallback archive — Uchumi and Trans-Century,https://www.cmarcp.or.ke/,https://www.cmarcp.or.ke/joomlatools-files/docman-files/monday/COMMERCIAL%20AND%20SERVICES/UCHUMI/2013.pdf,linked from issuer page,application/pdf (inferred from source link),CMA/regulator fallback,
NSE-01418,Uchumi Supermarkets PLC,UCHM,Semi-annual / half-year,Annual report,2015,CMA fallback archive — Uchumi and Trans-Century,https://www.cmarcp.or.ke/,https://www.cmarcp.or.ke/joomlatools-files/docman-files/monday/COMMERCIAL%20AND%20SERVICES/UCHUMI/2014-2015.pdf,linked from issuer page,application/pdf (inferred from source link),CMA/regulator fallback,
NSE-01419,Uchumi Supermarkets PLC,UCHM,Semi-annual / half-year,Annual report,2016,CMA fallback archive — Uchumi and Trans-Century,https://www.cmarcp.or.ke/,https://www.cmarcp.or.ke/joomlatools-files/docman-files/newdocs/COMMERCIAL%20AND%20SERVICES/UCHUMI/audited%20reports.pdf,linked from issuer page,application/pdf (inferred from source link),CMA/regulator fallback,
NSE-01420,Trans-Century PLC,TCL,Annual / full-year,Annual report,2016,CMA fallback archive — Uchumi and Trans-Century,https://www.cmarcp.or.ke/,https://www.cmarcp.or.ke/joomlatools-files/docman-files/NSE%20Listed%20companies%20Annual%20Reports/INVESTMENT/Trans-Century%20Ltd/2016.pdf,linked from issuer page,application/pdf (inferred from source link),CMA/regulator fallback,
NSE-01421,Nairobi Business Ventures PLC,NBV,Quarterly,Financial results / statements,2024,Nairobi Business Ventures — Annual and Financial Reports,https://www.nbvplc.com/annual.html,https://www.nbvplc.com/31ST 2024-1.pdf,linked from issuer page,application/pdf (inferred from source link),Issuer website,
NSE-01422,Nairobi Business Ventures PLC,NBV,Quarterly,Financial results / statements,2023,Nairobi Business Ventures — Annual and Financial Reports,https://www.nbvplc.com/annual.html,https://www.nbvplc.com/dkfurhsfdlb.pdf,linked from issuer page,application/pdf (inferred from source link),Issuer website,
NSE-01423,Nairobi Business Ventures PLC,NBV,Quarterly,Financial results / statements,2022,Nairobi Business Ventures — Annual and Financial Reports,https://www.nbvplc.com/annual.html,https://www.nbvplc.com/jfitsdcmfld.pdf,linked from issuer page,application/pdf (inferred from source link),Issuer website,
NSE-01424,Nairobi Business Ventures PLC,NBV,Quarterly,Financial results / statements,2021,Nairobi Business Ventures — Annual and Financial Reports,https://www.nbvplc.com/annual.html,https://www.nbvplc.com/agshtyr.pdf,linked from issuer page,application/pdf (inferred from source link),Issuer website,
NSE-01425,Nairobi Business Ventures PLC,NBV,Quarterly,Financial results / statements,2020,Nairobi Business Ventures — Annual and Financial Reports,https://www.nbvplc.com/annual.html,https://www.nbvplc.com/wurtsdf.pdf,linked from issuer page,application/pdf (inferred from source link),Issuer website,
NSE-01426,Nairobi Business Ventures PLC,NBV,Quarterly,Financial results / statements,2019,Nairobi Business Ventures — Annual and Financial Reports,https://www.nbvplc.com/annual.html,https://www.nbvplc.com/xertsd.pdf,linked from issuer page,application/pdf (inferred from source link),Issuer website,
NSE-01427,Nairobi Business Ventures PLC,NBV,Quarterly,Financial results / statements,2018,Nairobi Business Ventures — Annual and Financial Reports,https://www.nbvplc.com/annual.html,https://www.nbvplc.com/llyyts.pdf,linked from issuer page,application/pdf (inferred from source link),Issuer website,
NSE-01428,Nairobi Business Ventures PLC,NBV,Quarterly,Financial results / statements,2017,Nairobi Business Ventures — Annual and Financial Reports,https://www.nbvplc.com/annual.html,https://www.nbvplc.com/dshklgh.pdf,linked from issuer page,application/pdf (inferred from source link),Issuer website,
NSE-01429,Nairobi Business Ventures PLC,NBV,Quarterly,Financial results / statements,2016,Nairobi Business Ventures — Annual and Financial Reports,https://www.nbvplc.com/annual.html,https://www.nbvplc.com/ssttdda.pdf,linked from issuer page,application/pdf (inferred from source link),Issuer website,
NSE-01430,Nairobi Business Ventures PLC,NBV,Quarterly,Financial results / statements,2015,Nairobi Business Ventures — Annual and Financial Reports,https://www.nbvplc.com/annual.html,https://www.nbvplc.com/qqeydadd.pdf,linked from issuer page,application/pdf (inferred from source link),Issuer website,
NSE-01431,Nairobi Business Ventures PLC,NBV,Quarterly,Financial results / statements,2014,Nairobi Business Ventures — Annual and Financial Reports,https://www.nbvplc.com/annual.html,https://www.nbvplc.com/laereok.pdf,linked from issuer page,application/pdf (inferred from source link),Issuer website,
NSE-01432,Nairobi Business Ventures PLC,NBV,Quarterly,Financial results / statements,2013,Nairobi Business Ventures — Annual and Financial Reports,https://www.nbvplc.com/annual.html,https://www.nbvplc.com/kdceiurd.pdf,linked from issuer page,application/pdf (inferred from source link),Issuer website,
NSE-01433,Nairobi Business Ventures PLC,NBV,Semi-annual / half-year,Financial results / statements,2025,Nairobi Business Ventures — Annual and Financial Reports,https://www.nbvplc.com/annual.html,https://www.nbvplc.com/UNAUDITED 2025.pdf,linked from issuer page,application/pdf (inferred from source link),Issuer website,
NSE-01434,Nairobi Business Ventures PLC,NBV,Semi-annual / half-year,Financial results / statements,2024,Nairobi Business Ventures — Annual and Financial Reports,https://www.nbvplc.com/annual.html,https://www.nbvplc.com/0000366265.pdf,linked from issuer page,application/pdf (inferred from source link),Issuer website,
NSE-01435,Nairobi Business Ventures PLC,NBV,Semi-annual / half-year,Financial results / statements,2023,Nairobi Business Ventures — Annual and Financial Reports,https://www.nbvplc.com/annual.html,https://www.nbvplc.com/jtddly8874.pdf,linked from issuer page,application/pdf (inferred from source link),Issuer website,
NSE-01436,Nairobi Business Ventures PLC,NBV,Semi-annual / half-year,Financial results / statements,2022,Nairobi Business Ventures — Annual and Financial Reports,https://www.nbvplc.com/annual.html,https://www.nbvplc.com/ffrid3ddj.pdf,linked from issuer page,application/pdf (inferred from source link),Issuer website,
NSE-01437,Nairobi Business Ventures PLC,NBV,Semi-annual / half-year,Financial results / statements,2021,Nairobi Business Ventures — Annual and Financial Reports,https://www.nbvplc.com/annual.html,https://www.nbvplc.com/nvbd47eh.pdf,linked from issuer page,application/pdf (inferred from source link),Issuer website,
NSE-01438,Nairobi Business Ventures PLC,NBV,Semi-annual / half-year,Financial results / statements,2020,Nairobi Business Ventures — Annual and Financial Reports,https://www.nbvplc.com/annual.html,https://www.nbvplc.com/rdg943nfdf.pdf,linked from issuer page,application/pdf (inferred from source link),Issuer website,
NSE-01439,Nairobi Business Ventures PLC,NBV,Semi-annual / half-year,Financial results / statements,2019,Nairobi Business Ventures — Annual and Financial Reports,https://www.nbvplc.com/annual.html,https://www.nbvplc.com/d88sdsdd.pdf,linked from issuer page,application/pdf (inferred from source link),Issuer website,
NSE-01440,Nairobi Business Ventures PLC,NBV,Semi-annual / half-year,Financial results / statements,2018,Nairobi Business Ventures — Annual and Financial Reports,https://www.nbvplc.com/annual.html,https://www.nbvplc.com/s9kjfeiee.pdf,linked from issuer page,application/pdf (inferred from source link),Issuer website,
NSE-01441,Nairobi Business Ventures PLC,NBV,Semi-annual / half-year,Financial results / statements,2017,Nairobi Business Ventures — Annual and Financial Reports,https://www.nbvplc.com/annual.html,https://www.nbvplc.com/9hdjdshe.pdf,linked from issuer page,application/pdf (inferred from source link),Issuer website,
NSE-01442,Nairobi Business Ventures PLC,NBV,Semi-annual / half-year,Financial results / statements,2016,Nairobi Business Ventures — Annual and Financial Reports,https://www.nbvplc.com/annual.html,https://www.nbvplc.com/9kdeirud.pdf,linked from issuer page,application/pdf (inferred from source link),Issuer website,
NSE-01443,BK Group PLC,BKG,Quarterly,Financial results / statements,,BK Group — official financial reports API archive,https://bk.rw/en/about/document-center,https://bk.rw/uploads/1_BK_Group_Plc_Announces_its_Audited_FY_2025_Financial_Results_final_d8835ee66c.pdf,linked from issuer page,application/pdf (inferred from source link),Issuer website,
NSE-01444,BK Group PLC,BKG,Quarterly,Financial results / statements,2025,BK Group — official financial reports API archive,https://bk.rw/en/about/document-center,https://bk.rw/uploads/BK_Financials_Sept_2025_Newspaper_441ebac4b1.pdf,linked from issuer page,application/pdf (inferred from source link),Issuer website,
NSE-01445,BK Group PLC,BKG,Quarterly,Financial results / statements,2025,BK Group — official financial reports API archive,https://bk.rw/en/about/document-center,https://bk.rw/uploads/BK_Group_Financials_Sept_2025_1_signed_adfd8a229c.pdf,linked from issuer page,application/pdf (inferred from source link),Issuer website,
NSE-01446,BK Group PLC,BKG,Periodic results material,Financial results / statements,2025,BK Group — official financial reports API archive,https://bk.rw/en/about/document-center,https://bk.rw/uploads/Bank_of_Kigali_Announce_H1_2025_results_2411ca25c1.pdf,linked from issuer page,application/pdf (inferred from source link),Issuer website,
NSE-01447,BK Group PLC,BKG,Periodic results material,Financial results / statements,2025,BK Group — official financial reports API archive,https://bk.rw/en/about/document-center,https://bk.rw/uploads/BK_Gr_P_June_2025_Signed_1ec51b67d6.pdf,linked from issuer page,application/pdf (inferred from source link),Issuer website,
NSE-01448,BK Group PLC,BKG,Quarterly,Financial results / statements,2025,BK Group — official financial reports API archive,https://bk.rw/en/about/document-center,https://bk.rw/uploads/BK_Group_Plc_Announces_Unaudited_Q1_2025_Financial_Results_1_bb11da9d07.pdf,linked from issuer page,application/pdf (inferred from source link),Issuer website,
NSE-01449,BK Group PLC,BKG,Quarterly,Financial results / statements,2024,BK Group — official financial reports API archive,https://bk.rw/en/about/document-center,https://bk.rw/uploads/BK_Group_Plc_Announces_Audited_Financial_Results_FY_2024_Final_f09b89ed87.pdf,linked from issuer page,application/pdf (inferred from source link),Issuer website,
NSE-01450,BK Group PLC,BKG,Quarterly,Financial results / statements,2024,BK Group — official financial reports API archive,https://bk.rw/en/about/document-center,https://bk.rw/uploads/BK_Group_Plc_Announces_Q3_and_9_M_2024_Unaudited_Financial_Results_3858d547c4.pdf,linked from issuer page,application/pdf (inferred from source link),Issuer website,
NSE-01451,BK Group PLC,BKG,Periodic results material,Financial results / statements,2024,BK Group — official financial reports API archive,https://bk.rw/en/about/document-center,https://bk.rw/uploads/BK_Group_Announces_1_H_2024_Results_Press_Release_7cc5ea1d6e.pdf,linked from issuer page,application/pdf (inferred from source link),Issuer website,
NSE-01452,BK Group PLC,BKG,Quarterly,Financial results / statements,2024,BK Group — official financial reports API archive,https://bk.rw/en/about/document-center,https://bk.rw/uploads/BK_Group_Plc_Announces_Unaudited_Financial_Results_Q1_2024_1_8f148801d2.pdf,linked from issuer page,application/pdf (inferred from source link),Issuer website,
NSE-01453,BK Group PLC,BKG,Quarterly,Financial results / statements,2023,BK Group — official financial reports API archive,https://bk.rw/en/about/document-center,https://bk.rw/uploads/Press_Release_Q3_9_M_2023_666c1224fb.pdf,linked from issuer page,application/pdf (inferred from source link),Issuer website,
NSE-01454,BK Group PLC,BKG,Quarterly,Financial results / statements,2023,BK Group — official financial reports API archive,https://bk.rw/en/about/document-center,https://bk.rw/uploads/BK_Group_Plc_Announces_Reviewed_Results_Q2_and_1_H_2023_2_35631db0b5.pdf,linked from issuer page,application/pdf (inferred from source link),Issuer website,
NSE-01455,BK Group PLC,BKG,Quarterly,Financial results / statements,2023,BK Group — official financial reports API archive,https://bk.rw/en/about/document-center,https://bk.rw/uploads/BK_Group_Plc_Announces_Reviewed_Financial_Results_Q1_2023_e484a3747c.pdf,linked from issuer page,application/pdf (inferred from source link),Issuer website,
NSE-01456,BK Group PLC,BKG,Quarterly,Financial results / statements,2022,BK Group — official financial reports API archive,https://bk.rw/en/about/document-center,https://bk.rw/uploads/BK_Group_Plc_Announces_FY_Q4_2022_Audited_Results_3de5982e07.pdf,linked from issuer page,application/pdf (inferred from source link),Issuer website,
NSE-01457,BK Group PLC,BKG,Quarterly,Financial results / statements,2022,BK Group — official financial reports API archive,https://bk.rw/en/about/document-center,https://bk.rw/uploads/BK_Group_Annouces_Reviewed_Financial_Results_Q3_9_M_2022_23b21343d0.pdf,linked from issuer page,application/pdf (inferred from source link),Issuer website,
NSE-01458,BK Group PLC,BKG,Quarterly,Financial results / statements,2022,BK Group — official financial reports API archive,https://bk.rw/en/about/document-center,https://bk.rw/uploads/BK_Group_Plc_Reviewed_Financial_Results_Q2_1_H_2022_6f6e026644.pdf,linked from issuer page,application/pdf (inferred from source link),Issuer website,
NSE-01459,BK Group PLC,BKG,Quarterly,Financial results / statements,2022,BK Group — official financial reports API archive,https://bk.rw/en/about/document-center,https://bk.rw/uploads/BK_Group_Plc_Announces_Unaudited_Financial_Results_Q1_2022_1_a9ebf43f97.pdf,linked from issuer page,application/pdf (inferred from source link),Issuer website,
NSE-01460,BK Group PLC,BKG,Quarterly,Financial results / statements,2021,BK Group — official financial reports API archive,https://bk.rw/en/about/document-center,https://bk.rw/uploads/BK_Group_Plc_Announces_Q4_FY_2021_Audited_Results_3_e9316b1210.pdf,linked from issuer page,application/pdf (inferred from source link),Issuer website,
NSE-01461,BK Group PLC,BKG,Quarterly,Financial results / statements,2021,BK Group — official financial reports API archive,https://bk.rw/en/about/document-center,https://bk.rw/uploads/BK_Group_Plc_Announces_Unaudited_Results_Q3_and_9_M_2021_49a307dce0.pdf,linked from issuer page,application/pdf (inferred from source link),Issuer website,
NSE-01462,BK Group PLC,BKG,Quarterly,Financial results / statements,2021,BK Group — official financial reports API archive,https://bk.rw/en/about/document-center,https://bk.rw/uploads/BK_Group_Plc_Announces_Reviewed_Results_Q2_and_1_H_2021_be1fe2921f.pdf,linked from issuer page,application/pdf (inferred from source link),Issuer website,
NSE-01463,BK Group PLC,BKG,Quarterly,Financial results / statements,2021,BK Group — official financial reports API archive,https://bk.rw/en/about/document-center,https://bk.rw/uploads/BK_Group_Plc_Announces_Unaudited_Q1_2021_Financail_Results_6543a64b45.pdf,linked from issuer page,application/pdf (inferred from source link),Issuer website,
NSE-01464,BK Group PLC,BKG,Quarterly,Financial results / statements,2020,BK Group — official financial reports API archive,https://bk.rw/en/about/document-center,https://bk.rw/uploads/BK_Group_Plc_Announces_Q4_FY_2020_Audited_Results_ed4fb2ca5a.pdf,linked from issuer page,application/pdf (inferred from source link),Issuer website,
NSE-01465,BK Group PLC,BKG,Quarterly,Financial results / statements,2020,BK Group — official financial reports API archive,https://bk.rw/en/about/document-center,https://bk.rw/uploads/BK_Group_Plc_Announces_Unaudited_IFRS_Based_Q3_9_M2020_Results_a9f316fc2a.pdf,linked from issuer page,application/pdf (inferred from source link),Issuer website,
NSE-01466,BK Group PLC,BKG,Quarterly,Financial results / statements,2020,BK Group — official financial reports API archive,https://bk.rw/en/about/document-center,https://bk.rw/uploads/BK_Group_Plc_Q2_and_1_H_2020_Reviewed_Results_968b1c6fdf.pdf,linked from issuer page,application/pdf (inferred from source link),Issuer website,
NSE-01467,BK Group PLC,BKG,Quarterly,Financial results / statements,2020,BK Group — official financial reports API archive,https://bk.rw/en/about/document-center,https://bk.rw/uploads/BK_Group_Plc_Announces_Unaudited_Results_Q1_2020_1_a47a87add3.pdf,linked from issuer page,application/pdf (inferred from source link),Issuer website,
NSE-01468,BK Group PLC,BKG,Quarterly,Periodic results material,2019,BK Group — official financial reports API archive,https://bk.rw/en/about/document-center,https://bk.rw/uploads/BK_Group_Plc_Announces_Q4_and_FY_2019_Audited_Results_229c0519b5.pdf,linked from issuer page,application/pdf (inferred from source link),Issuer website,
NSE-01469,BK Group PLC,BKG,Annual / full-year,Periodic results material,2018,BK Group — official financial reports API archive,https://bk.rw/en/about/document-center,https://bk.rw/uploads/BK_Group_Plc_Announces_4_Q_and_FY_2018_Audited_Results_aa94fd1504.pdf,linked from issuer page,application/pdf (inferred from source link),Issuer website,
NSE-01470,BK Group PLC,BKG,Quarterly,Financial results / statements,2018,BK Group — official financial reports API archive,https://bk.rw/en/about/document-center,https://bk.rw/uploads/BK_Group_Plc_Annouces_3_Q_and_9_M_Reviewed_Results_cd0480b330.pdf,linked from issuer page,application/pdf (inferred from source link),Issuer website,
NSE-01471,BK Group PLC,BKG,Quarterly,Periodic results material,2017,BK Group — official financial reports API archive,https://bk.rw/en/about/document-center,https://bk.rw/uploads/Bankof_Kigali_Announces_Reviewed_Q32017and_9_M2017_Results_e377ba5e31.pdf,linked from issuer page,application/pdf (inferred from source link),Issuer website,
NSE-01472,BK Group PLC,BKG,Quarterly,Periodic results material,2017,BK Group — official financial reports API archive,https://bk.rw/en/about/document-center,https://bk.rw/uploads/Bank_of_Kigali_Announces_Reviewed_Q1_2017_Results_2_fe70e0d7f3.pdf,linked from issuer page,application/pdf (inferred from source link),Issuer website,
NSE-01473,BK Group PLC,BKG,Quarterly,Periodic results material,2017,BK Group — official financial reports API archive,https://bk.rw/en/about/document-center,https://bk.rw/uploads/Bank_of_Kigali_Announces_Reviewed_Q1_2017_Results_1_1278a455d8.pdf,linked from issuer page,application/pdf (inferred from source link),Issuer website,
NSE-01474,BK Group PLC,BKG,Quarterly,Periodic results material,2016,BK Group — official financial reports API archive,https://bk.rw/en/about/document-center,https://bk.rw/uploads/BK_Financial_results_Q3_2016_753116b920.pdf,linked from issuer page,application/pdf (inferred from source link),Issuer website,
NSE-01475,BK Group PLC,BKG,Quarterly,Periodic results material,2016,BK Group — official financial reports API archive,https://bk.rw/en/about/document-center,https://bk.rw/uploads/Bank_of_Kigali_Announces_Reviewed_Q2_2016_and_1_H_2016_Results_ec5f2a1a3f.pdf,linked from issuer page,application/pdf (inferred from source link),Issuer website,
NSE-01476,BK Group PLC,BKG,Annual / full-year,Annual report,,BK Group — official financial reports API archive,https://bk.rw/en/about/document-center,https://bk.rw/uploads/BK_Annual_Integrated_Report_FY_2025_6_994e12bbc6.pdf,linked from issuer page,application/pdf (inferred from source link),Issuer website,
NSE-01477,BK Group PLC,BKG,Annual / full-year,Annual report,,BK Group — official financial reports API archive,https://bk.rw/en/about/document-center,https://bk.rw/uploads/BK_Integrated_Annual_Report_2024_1_2fb684c274.pdf,linked from issuer page,application/pdf (inferred from source link),Issuer website,
NSE-01478,BK Group PLC,BKG,Annual / full-year,Annual report,,BK Group — official financial reports API archive,https://bk.rw/en/about/document-center,https://bk.rw/uploads/3_BK_GROUP_PLC_ANNUAL_REPORT_2024_0c4461d3c9.pdf,linked from issuer page,application/pdf (inferred from source link),Issuer website,
NSE-01479,BK Group PLC,BKG,Annual / full-year,Annual report,,BK Group — official financial reports API archive,https://bk.rw/en/about/document-center,https://bk.rw/uploads/Bank_of_Kigali_Annual_Report_2023_2_e8631b2625.pdf,linked from issuer page,application/pdf (inferred from source link),Issuer website,
NSE-01480,BK Group PLC,BKG,Annual / full-year,Annual report,,BK Group — official financial reports API archive,https://bk.rw/en/about/document-center,https://bk.rw/uploads/BK_Group_Annual_Intergrated_report_2023_242e57b27e.pdf,linked from issuer page,application/pdf (inferred from source link),Issuer website,
NSE-01481,BK Group PLC,BKG,Annual / full-year,Annual report,,BK Group — official financial reports API archive,https://bk.rw/en/about/document-center,https://bk.rw/uploads/BK_Group_Plc_Annual_Intergrated_Report_2022_05ae519cc1.pdf,linked from issuer page,application/pdf (inferred from source link),Issuer website,
NSE-01482,BK Group PLC,BKG,Annual / full-year,Annual report,,BK Group — official financial reports API archive,https://bk.rw/en/about/document-center,https://bk.rw/uploads/Bank_of_Kigali_AIR_2022_731e5ad4be.pdf,linked from issuer page,application/pdf (inferred from source link),Issuer website,
NSE-01483,BK Group PLC,BKG,Annual / full-year,Annual report,,BK Group — official financial reports API archive,https://bk.rw/en/about/document-center,https://bk.rw/uploads/Annual_Report_2016_40bc4bffd6.pdf,linked from issuer page,application/pdf (inferred from source link),Issuer website,
NSE-01484,BK Group PLC,BKG,Annual / full-year,Annual report,,BK Group — official financial reports API archive,https://bk.rw/en/about/document-center,https://bk.rw/uploads/BK_Group_Integrated_Annual_Report_2021_9d9db6c026.pdf,linked from issuer page,application/pdf (inferred from source link),Issuer website,
NSE-01485,BK Group PLC,BKG,Annual / full-year,Annual report,,BK Group — official financial reports API archive,https://bk.rw/en/about/document-center,https://bk.rw/uploads/BK_Annual_Integrated_Report_2020_37ca6970f2.pdf,linked from issuer page,application/pdf (inferred from source link),Issuer website,
NSE-01486,BK Group PLC,BKG,Annual / full-year,Annual report,,BK Group — official financial reports API archive,https://bk.rw/en/about/document-center,https://bk.rw/uploads/BK_Group_Plc_2019_Annual_Report_d985923474.pdf,linked from issuer page,application/pdf (inferred from source link),Issuer website,
NSE-01487,BK Group PLC,BKG,Annual / full-year,Annual report,,BK Group — official financial reports API archive,https://bk.rw/en/about/document-center,https://bk.rw/uploads/BK_annual_Report_2018_f64724a166.pdf,linked from issuer page,application/pdf (inferred from source link),Issuer website,
NSE-01488,BK Group PLC,BKG,Annual / full-year,Annual report,,BK Group — official financial reports API archive,https://bk.rw/en/about/document-center,https://bk.rw/uploads/BK_Annual_Report_2017_0135f79bc7.pdf,linked from issuer page,application/pdf (inferred from source link),Issuer website,
NSE-01489,BK Group PLC,BKG,Annual / full-year,Annual report,,BK Group — official financial reports API archive,https://bk.rw/en/about/document-center,https://bk.rw/uploads/Annual_Report_2016_ff74f2993b.pdf,linked from issuer page,application/pdf (inferred from source link),Issuer website,
NSE-01490,BK Group PLC,BKG,Annual / full-year,Annual report,,BK Group — official financial reports API archive,https://bk.rw/en/about/document-center,https://bk.rw/uploads/Annual_Report_2014_eb3accf3b8.pdf,linked from issuer page,application/pdf (inferred from source link),Issuer website,
NSE-01491,BK Group PLC,BKG,Annual / full-year,Annual report,,BK Group — official financial reports API archive,https://bk.rw/en/about/document-center,https://bk.rw/uploads/2013_Annual_Report_622dae7fda.pdf,linked from issuer page,application/pdf (inferred from source link),Issuer website,
NSE-01492,BK Group PLC,BKG,Annual / full-year,Annual report,,BK Group — official financial reports API archive,https://bk.rw/en/about/document-center,https://bk.rw/uploads/Annual_Report_2012_d26a01d3aa.pdf,linked from issuer page,application/pdf (inferred from source link),Issuer website,
NSE-01493,BK Group PLC,BKG,Annual / full-year,Annual report,,BK Group — official financial reports API archive,https://bk.rw/en/about/document-center,https://bk.rw/uploads/2011_annual_reports_2037e6f4af.pdf,linked from issuer page,application/pdf (inferred from source link),Issuer website,
NSE-01494,BK Group PLC,BKG,Annual / full-year,Annual report,,BK Group — official financial reports API archive,https://bk.rw/en/about/document-center,https://bk.rw/uploads/2010_annual_reports_461a8c21db.pdf,linked from issuer page,application/pdf (inferred from source link),Issuer website,
NSE-01495,BK Group PLC,BKG,Annual / full-year,Annual report,,BK Group — official financial reports API archive,https://bk.rw/en/about/document-center,https://bk.rw/uploads/ANNUAL_Report_2009_Bank_of_KIGALI_last_versionf_61ca7a0763.pdf,linked from issuer page,application/pdf (inferred from source link),Issuer website,
NSE-01496,BK Group PLC,BKG,Annual / full-year,Annual report,,BK Group — official financial reports API archive,https://bk.rw/en/about/document-center,https://bk.rw/uploads/Annual_report_2008_1_9e2312159d.pdf,linked from issuer page,application/pdf (inferred from source link),Issuer website,
NSE-01497,BK Group PLC,BKG,Annual / full-year,Financial results / statements,2020,BK Group — official financial reports API archive,https://bk.rw/en/about/document-center,https://bk.rw/uploads/Financial_Statements_FY_2020_1_7c54c393a4.pdf,linked from issuer page,application/pdf (inferred from source link),Issuer website,
NSE-01498,BK Group PLC,BKG,Annual / full-year,Financial results / statements,2020,BK Group — official financial reports API archive,https://bk.rw/en/about/document-center,https://bk.rw/uploads/BK_Group_Plc_1_8fe51d1d60.pdf,linked from issuer page,application/pdf (inferred from source link),Issuer website,
NSE-01499,Satrix MSCI World Feeder ETF,SMWF.E0000,Periodic results material,Financial results / statements,2025,Satrix MSCI World — Annual Financial Statements,https://satrix.co.za/products/product-details?id=33,https://satrix.co.za/media/92364,linked from issuer page,application/pdf (inferred from source link),Issuer website,
NSE-01500,Satrix MSCI World Feeder ETF,SMWF.E0000,Periodic results material,Financial results / statements,2024,Satrix MSCI World — Annual Financial Statements,https://satrix.co.za/products/product-details?id=33,https://satrix.co.za/media/90866,linked from issuer page,application/pdf (inferred from source link),Issuer website,
NSE-01501,Satrix MSCI World Feeder ETF,SMWF.E0000,Periodic results material,Financial results / statements,2023,Satrix MSCI World — Annual Financial Statements,https://satrix.co.za/products/product-details?id=33,https://satrix.co.za/media/88196,linked from issuer page,application/pdf (inferred from source link),Issuer website,
NSE-01502,Satrix MSCI World Feeder ETF,SMWF.E0000,Periodic results material,Financial results / statements,2022,Satrix MSCI World — Annual Financial Statements,https://satrix.co.za/products/product-details?id=33,https://satrix.co.za/media/76632,linked from issuer page,application/pdf (inferred from source link),Issuer website,
NSE-01503,Satrix MSCI World Feeder ETF,SMWF.E0000,Periodic results material,Financial results / statements,2020,Satrix MSCI World — Annual Financial Statements,https://satrix.co.za/products/product-details?id=33,https://satrix.co.za/media/50977,linked from issuer page,application/pdf (inferred from source link),Issuer website,
NSE-01504,Satrix MSCI World Feeder ETF,SMWF.E0000,Periodic results material,Financial results / statements,2019,Satrix MSCI World — Annual Financial Statements,https://satrix.co.za/products/product-details?id=33,https://satrix.co.za/media/40165,linked from issuer page,application/pdf (inferred from source link),Issuer website,
NSE-01505,Satrix MSCI World Feeder ETF,SMWF.E0000,Periodic results material,Financial results / statements,2018,Satrix MSCI World — Annual Financial Statements,https://satrix.co.za/products/product-details?id=33,https://satrix.co.za/media/30891,linked from issuer page,application/pdf (inferred from source link),Issuer website,
NSE-01506,Satrix MSCI World Feeder ETF,SMWF.E0000,Periodic results material,Financial results / statements,2017,Satrix MSCI World — Annual Financial Statements,https://satrix.co.za/products/product-details?id=33,https://satrix.co.za/media/30816,linked from issuer page,application/pdf (inferred from source link),Issuer website,
NSE-01507,Satrix MSCI World Feeder ETF,SMWF.E0000,Periodic results material,Financial results / statements,2016,Satrix MSCI World — Annual Financial Statements,https://satrix.co.za/products/product-details?id=33,https://satrix.co.za/media/22204,linked from issuer page,application/pdf (inferred from source link),Issuer website,
NSE-01508,NewGold Issuer (RF) Limited,GLD,Periodic results material,Financial results / statements,2026,NewGold ETF — Annual Financial Statements,https://aiss.absa.africa/product/etf/ZAE000060067/GHA/downloads,https://aiss.absa.africa/api/client/downloads/file/019f0306-1931-779a-8f53-7e7df8342983,linked from issuer page,application/pdf (inferred from source link),Issuer website,
NSE-01509,NewGold Issuer (RF) Limited,GLD,Periodic results material,Financial results / statements,2025,NewGold ETF — Annual Financial Statements,https://aiss.absa.africa/product/etf/ZAE000060067/GHA/downloads,https://aiss.absa.africa/api/client/downloads/file/d750a1a0-6325-4464-a0b9-57f2889d4cb2,linked from issuer page,application/pdf (inferred from source link),Issuer website,
NSE-01510,NewGold Issuer (RF) Limited,GLD,Periodic results material,Financial results / statements,2024,NewGold ETF — Annual Financial Statements,https://aiss.absa.africa/product/etf/ZAE000060067/GHA/downloads,https://aiss.absa.africa/api/client/downloads/file/303cfb1d-8525-4f2a-9a55-6033a54f73f4,linked from issuer page,application/pdf (inferred from source link),Issuer website,
NSE-01511,NewGold Issuer (RF) Limited,GLD,Periodic results material,Financial results / statements,2023,NewGold ETF — Annual Financial Statements,https://aiss.absa.africa/product/etf/ZAE000060067/GHA/downloads,https://aiss.absa.africa/api/client/downloads/file/deb180e9-ecd9-47d4-a89c-7b398bc338be,linked from issuer page,application/pdf (inferred from source link),Issuer website,
NSE-01512,NewGold Issuer (RF) Limited,GLD,Periodic results material,Financial results / statements,2022,NewGold ETF — Annual Financial Statements,https://aiss.absa.africa/product/etf/ZAE000060067/GHA/downloads,https://aiss.absa.africa/api/client/downloads/file/af67e86e-14a5-47c4-ba6f-f24b0f68d0ce,linked from issuer page,application/pdf (inferred from source link),Issuer website,
NSE-01513,NewGold Issuer (RF) Limited,GLD,Quarterly,Financial results / statements,2020,NewGold ETF — Annual Financial Statements,https://aiss.absa.africa/product/etf/ZAE000060067/GHA/downloads,https://aiss.absa.africa/api/client/downloads/file/a33b3cd9-8ea0-4850-86f0-08cc196b9a0a,linked from issuer page,application/pdf (inferred from source link),Issuer website,
NSE-01514,Liberty Kenya Holdings PLC,LBTY,Periodic results material,Financial results / statements,2022,Liberty Kenya — CMA fallback annual statements,https://annualreport.cma.or.ke/,https://annualreport.cma.or.ke/media/INSURANCE/Liberty%20Kenya%20Holdings/documents/2022.pdf,linked from issuer page,application/pdf (inferred from source link),Issuer website,
NSE-01515,Kenya Orchards Limited,ORCH,Annual / full-year,Annual report,2007,Kenya Orchards — CMA fallback annual reports,https://www.cmarcp.or.ke/,https://www.cmarcp.or.ke/joomlatools-files/docman-files/NSE%20Listed%20companies%20Annual%20Reports/MANUFACTURING%20AND%20ALLIED/Kenya%20Orchards%20Ltd/2007.pdf,linked from issuer page,application/pdf (inferred from source link),CMA/regulator fallback,
NSE-01516,Kenya Orchards Limited,ORCH,Annual / full-year,Annual report,2020,Kenya Orchards — CMA fallback annual reports,https://annualreport.cma.or.ke/,https://annualreport.cma.or.ke/media/MANUFACTURING%20AND%20ALLIED/Kenya%20Orchards/documents/2020.PDF,linked from issuer page,application/pdf (inferred from source link),CMA/regulator fallback,
NSE-01517,Homeboyz Entertainment PLC,HBE,Semi-annual / half-year,Financial results / statements,2025,Homeboyz Entertainment — Investor Center,https://homeboyz.co.ke/investor-relations,https://homeboyz.co.ke/investors/HBE%20FINANCIAL%20PRESS%20RELEASED%20-%2029.08.2025-2.pdf,linked from issuer page,application/pdf (inferred from source link),Issuer website,
NSE-01518,Homeboyz Entertainment PLC,HBE,Annual / full-year,Results announcement / commentary,2024,Homeboyz Entertainment — Investor Center,https://homeboyz.co.ke/investor-relations,https://homeboyz.co.ke/investors/HOMEBOYZ%20ENTERTAINMENT%20PLC%20ANNOUNCEMENT%20OF%20AUDITED%20RESULTS%20FOR%20THE%20YEAR%20ENDED%20DECEMBER%202024%20V2%20A.pdf,linked from issuer page,application/pdf (inferred from source link),Issuer website,
NSE-01519,Shri Krishana Overseas PLC,SKL.O0000,Periodic results material,Financial results / statements,2025,NSE listed-company announcements,https://www.nse.co.ke/listed-company-announcements/,https://www.nse.co.ke/wp-content/uploads/Shri-Krishana-Overseas-PLC-Financial-statements-For-the-year-ended-31st-December-2025.pdf,linked from issuer page,application/pdf (inferred from source link),NSE/exchange fallback,
NSE-01520,East African Cables PLC,CABL,Semi-annual / half-year,Results announcement / commentary,2025,NSE listed-company announcements,https://www.nse.co.ke/listed-company-announcements/,https://www.nse.co.ke/wp-content/uploads/East-African-Cable-Announcement-of-2025-Half-year-unaudited-Results.pdf,linked from issuer page,application/pdf (inferred from source link),NSE/exchange fallback,
NSE-01521,Kurwitu Ventures Ltd,KURV,Periodic results material,Financial results / statements,2020,NSE listed-company announcements,https://www.nse.co.ke/listed-company-announcements/,https://www.nse.co.ke/wp-content/uploads/kurwitu-ventures-ltd-financial-statements-for-the-year-ended-31-dec-2020.pdf,linked from issuer page,application/pdf (inferred from source link),NSE/exchange fallback,
NSE-01522,Africa Mega Agricorp PLC,AMAC,Annual / full-year,Annual report,2007,AMAC predecessor-name report archive,https://amacplc.com/,https://www.cmarcp.or.ke/joomlatools-files/docman-files/NSE%20Listed%20companies%20Annual%20Reports/MANUFACTURING%20AND%20ALLIED/Kenya%20Orchards%20Ltd/2007.pdf,linked from issuer page,application/pdf (inferred from source link),CMA/regulator fallback; predecessor-name report,
NSE-01523,Africa Mega Agricorp PLC,AMAC,Annual / full-year,Annual report,2020,AMAC predecessor-name report archive,https://amacplc.com/,https://annualreport.cma.or.ke/media/MANUFACTURING%20AND%20ALLIED/Kenya%20Orchards/documents/2020.PDF,linked from issuer page,application/pdf (inferred from source link),CMA/regulator fallback; predecessor-name report,
NSE-01524,Williamson Tea Kenya PLC,WTK,Annual / full-year,Annual report,2026,Williamson Tea — Investor Reports,https://www.williamsontea.com/investor-reports/,https://www.williamsontea.com/wp-content/uploads/2026/06/Signed-WTK-annual-report-Financial-statements-2026.pdf,linked from issuer page,application/pdf (inferred from source link),Issuer website,
NSE-01525,Kapchorua Tea Company PLC,KAPC,Annual / full-year,Annual report,2026,Williamson Tea — Investor Reports,https://www.williamsontea.com/investor-reports/,https://www.williamsontea.com/wp-content/uploads/2026/06/Signed-KAP-Annual-Report-Finacial-Statements-2026.pdf,linked from issuer page,application/pdf (inferred from source link),Issuer website,
NSE-01526,Kapchorua Tea Company PLC,KAPC,Semi-annual / half-year,Periodic results material,2025,Williamson Tea — Investor Reports,https://www.williamsontea.com/investor-reports/,https://www.williamsontea.com/wp-content/uploads/2025/11/Kap-Half-Year-Press-September-2025.pdf,linked from issuer page,application/pdf (inferred from source link),Issuer website,
NSE-01527,Williamson Tea Kenya PLC,WTK,Periodic results material,Results announcement / commentary,2025,Williamson Tea — Investor Reports,https://www.williamsontea.com/investor-reports/,https://www.williamsontea.com/wp-content/uploads/2025/11/WTK-PRESS-RELEASE-September-2025.pdf,linked from issuer page,application/pdf (inferred from source link),Issuer website,
NSE-01528,Williamson Tea Kenya PLC,WTK,Periodic results material,Periodic results material,2025,Williamson Tea — Investor Reports,https://www.williamsontea.com/investor-reports/,https://www.williamsontea.com/wp-content/uploads/2025/06/WTK-2025-signed-FS-.pdf,linked from issuer page,application/pdf (inferred from source link),Issuer website,
NSE-01529,Kapchorua Tea Company PLC,KAPC,Semi-annual / half-year,Periodic results material,2024,Williamson Tea — Investor Reports,https://www.williamsontea.com/investor-reports/,https://www.williamsontea.com/wp-content/uploads/2024/11/Kap-Half-Year-Press-September-2024.pdf,linked from issuer page,application/pdf (inferred from source link),Issuer website,
NSE-01530,Williamson Tea Kenya PLC,WTK,Periodic results material,Results announcement / commentary,2024,Williamson Tea — Investor Reports,https://www.williamsontea.com/investor-reports/,https://www.williamsontea.com/wp-content/uploads/2024/11/WTK-PRESS-RELEASE-September-2024.pdf,linked from issuer page,application/pdf (inferred from source link),Issuer website,
NSE-01531,Williamson Tea Kenya PLC,WTK,Periodic results material,Periodic results material,2024,Williamson Tea — Investor Reports,https://www.williamsontea.com/investor-reports/,https://www.williamsontea.com/wp-content/uploads/2024/07/WTK-2024-Signed-FS.pdf,linked from issuer page,application/pdf (inferred from source link),Issuer website,
NSE-01532,Kapchorua Tea Company PLC,KAPC,Periodic results material,Periodic results material,2024,Williamson Tea — Investor Reports,https://www.williamsontea.com/investor-reports/,https://www.williamsontea.com/wp-content/uploads/2024/07/Kapchorua-2024-Signed-FS.pdf,linked from issuer page,application/pdf (inferred from source link),Issuer website,
NSE-01533,Williamson Tea Kenya PLC,WTK,Periodic results material,Financial results / statements,2023,Williamson Tea — Investor Reports,https://www.williamsontea.com/investor-reports/,https://www.williamsontea.com/wp-content/uploads/2024/01/WILLIAMSON-TEA-KENYA-PLC-VOTING-RESULTS-2023.pdf,linked from issuer page,application/pdf (inferred from source link),Issuer website,
NSE-01534,Kapchorua Tea Company PLC,KAPC,Semi-annual / half-year,Periodic results material,2023,Williamson Tea — Investor Reports,https://www.williamsontea.com/investor-reports/,https://www.williamsontea.com/wp-content/uploads/2024/01/Kapchorua-Half-Year-Press-September-2023-16.11.2398.pdf,linked from issuer page,application/pdf (inferred from source link),Issuer website,
NSE-01535,Kapchorua Tea Company PLC,KAPC,Periodic results material,Financial results / statements,2023,Williamson Tea — Investor Reports,https://www.williamsontea.com/investor-reports/,https://www.williamsontea.com/wp-content/uploads/2024/01/KAPCHORUA-TEA-KENYA-PLC-VOTING-RESULTS-2023-1.pdf,linked from issuer page,application/pdf (inferred from source link),Issuer website,
NSE-01536,Kapchorua Tea Company PLC,KAPC,Periodic results material,Financial results / statements,2023,Williamson Tea — Investor Reports,https://www.williamsontea.com/investor-reports/,https://www.williamsontea.com/wp-content/uploads/2024/01/Kapchorua-signed-Financial-Statement-2023.pdf,linked from issuer page,application/pdf (inferred from source link),Issuer website,
NSE-01537,Williamson Tea Kenya PLC,WTK,Periodic results material,Financial results / statements,2023,Williamson Tea — Investor Reports,https://www.williamsontea.com/investor-reports/,https://www.williamsontea.com/wp-content/uploads/2024/01/Williamson-signed-Financial-Statement-2023.pdf,linked from issuer page,application/pdf (inferred from source link),Issuer website,
NSE-01538,Williamson Tea Kenya PLC,WTK,Periodic results material,Results announcement / commentary,2022,Williamson Tea — Investor Reports,https://www.williamsontea.com/investor-reports/,https://www.williamsontea.com/wp-content/uploads/2024/01/WTK-PRESS-RELEASE-September-202286.pdf,linked from issuer page,application/pdf (inferred from source link),Issuer website,
NSE-01539,Kapchorua Tea Company PLC,KAPC,Semi-annual / half-year,Periodic results material,2022,Williamson Tea — Investor Reports,https://www.williamsontea.com/investor-reports/,https://www.williamsontea.com/wp-content/uploads/2024/01/Kap-Half-Year-Press-September-2022.pdf,linked from issuer page,application/pdf (inferred from source link),Issuer website,
NSE-01540,Williamson Tea Kenya PLC,WTK,Annual / full-year,Annual report,2022,Williamson Tea — Investor Reports,https://www.williamsontea.com/investor-reports/,https://www.williamsontea.com/wp-content/uploads/2024/01/Wtk-Annual-Report-2022.pdf,linked from issuer page,application/pdf (inferred from source link),Issuer website,
NSE-01541,Kapchorua Tea Company PLC,KAPC,Annual / full-year,Annual report,2022,Williamson Tea — Investor Reports,https://www.williamsontea.com/investor-reports/,https://www.williamsontea.com/wp-content/uploads/2024/01/Kapchorua-Annual-Report-2022.pdf,linked from issuer page,application/pdf (inferred from source link),Issuer website,
NSE-01542,Williamson Tea Kenya PLC,WTK,Semi-annual / half-year,Financial results / statements,2021,Williamson Tea — Investor Reports,https://www.williamsontea.com/investor-reports/,https://www.williamsontea.com/wp-content/uploads/2024/01/WTK-Half-Year-Results-September-2021.pdf,linked from issuer page,application/pdf (inferred from source link),Issuer website,
NSE-01543,Kapchorua Tea Company PLC,KAPC,Semi-annual / half-year,Financial results / statements,2021,Williamson Tea — Investor Reports,https://www.williamsontea.com/investor-reports/,https://www.williamsontea.com/wp-content/uploads/2024/01/Kap-Half-Year-Results-September-202124.pdf,linked from issuer page,application/pdf (inferred from source link),Issuer website,
NSE-01544,Kapchorua Tea Company PLC,KAPC,Quarterly,Periodic results material,2021,Williamson Tea — Investor Reports,https://www.williamsontea.com/investor-reports/,https://www.williamsontea.com/wp-content/uploads/2024/01/Kapchorua-Audited-Accounts-for-year-ended-31st-March-2021.pdf,linked from issuer page,application/pdf (inferred from source link),Issuer website,
NSE-01545,Williamson Tea Kenya PLC,WTK,Quarterly,Periodic results material,2021,Williamson Tea — Investor Reports,https://www.williamsontea.com/investor-reports/,https://www.williamsontea.com/wp-content/uploads/2024/01/Williamson-Tea-Audited-Accounts-for-year-ended-31st-March-2021.pdf,linked from issuer page,application/pdf (inferred from source link),Issuer website,
NSE-01546,Williamson Tea Kenya PLC,WTK,Quarterly,Financial results / statements,2020,Williamson Tea — Investor Reports,https://www.williamsontea.com/investor-reports/,https://www.williamsontea.com/wp-content/uploads/2024/01/WILLIASMON-TEA-KENYA-PLC-UNAUDITED-RESULTS-FOR-6-MONTHS-ENDED-30TH-SEPTEMBER-2020.pdf,linked from issuer page,application/pdf (inferred from source link),Issuer website,
NSE-01547,Kapchorua Tea Company PLC,KAPC,Quarterly,Financial results / statements,2020,Williamson Tea — Investor Reports,https://www.williamsontea.com/investor-reports/,https://www.williamsontea.com/wp-content/uploads/2024/01/KAPCHORUA-TEA-KENYA-PLC-UNAUDITED-RESULTS-FOR-6-MONTHS-ENDING-30TH-SEPTEMBER-2020-.pdf,linked from issuer page,application/pdf (inferred from source link),Issuer website,
NSE-01548,Kapchorua Tea Company PLC,KAPC,Quarterly,Financial results / statements,2020,Williamson Tea — Investor Reports,https://www.williamsontea.com/investor-reports/,https://www.williamsontea.com/wp-content/uploads/2024/01/Kapchorua-Financial-Statements-for-the-year-ended-31st-March-2020.pdf,linked from issuer page,application/pdf (inferred from source link),Issuer website,
NSE-01549,Williamson Tea Kenya PLC,WTK,Quarterly,Financial results / statements,2020,Williamson Tea — Investor Reports,https://www.williamsontea.com/investor-reports/,https://www.williamsontea.com/wp-content/uploads/2024/01/Williamson-Tea-Kenya-Plc-Consolidated-Financial-Statements-for-the-year-ended-31st-March-2020.pdf,linked from issuer page,application/pdf (inferred from source link),Issuer website,
NSE-01550,Kapchorua Tea Company PLC,KAPC,Quarterly,Periodic results material,2019,Williamson Tea — Investor Reports,https://www.williamsontea.com/investor-reports/,https://www.williamsontea.com/wp-content/uploads/2024/01/Kapchorua-Tea-Kenya-Plc-accounts-for-the-year-ended-31st-March-2019.pdf,linked from issuer page,application/pdf (inferred from source link),Issuer website,
NSE-01551,Williamson Tea Kenya PLC,WTK,Quarterly,Periodic results material,2019,Williamson Tea — Investor Reports,https://www.williamsontea.com/investor-reports/,https://www.williamsontea.com/wp-content/uploads/2024/01/Williamson-Tea-Kenya-Plc-accounts-for-the-year-ended-31st-March-2019.pdf,linked from issuer page,application/pdf (inferred from source link),Issuer website,
NSE-01552,Family Bank Limited,FMLY,Periodic results material,Periodic results material,2024,Family Bank — Annual Reports,https://familybank.co.ke/?page_id=1773,https://familybank.co.ke/family-bank/wp-content/uploads/2025/06/Integrated-Report-and-Financial-Statements-2024_compressed_v2.pdf,linked from issuer page,application/pdf (inferred from source link),Issuer website,
NSE-01553,Family Bank Limited,FMLY,Annual / full-year,Annual report,2023,Family Bank — Annual Reports,https://familybank.co.ke/?page_id=1773,https://familybank.co.ke/family-bank/wp-content/uploads/2024/07/Integrated-Report-Financial-Statements-2023.pdf,linked from issuer page,application/pdf (inferred from source link),Issuer website,
NSE-01554,Family Bank Limited,FMLY,Annual / full-year,Annual report,2022,Family Bank — Annual Reports,https://familybank.co.ke/?page_id=1773,https://familybank.co.ke/family-bank/wp-content/uploads/2023/06/Integrated-Report-Financial-Statements-2022.pdf,linked from issuer page,application/pdf (inferred from source link),Issuer website,
NSE-01555,Family Bank Limited,FMLY,Annual / full-year,Annual report,2021,Family Bank — Annual Reports,https://familybank.co.ke/?page_id=1773,https://familybank.co.ke/family-bank/wp-content/uploads/2022/05/Integrated-Report-Financial-Statements-2021-1.pdf,linked from issuer page,application/pdf (inferred from source link),Issuer website,
NSE-01556,Family Bank Limited,FMLY,Annual / full-year,Annual report,2020,Family Bank — Annual Reports,https://familybank.co.ke/?page_id=1773,https://familybank.co.ke/family-bank/wp-content/uploads/2021/06/Integrated-Report-Financial-Statements-2020-1.pdf,linked from issuer page,application/pdf (inferred from source link),Issuer website,
NSE-01557,Family Bank Limited,FMLY,Annual / full-year,Annual report,2019,Family Bank — Annual Reports,https://familybank.co.ke/?page_id=1773,https://familybank.co.ke/family-bank/wp-content/uploads/2020/08/Integrated-Report-Financial-Statements-2019..pdf,linked from issuer page,application/pdf (inferred from source link),Issuer website,
NSE-01558,Family Bank Limited,FMLY,Annual / full-year,Annual report,2017,Family Bank — Annual Reports,https://familybank.co.ke/?page_id=1773,https://familybank.co.ke/family-bank/wp-content/uploads/2019/10/Integrated-Report-Financial-Statements-2017.pdf,linked from issuer page,application/pdf (inferred from source link),Issuer website,
NSE-01559,Family Bank Limited,FMLY,Annual / full-year,Annual report,2025,Family Bank — Annual Reports,https://familybank.co.ke/?page_id=1773,https://familybank.co.ke/family-bank/wp-content/uploads/2026/05/Family_Bank_AR_2026.pdf,linked from issuer page,application/pdf (inferred from source link),Issuer website,
NSE-01560,Family Bank Limited,FMLY,Annual / full-year,Annual report,2018,Family Bank — Annual Reports,https://familybank.co.ke/?page_id=1773,https://familybank.co.ke/family-bank/wp-content/uploads/2019/08/Integrated-Report-Financial-Statements-2018.pdf,linked from issuer page,application/pdf (inferred from source link),Issuer website,
NSE-01561,Family Bank Limited,FMLY,Annual / full-year,Annual report,2021,Family Bank — Annual Reports,https://familybank.co.ke/?page_id=1773,https://familybank.co.ke/family-bank/wp-content/uploads/2022/04/2021-Annual-Report-and-Financial-Statements.pdf,linked from issuer page,application/pdf (inferred from source link),Issuer website,
NSE-01562,Family Bank Limited,FMLY,Annual / full-year,Annual report,2016,Family Bank — Annual Reports,https://familybank.co.ke/?page_id=1773,https://familybank.co.ke/family-bank/wp-content/uploads/2019/10/Annual-Report-Financial-Statements-2016.pdf,linked from issuer page,application/pdf (inferred from source link),Issuer website,
NSE-01563,Family Bank Limited,FMLY,Annual / full-year,Annual report,2015,Family Bank — Annual Reports,https://familybank.co.ke/?page_id=1773,https://familybank.co.ke/family-bank/wp-content/uploads/2019/10/Annual-Report-Financial-Statements-2015.pdf,linked from issuer page,application/pdf (inferred from source link),Issuer website,
NSE-01564,Family Bank Limited,FMLY,Annual / full-year,Annual report,2014,Family Bank — Annual Reports,https://familybank.co.ke/?page_id=1773,https://familybank.co.ke/family-bank/wp-content/uploads/2019/10/Annual-Report-Financial-Statements-2014.pdf,linked from issuer page,application/pdf (inferred from source link),Issuer website,
NSE-01565,Family Bank Limited,FMLY,Annual / full-year,Annual report,2013,Family Bank — Annual Reports,https://familybank.co.ke/?page_id=1773,https://familybank.co.ke/family-bank/wp-content/uploads/2019/10/Annual-Report-Financial-Statements-2013.pdf,linked from issuer page,application/pdf (inferred from source link),Issuer website,
NSE-01566,Family Bank Limited,FMLY,Annual / full-year,Annual report,2012,Family Bank — Annual Reports,https://familybank.co.ke/?page_id=1773,https://familybank.co.ke/family-bank/wp-content/uploads/2019/10/Annual-Report-Financial-Statements-2012.pdf,linked from issuer page,application/pdf (inferred from source link),Issuer website,
NSE-01567,Family Bank Limited,FMLY,Annual / full-year,Annual report,2011,Family Bank — Annual Reports,https://familybank.co.ke/?page_id=1773,https://familybank.co.ke/family-bank/wp-content/uploads/2019/10/Annual-Report-Financial-Statements-2011.pdf,linked from issuer page,application/pdf (inferred from source link),Issuer website,
NSE-01568,Family Bank Limited,FMLY,Annual / full-year,Annual report,2010,Family Bank — Annual Reports,https://familybank.co.ke/?page_id=1773,https://familybank.co.ke/family-bank/wp-content/uploads/2019/10/Annual-Report-Financial-Statements-2010.pdf,linked from issuer page,application/pdf (inferred from source link),Issuer website,
NSE-01569,Family Bank Limited,FMLY,Annual / full-year,Annual report,2009,Family Bank — Annual Reports,https://familybank.co.ke/?page_id=1773,https://familybank.co.ke/family-bank/wp-content/uploads/2019/10/Annual-Report-Financial-Statements-2009.pdf,linked from issuer page,application/pdf (inferred from source link),Issuer website,
NSE-01570,Family Bank Limited,FMLY,Annual / full-year,Annual report,2019,Family Bank — Annual Reports,https://familybank.co.ke/?page_id=1773,https://familybank.co.ke/family-bank/wp-content/uploads/2020/04/Family-Bank-Audited-Financial-Statements-EOY2019.pdf,linked from issuer page,application/pdf (inferred from source link),Issuer website,
NSE-01571,Family Bank Limited,FMLY,Annual / full-year,Annual report,2022,Family Bank — Annual Reports,https://familybank.co.ke/?page_id=1773,https://familybank.co.ke/family-bank/wp-content/uploads/2023/04/2022-Annual-Report-and-Financial-Statements.pdf,linked from issuer page,application/pdf (inferred from source link),Issuer website,
NSE-01572,Family Bank Limited,FMLY,Semi-annual / half-year,Financial results / statements,2026,Family Bank — Financial Results,https://familybank.co.ke/?page_id=654,https://familybank.co.ke/family-bank/wp-content/uploads/2026/08/Unaudited_Financial_Results_for_the_period_ended_30_June_2026.pdf,linked from issuer page,application/pdf (inferred from source link),Issuer website,"June 29, 2026"
NSE-01573,Family Bank Limited,FMLY,Quarterly,Financial results / statements,2026,Family Bank — Financial Results,https://familybank.co.ke/?page_id=654,https://familybank.co.ke/family-bank/wp-content/uploads/2026/05/Unaudited_Financial_Results_for_the_period_31_March_2026.pdf,linked from issuer page,application/pdf (inferred from source link),Issuer website,"March 30, 2026"
NSE-01574,Family Bank Limited,FMLY,Annual / full-year,Financial results / statements,2025,Family Bank — Financial Results,https://familybank.co.ke/?page_id=654,https://familybank.co.ke/family-bank/wp-content/uploads/2026/03/FAMILY_BANK_LIMITED_Audited_Financial_Statement_and_Other_Disclosures_the_Period_31st_December_2025.pdf,linked from issuer page,application/pdf (inferred from source link),Issuer website,"December 30, 2025"
NSE-01575,Family Bank Limited,FMLY,Quarterly,Financial results / statements,2025,Family Bank — Financial Results,https://familybank.co.ke/?page_id=654,https://familybank.co.ke/family-bank/wp-content/uploads/2025/11/UN-AUDITED-_FINANCIAL_STATEMENTS_AND_OTHER_DISCLOSURES_FOR_THE_PERIOD_ENDED_30_SEPTEMBER_2025.pdf,linked from issuer page,application/pdf (inferred from source link),Issuer website,"September 29, 2025"
NSE-01576,Family Bank Limited,FMLY,Semi-annual / half-year,Financial results / statements,2025,Family Bank — Financial Results,https://familybank.co.ke/?page_id=654,https://familybank.co.ke/family-bank/wp-content/uploads/2025/08/UN-AUDITED-FINANCIAL-STATEMENTS-AND-OTHER-DISCLOSURES-FOR-THE-PERIOD-ENDED-30-JUNE-2025.pdf,linked from issuer page,application/pdf (inferred from source link),Issuer website,"August 18, 2025"
NSE-01577,Family Bank Limited,FMLY,Quarterly,Financial results / statements,2025,Family Bank — Financial Results,https://familybank.co.ke/?page_id=654,https://familybank.co.ke/family-bank/wp-content/uploads/2025/05/FAMILY-BANK-LIMITED-Q1-FINANCIALS-FINAL.pdf,linked from issuer page,application/pdf (inferred from source link),Issuer website,"May 30, 2025"
NSE-01578,Family Bank Limited,FMLY,Periodic results material,Financial results / statements,2024,Family Bank — Financial Results,https://familybank.co.ke/?page_id=654,https://familybank.co.ke/family-bank/wp-content/uploads/2025/03/audited_financial_results_31_december_2024.pdf,linked from issuer page,application/pdf (inferred from source link),Issuer website,"December 30, 2024"
NSE-01579,Family Bank Limited,FMLY,Quarterly,Financial results / statements,2024,Family Bank — Financial Results,https://familybank.co.ke/?page_id=654,https://familybank.co.ke/family-bank/wp-content/uploads/2025/02/UN-AUDITED-FINANCIAL-STATEMENTS-AND-OTHER-DISCLOSURES-FOR-THE-PERIOD-ENDED-30TH-SEPTEMBER-2024.pdf,linked from issuer page,application/pdf (inferred from source link),Issuer website,"September 30, 2024"
NSE-01580,Family Bank Limited,FMLY,Semi-annual / half-year,Financial results / statements,2024,Family Bank — Financial Results,https://familybank.co.ke/?page_id=654,https://familybank.co.ke/family-bank/wp-content/uploads/2024/08/Financial-Statements-for-the-Period-Ended-30th-June-2024.pdf,linked from issuer page,application/pdf (inferred from source link),Issuer website,"June 29, 2024"
NSE-01581,Family Bank Limited,FMLY,Quarterly,Financial results / statements,2024,Family Bank — Financial Results,https://familybank.co.ke/?page_id=654,https://familybank.co.ke/family-bank/wp-content/uploads/2024/05/UN-AUDITED-FINANCIAL-STATEMENTS-FOR-THE-PERIOD-ENDED-31ST-MARCH-2024.pdf,linked from issuer page,application/pdf (inferred from source link),Issuer website,"March 30, 2024"
NSE-01582,Family Bank Limited,FMLY,Periodic results material,Financial results / statements,2023,Family Bank — Financial Results,https://familybank.co.ke/?page_id=654,https://familybank.co.ke/family-bank/wp-content/uploads/2024/04/AUDITED_FINANCIAL_STATEMENTS_AND_OTHER-_DISCLOSURES_-FOR_THE_PERIOD_ENDED_31ST_DECEMBER_2023.pdf,linked from issuer page,application/pdf (inferred from source link),Issuer website,"December 30, 2023"
NSE-01583,Family Bank Limited,FMLY,Quarterly,Financial results / statements,2023,Family Bank — Financial Results,https://familybank.co.ke/?page_id=654,https://familybank.co.ke/family-bank/wp-content/uploads/2023/11/Financials_Sep_2023_Final.pdf,linked from issuer page,application/pdf (inferred from source link),Issuer website,"November 22, 2023"
NSE-01584,Family Bank Limited,FMLY,Semi-annual / half-year,Financial results / statements,2023,Family Bank — Financial Results,https://familybank.co.ke/?page_id=654,https://familybank.co.ke/family-bank/wp-content/uploads/2023/08/Q2-Financial-Statements.pdf,linked from issuer page,application/pdf (inferred from source link),Issuer website,"June 29, 2023"
NSE-01585,Family Bank Limited,FMLY,Quarterly,Financial results / statements,2023,Family Bank — Financial Results,https://familybank.co.ke/?page_id=654,https://familybank.co.ke/family-bank/wp-content/uploads/2023/05/Financial_Statements_for_the_Period_Ended_31st_March_2023.pdf,linked from issuer page,application/pdf (inferred from source link),Issuer website,"March 30, 2023"
NSE-01586,Family Bank Limited,FMLY,Periodic results material,Financial results / statements,2022,Family Bank — Financial Results,https://familybank.co.ke/?page_id=654,https://familybank.co.ke/family-bank/wp-content/uploads/2023/03/Financial_Statements_for_the_Period_Ended_31st_December_2022.pdf,linked from issuer page,application/pdf (inferred from source link),Issuer website,"December 30, 2022"
NSE-01587,Family Bank Limited,FMLY,Quarterly,Financial results / statements,2022,Family Bank — Financial Results,https://familybank.co.ke/?page_id=654,https://familybank.co.ke/family-bank/wp-content/uploads/2022/11/Financial-Statements-for-the-Period-Ended-30th-Septmeber-2022.pdf,linked from issuer page,application/pdf (inferred from source link),Issuer website,"September 29, 2022"
NSE-01588,Family Bank Limited,FMLY,Semi-annual / half-year,Financial results / statements,2022,Family Bank — Financial Results,https://familybank.co.ke/?page_id=654,https://familybank.co.ke/family-bank/wp-content/uploads/2022/08/Financial-Statements-for-the-Period-Ended-30th-June-2022.pdf,linked from issuer page,application/pdf (inferred from source link),Issuer website,"June 29, 2022"
NSE-01589,Family Bank Limited,FMLY,Quarterly,Financial results / statements,2022,Family Bank — Financial Results,https://familybank.co.ke/?page_id=654,https://familybank.co.ke/family-bank/wp-content/uploads/2022/05/Financial-Statement-for-the-Period-Ended-31st-March-2022.pdf,linked from issuer page,application/pdf (inferred from source link),Issuer website,"March 30, 2022"
NSE-01590,Family Bank Limited,FMLY,Periodic results material,Financial results / statements,2021,Family Bank — Financial Results,https://familybank.co.ke/?page_id=654,https://familybank.co.ke/family-bank/wp-content/uploads/2022/03/Financial-Statements-for-the-Period-Ended-31st-December-2021-1.pdf,linked from issuer page,application/pdf (inferred from source link),Issuer website,"March 30, 2022"
NSE-01591,Family Bank Limited,FMLY,Quarterly,Financial results / statements,2021,Family Bank — Financial Results,https://familybank.co.ke/?page_id=654,https://familybank.co.ke/family-bank/wp-content/uploads/2021/11/Financial-Statement-as-at-30th-September-2021.pdf,linked from issuer page,application/pdf (inferred from source link),Issuer website,"September 29, 2021"
NSE-01592,Family Bank Limited,FMLY,Semi-annual / half-year,Financial results / statements,2021,Family Bank — Financial Results,https://familybank.co.ke/?page_id=654,https://familybank.co.ke/family-bank/wp-content/uploads/2021/08/Financial-Statements-for-the-Period-ended-30th-June-2021.pdf,linked from issuer page,application/pdf (inferred from source link),Issuer website,"June 29, 2021"
NSE-01593,Family Bank Limited,FMLY,Quarterly,Financial results / statements,2021,Family Bank — Financial Results,https://familybank.co.ke/?page_id=654,https://familybank.co.ke/family-bank/wp-content/uploads/2021/05/Financial-Statements-for-the-period-ended-31st-March-2021.pdf,linked from issuer page,application/pdf (inferred from source link),Issuer website,"March 30, 2021"
NSE-01594,Family Bank Limited,FMLY,Periodic results material,Financial results / statements,2020,Family Bank — Financial Results,https://familybank.co.ke/?page_id=654,https://familybank.co.ke/family-bank/wp-content/uploads/2021/03/Family-Bank-Audited-Results-For-Year-End-2020.pdf,linked from issuer page,application/pdf (inferred from source link),Issuer website,"December 30, 2020"
NSE-01595,Family Bank Limited,FMLY,Quarterly,Financial results / statements,2020,Family Bank — Financial Results,https://familybank.co.ke/?page_id=654,https://familybank.co.ke/family-bank/wp-content/uploads/2020/11/Financial-Statements-as-at-30th-September-2020.pdf,linked from issuer page,application/pdf (inferred from source link),Issuer website,"September 29, 2020"
NSE-01596,Family Bank Limited,FMLY,Semi-annual / half-year,Financial results / statements,2020,Family Bank — Financial Results,https://familybank.co.ke/?page_id=654,https://familybank.co.ke/family-bank/wp-content/uploads/2020/08/Financial-Statements-as-at-30th-June-2020.pdf,linked from issuer page,application/pdf (inferred from source link),Issuer website,"June 29, 2020"
NSE-01597,Family Bank Limited,FMLY,Quarterly,Periodic results material,2020,Family Bank — Financial Results,https://familybank.co.ke/?page_id=654,https://familybank.co.ke/family-bank/wp-content/uploads/2020/05/Financial-Statements-as-at-31st-March-2020-1.pdf,linked from issuer page,application/pdf (inferred from source link),Issuer website,"March 30, 2020"
NSE-01598,Family Bank Limited,FMLY,Periodic results material,Financial results / statements,2019,Family Bank — Financial Results,https://familybank.co.ke/?page_id=654,https://familybank.co.ke/family-bank/wp-content/uploads/2020/03/FInancial-Statement-for-the-Period-Ended-31st-December-2019.pdf,linked from issuer page,application/pdf (inferred from source link),Issuer website,"December 30, 2019"
NSE-01599,Family Bank Limited,FMLY,Quarterly,Financial results / statements,2019,Family Bank — Financial Results,https://familybank.co.ke/?page_id=654,https://familybank.co.ke/family-bank/wp-content/uploads/2019/11/0000106103-01_FAMILY-BANK-LTD.pdf,linked from issuer page,application/pdf (inferred from source link),Issuer website,"September 29, 2019"
NSE-01600,Family Bank Limited,FMLY,Quarterly,Financial results / statements,2019,Family Bank — Financial Results,https://familybank.co.ke/?page_id=654,https://familybank.co.ke/family-bank/wp-content/uploads/2019/08/Family-Bank-Financial-Statementes-as-at-31st-March-2019.pdf,linked from issuer page,application/pdf (inferred from source link),Issuer website,"March 30, 2019"
NSE-01601,Family Bank Limited,FMLY,Periodic results material,Financial results / statements,2018,Family Bank — Financial Results,https://familybank.co.ke/?page_id=654,https://familybank.co.ke/family-bank/wp-content/uploads/2019/08/Family-Bank-Audited-Financial-Statements-for-the-period-ended-31st-December-2018.pdf,linked from issuer page,application/pdf (inferred from source link),Issuer website,"December 30, 2018"
NSE-01602,Family Bank Limited,FMLY,Quarterly,Financial results / statements,2018,Family Bank — Financial Results,https://familybank.co.ke/?page_id=654,https://familybank.co.ke/family-bank/wp-content/uploads/2019/08/Family-Bank-Financial-Statementes-as-at-30th-September-2018.pdf,linked from issuer page,application/pdf (inferred from source link),Issuer website,"September 29, 2018"
NSE-01603,Family Bank Limited,FMLY,Semi-annual / half-year,Financial results / statements,2018,Family Bank — Financial Results,https://familybank.co.ke/?page_id=654,https://familybank.co.ke/family-bank/wp-content/uploads/2019/08/Family-Bank-Financial-Statements-as-at-30th-June-2018.pdf,linked from issuer page,application/pdf (inferred from source link),Issuer website,"June 29, 2018"
NSE-01604,Family Bank Limited,FMLY,Quarterly,Financial results / statements,2018,Family Bank — Financial Results,https://familybank.co.ke/?page_id=654,https://familybank.co.ke/family-bank/wp-content/uploads/2019/08/Family-Bank-Financial-Statementes-as-at-31st-March-2018.pdf,linked from issuer page,application/pdf (inferred from source link),Issuer website,"March 30, 2018"
NSE-01605,Family Bank Limited,FMLY,Periodic results material,Financial results / statements,2017,Family Bank — Financial Results,https://familybank.co.ke/?page_id=654,https://familybank.co.ke/family-bank/wp-content/uploads/2019/08/Family-Bank-Audited-Financial-Statements-for-the-period-ended-31st-December-2017.pdf,linked from issuer page,application/pdf (inferred from source link),Issuer website,"December 30, 2017"
NSE-01606,Family Bank Limited,FMLY,Quarterly,Financial results / statements,2017,Family Bank — Financial Results,https://familybank.co.ke/?page_id=654,https://familybank.co.ke/family-bank/wp-content/uploads/2019/08/Family-Bank-Financial-Statements-as-at-30th-September-2017.pdf,linked from issuer page,application/pdf (inferred from source link),Issuer website,"September 29, 2017"
NSE-01607,Family Bank Limited,FMLY,Semi-annual / half-year,Financial results / statements,2017,Family Bank — Financial Results,https://familybank.co.ke/?page_id=654,https://familybank.co.ke/family-bank/wp-content/uploads/2019/08/Family-Bank-Financial-Statements-as-at-30th-June-2017.pdf,linked from issuer page,application/pdf (inferred from source link),Issuer website,"June 29, 2017"
NSE-01608,Family Bank Limited,FMLY,Quarterly,Financial results / statements,2017,Family Bank — Financial Results,https://familybank.co.ke/?page_id=654,https://familybank.co.ke/family-bank/wp-content/uploads/2019/08/Family-Bank-Financial-Statementes-as-at-31st-March-2017.pdf,linked from issuer page,application/pdf (inferred from source link),Issuer website,"March 30, 2017"
NSE-01609,Family Bank Limited,FMLY,Periodic results material,Financial results / statements,2016,Family Bank — Financial Results,https://familybank.co.ke/?page_id=654,https://familybank.co.ke/family-bank/wp-content/uploads/2019/08/Family-Bank-Audited-Financial-Statements-for-the-period-ended-31st-December-2016.pdf,linked from issuer page,application/pdf (inferred from source link),Issuer website,"December 30, 2016"
NSE-01610,Family Bank Limited,FMLY,Quarterly,Financial results / statements,2016,Family Bank — Financial Results,https://familybank.co.ke/?page_id=654,https://familybank.co.ke/family-bank/wp-content/uploads/2019/08/Family-Bank-Financial-Statements-as-at-30th-September-2016.pdf,linked from issuer page,application/pdf (inferred from source link),Issuer website,"September 29, 2016"
NSE-01611,Family Bank Limited,FMLY,Semi-annual / half-year,Financial results / statements,2016,Family Bank — Financial Results,https://familybank.co.ke/?page_id=654,https://familybank.co.ke/family-bank/wp-content/uploads/2019/08/Family-Bank-Financial-Statements-as-at-30th-June-2016.pdf,linked from issuer page,application/pdf (inferred from source link),Issuer website,"June 29, 2016"
NSE-01612,Family Bank Limited,FMLY,Quarterly,Financial results / statements,2016,Family Bank — Financial Results,https://familybank.co.ke/?page_id=654,https://familybank.co.ke/family-bank/wp-content/uploads/2019/08/Family-Bank-Financial-Statements-as-at-31st-March-2016.pdf,linked from issuer page,application/pdf (inferred from source link),Issuer website,"March 30, 2016"
NSE-01613,Family Bank Limited,FMLY,Periodic results material,Financial results / statements,2015,Family Bank — Financial Results,https://familybank.co.ke/?page_id=654,https://familybank.co.ke/family-bank/wp-content/uploads/2019/08/Family-Bank-Audited-Financial-Statements-for-the-period-ended-31st-December-2015.pdf,linked from issuer page,application/pdf (inferred from source link),Issuer website,"December 30, 2015"
NSE-01614,Family Bank Limited,FMLY,Periodic results material,Financial results / statements,2014,Family Bank — Financial Results,https://familybank.co.ke/?page_id=654,https://familybank.co.ke/family-bank/wp-content/uploads/2019/08/Family-Bank-Audited-Financial-Statements-for-the-period-ended-31st-December-2014.pdf,linked from issuer page,application/pdf (inferred from source link),Issuer website,"December 30, 2014"
NSE-01615,Family Bank Limited,FMLY,Periodic results material,Financial results / statements,2013,Family Bank — Financial Results,https://familybank.co.ke/?page_id=654,https://familybank.co.ke/family-bank/wp-content/uploads/2019/08/Family-Bank-Audited-Financial-Statements-for-the-period-ended-31st-December-2013.pdf,linked from issuer page,application/pdf (inferred from source link),Issuer website,"December 30, 2013"
NSE-01616,Family Bank Limited,FMLY,Periodic results material,Financial results / statements,2012,Family Bank — Financial Results,https://familybank.co.ke/?page_id=654,https://familybank.co.ke/family-bank/wp-content/uploads/2019/08/Family-Bank-Audited-Financial-Statements-for-the-period-ended-31st-December-2012.pdf,linked from issuer page,application/pdf (inferred from source link),Issuer website,"December 30, 2012"
NSE-01617,Family Bank Limited,FMLY,Periodic results material,Financial results / statements,2011,Family Bank — Financial Results,https://familybank.co.ke/?page_id=654,https://familybank.co.ke/family-bank/wp-content/uploads/2019/08/Family-Bank-Audited-Financial-Statements-for-the-period-ended-31st-December-2011.pdf,linked from issuer page,application/pdf (inferred from source link),Issuer website,"December 30, 2011"
NSE-01618,National Bank of Kenya PLC,NBK,Quarterly,Financial results / statements,2026,National Bank — Investor Relations,https://www.nationalbank.co.ke/investor-relations,https://www.nationalbank.co.ke/images/investorrelations/Q1_Financials_2026_compressed.pdf,linked from issuer page,application/pdf (inferred from source link),Historical issuer website,
NSE-01619,National Bank of Kenya PLC,NBK,Semi-annual / half-year,Financial results / statements,2026,National Bank — Investor Relations,https://www.nationalbank.co.ke/investor-relations,https://www.nationalbank.co.ke/images/investorrelations/H1_Financials_2026.pdf,linked from issuer page,application/pdf (inferred from source link),Historical issuer website,
NSE-01620,National Bank of Kenya PLC,NBK,Periodic results material,Financial results / statements,2026,National Bank — Investor Relations,https://www.nationalbank.co.ke/investor-relations,https://www.nationalbank.co.ke/images/investorrelations/NBK_Financials_2026_C5.pdf,linked from issuer page,application/pdf (inferred from source link),Historical issuer website,
NSE-01621,National Bank of Kenya PLC,NBK,Semi-annual / half-year,Financial results / statements,2025,National Bank — Investor Relations,https://www.nationalbank.co.ke/investor-relations,https://www.nationalbank.co.ke/images/investorrelations/H1_2025_FINANCIALS_C2_FP_compressed.pdf,linked from issuer page,application/pdf (inferred from source link),Historical issuer website,
NSE-01622,National Bank of Kenya PLC,NBK,Quarterly,Financial results / statements,2025,National Bank — Investor Relations,https://www.nationalbank.co.ke/investor-relations,https://www.nationalbank.co.ke/images/investorrelations/NBK_Q1_2025_Financials_compressed.pdf,linked from issuer page,application/pdf (inferred from source link),Historical issuer website,
NSE-01623,National Bank of Kenya PLC,NBK,Quarterly,Financial results / statements,2025,National Bank — Investor Relations,https://www.nationalbank.co.ke/investor-relations,https://www.nationalbank.co.ke/images/investorrelations/Q3_2025_FINANCIALS__FP_6.pdf,linked from issuer page,application/pdf (inferred from source link),Historical issuer website,
NSE-01624,National Bank of Kenya PLC,NBK,Periodic results material,Financial results / statements,2024,National Bank — Investor Relations,https://www.nationalbank.co.ke/investor-relations,https://www.nationalbank.co.ke/images/investorrelations/2024_Full_Year_Financials_Financials.pdf,linked from issuer page,application/pdf (inferred from source link),Historical issuer website,
NSE-01625,National Bank of Kenya PLC,NBK,Quarterly,Financial results / statements,2024,National Bank — Investor Relations,https://www.nationalbank.co.ke/investor-relations,https://www.nationalbank.co.ke/images/investorrelations/2024_Q3_Financials.pdf,linked from issuer page,application/pdf (inferred from source link),Historical issuer website,
NSE-01626,National Bank of Kenya PLC,NBK,Semi-annual / half-year,Financial results / statements,2024,National Bank — Investor Relations,https://www.nationalbank.co.ke/investor-relations,https://www.nationalbank.co.ke/images/investorrelations/2024_H1_Financials.pdf,linked from issuer page,application/pdf (inferred from source link),Historical issuer website,
NSE-01627,National Bank of Kenya PLC,NBK,Quarterly,Financial results / statements,2024,National Bank — Investor Relations,https://www.nationalbank.co.ke/investor-relations,https://www.nationalbank.co.ke/images/investorrelations/2024_Q1_Financials.pdf,linked from issuer page,application/pdf (inferred from source link),Historical issuer website,
NSE-01628,National Bank of Kenya PLC,NBK,Periodic results material,Financial results / statements,2023,National Bank — Investor Relations,https://www.nationalbank.co.ke/investor-relations,https://www.nationalbank.co.ke/images/investorrelations/2023_Full_Year_Financials.pdf,linked from issuer page,application/pdf (inferred from source link),Historical issuer website,
NSE-01629,National Bank of Kenya PLC,NBK,Quarterly,Financial results / statements,2023,National Bank — Investor Relations,https://www.nationalbank.co.ke/investor-relations,https://www.nationalbank.co.ke/images/investorrelations/2023_Q3_Financials.pdf,linked from issuer page,application/pdf (inferred from source link),Historical issuer website,
NSE-01630,National Bank of Kenya PLC,NBK,Quarterly,Financial results / statements,2023,National Bank — Investor Relations,https://www.nationalbank.co.ke/investor-relations,https://www.nationalbank.co.ke/images/investorrelations/2023_Q1_Financials.pdf,linked from issuer page,application/pdf (inferred from source link),Historical issuer website,
NSE-01631,National Bank of Kenya PLC,NBK,Semi-annual / half-year,Financial results / statements,2023,National Bank — Investor Relations,https://www.nationalbank.co.ke/investor-relations,https://www.nationalbank.co.ke/images/investorrelations/2023_H1_Financials.pdf,linked from issuer page,application/pdf (inferred from source link),Historical issuer website,
NSE-01632,National Bank of Kenya PLC,NBK,Periodic results material,Periodic results material,2022,National Bank — Investor Relations,https://www.nationalbank.co.ke/investor-relations,https://www.nationalbank.co.ke/images/investorrelations/NBK_2022_Full_Year.pdf,linked from issuer page,application/pdf (inferred from source link),Historical issuer website,
NSE-01633,National Bank of Kenya PLC,NBK,Quarterly,Financial results / statements,2022,National Bank — Investor Relations,https://www.nationalbank.co.ke/investor-relations,https://www.nationalbank.co.ke/images/investorrelations/2022_NBK_Q3_Financials.pdf,linked from issuer page,application/pdf (inferred from source link),Historical issuer website,
NSE-01634,National Bank of Kenya PLC,NBK,Semi-annual / half-year,Periodic results material,2022,National Bank — Investor Relations,https://www.nationalbank.co.ke/investor-relations,https://www.nationalbank.co.ke/images/investorrelations/NBK_H1_2022_Unaudited_Financial_Statements__Other_Disclosures.pdf,linked from issuer page,application/pdf (inferred from source link),Historical issuer website,
NSE-01635,National Bank of Kenya PLC,NBK,Quarterly,Financial results / statements,2022,National Bank — Investor Relations,https://www.nationalbank.co.ke/investor-relations,https://www.nationalbank.co.ke/images/investorrelations/NBK_Q1_2022_Financials.pdf,linked from issuer page,application/pdf (inferred from source link),Historical issuer website,
NSE-01636,National Bank of Kenya PLC,NBK,Semi-annual / half-year,Periodic results material,2021,National Bank — Investor Relations,https://www.nationalbank.co.ke/investor-relations,https://www.nationalbank.co.ke/images/investorrelations/H1_2021__UnAudited_Financial_Statements_as_at_June_2021_copy.pdf,linked from issuer page,application/pdf (inferred from source link),Historical issuer website,
NSE-01637,National Bank of Kenya PLC,NBK,Quarterly,Periodic results material,2021,National Bank — Investor Relations,https://www.nationalbank.co.ke/investor-relations,https://www.nationalbank.co.ke/images/investorrelations/Q1_2021__Un_Audited_Financial_Statements_as_at_March_2021_copy.pdf,linked from issuer page,application/pdf (inferred from source link),Historical issuer website,
NSE-01638,National Bank of Kenya PLC,NBK,Quarterly,Periodic results material,2021,National Bank — Investor Relations,https://www.nationalbank.co.ke/investor-relations,https://www.nationalbank.co.ke/images/investorrelations/NBK_Q3_2021_Financial_Statements.pdf,linked from issuer page,application/pdf (inferred from source link),Historical issuer website,
NSE-01639,National Bank of Kenya PLC,NBK,Periodic results material,Periodic results material,2021,National Bank — Investor Relations,https://www.nationalbank.co.ke/investor-relations,https://www.nationalbank.co.ke/images/investorrelations/NBK_Full_Year_2021_Audited_Financial_Statements.pdf,linked from issuer page,application/pdf (inferred from source link),Historical issuer website,
NSE-01640,National Bank of Kenya PLC,NBK,Periodic results material,Periodic results material,2019,National Bank — Investor Relations,https://www.nationalbank.co.ke/investor-relations,https://www.nationalbank.co.ke/images/investorrelations/National-Bank-Audited-Financial-Statements-for-the-period-ended-31st-December-2019.pdf,linked from issuer page,application/pdf (inferred from source link),Historical issuer website,
NSE-01641,National Bank of Kenya PLC,NBK,Periodic results material,Periodic results material,,National Bank — Investor Relations,https://www.nationalbank.co.ke/investor-relations,https://www.nationalbank.co.ke/images/investorrelations/National-Banks-Financial-Statement-as-30th-Septemberr_compressed.pdf,linked from issuer page,application/pdf (inferred from source link),Historical issuer website,
NSE-01642,National Bank of Kenya PLC,NBK,Periodic results material,Periodic results material,2019,National Bank — Investor Relations,https://www.nationalbank.co.ke/investor-relations,https://www.nationalbank.co.ke/images/investorrelations/Un-audited-Financial-Statements-as-at-30-June-2019-.pdf,linked from issuer page,application/pdf (inferred from source link),Historical issuer website,
NSE-01643,National Bank of Kenya PLC,NBK,Periodic results material,Financial results / statements,2019,National Bank — Investor Relations,https://www.nationalbank.co.ke/investor-relations,https://www.nationalbank.co.ke/images/investorrelations/Un-Audited-Financials-31-March-2019.pdf,linked from issuer page,application/pdf (inferred from source link),Historical issuer website,
NSE-01644,National Bank of Kenya PLC,NBK,Periodic results material,Financial results / statements,2018,National Bank — Investor Relations,https://www.nationalbank.co.ke/investor-relations,https://www.nationalbank.co.ke/images/investorrelations/National-Bank-Audited-Financials-31st-December-2018-finale.pdf,linked from issuer page,application/pdf (inferred from source link),Historical issuer website,
NSE-01645,National Bank of Kenya PLC,NBK,Periodic results material,Financial results / statements,,National Bank — Investor Relations,https://www.nationalbank.co.ke/investor-relations,https://www.nationalbank.co.ke/images/investorrelations/National-Bank-Financials.pdf,linked from issuer page,application/pdf (inferred from source link),Historical issuer website,
NSE-01646,National Bank of Kenya PLC,NBK,Periodic results material,Financial results / statements,2018,National Bank — Investor Relations,https://www.nationalbank.co.ke/investor-relations,https://www.nationalbank.co.ke/images/investorrelations/National-Bank-Un-Audited-Financials-30-June-2018.pdf,linked from issuer page,application/pdf (inferred from source link),Historical issuer website,
NSE-01647,National Bank of Kenya PLC,NBK,Periodic results material,Financial results / statements,2018,National Bank — Investor Relations,https://www.nationalbank.co.ke/investor-relations,https://www.nationalbank.co.ke/images/investorrelations/Un-Audited-Financials-31-March-2018.pdf,linked from issuer page,application/pdf (inferred from source link),Historical issuer website,
NSE-01648,National Bank of Kenya PLC,NBK,Periodic results material,Financial results / statements,2009,National Bank — Investor Relations,https://www.nationalbank.co.ke/investor-relations,https://www.nationalbank.co.ke/images/investorrelations/2009-Summary-Financial-Results.pdf,linked from issuer page,application/pdf (inferred from source link),Historical issuer website,
NSE-01649,National Bank of Kenya PLC,NBK,Periodic results material,Financial results / statements,2012,National Bank — Investor Relations,https://www.nationalbank.co.ke/investor-relations,https://www.nationalbank.co.ke/images/investorrelations/summary_financial_results_2012.pdf,linked from issuer page,application/pdf (inferred from source link),Historical issuer website,
NSE-01650,National Bank of Kenya PLC,NBK,Periodic results material,Financial results / statements,2011,National Bank — Investor Relations,https://www.nationalbank.co.ke/investor-relations,https://www.nationalbank.co.ke/images/investorrelations/2011-Summary-Financial-Results.pdf,linked from issuer page,application/pdf (inferred from source link),Historical issuer website,
NSE-01651,National Bank of Kenya PLC,NBK,Periodic results material,Financial results / statements,2010,National Bank — Investor Relations,https://www.nationalbank.co.ke/investor-relations,https://www.nationalbank.co.ke/images/investorrelations/2010-Summary-Financial-Results.pdf,linked from issuer page,application/pdf (inferred from source link),Historical issuer website,
NSE-01652,National Bank of Kenya PLC,NBK,Periodic results material,Financial results / statements,2015,National Bank — Investor Relations,https://www.nationalbank.co.ke/investor-relations,https://www.nationalbank.co.ke/images/investorrelations/National-Bank-Summary-Audited-Group-Financials-2015.pdf,linked from issuer page,application/pdf (inferred from source link),Historical issuer website,
NSE-01653,National Bank of Kenya PLC,NBK,Periodic results material,Results booklet / abridged report,2014,National Bank — Investor Relations,https://www.nationalbank.co.ke/investor-relations,https://www.nationalbank.co.ke/images/investorrelations/Abridged-Financials-2014.pdf,linked from issuer page,application/pdf (inferred from source link),Historical issuer website,
NSE-01654,National Bank of Kenya PLC,NBK,Periodic results material,Results booklet / abridged report,2013,National Bank — Investor Relations,https://www.nationalbank.co.ke/investor-relations,https://www.nationalbank.co.ke/images/investorrelations/NB-Abridged-Financials-Nation_2013.pdf,linked from issuer page,application/pdf (inferred from source link),Historical issuer website,
NSE-01655,National Bank of Kenya PLC,NBK,Periodic results material,Results booklet / abridged report,2018,National Bank — Investor Relations,https://www.nationalbank.co.ke/investor-relations,https://www.nationalbank.co.ke/images/investorrelations/National-Bank-Abridged-Financials-2018.pdf,linked from issuer page,application/pdf (inferred from source link),Historical issuer website,
NSE-01656,National Bank of Kenya PLC,NBK,Periodic results material,Results booklet / abridged report,2017,National Bank — Investor Relations,https://www.nationalbank.co.ke/investor-relations,https://www.nationalbank.co.ke/images/investorrelations/National-Bank-Abridged-Financials_2017.pdf,linked from issuer page,application/pdf (inferred from source link),Historical issuer website,
NSE-01657,National Bank of Kenya PLC,NBK,Periodic results material,Results booklet / abridged report,2016,National Bank — Investor Relations,https://www.nationalbank.co.ke/investor-relations,https://www.nationalbank.co.ke/images/investorrelations/Abridged-Financials-2016.pdf,linked from issuer page,application/pdf (inferred from source link),Historical issuer website,
NSE-01658,National Bank of Kenya PLC,NBK,Periodic results material,Periodic results material,2018,National Bank — Investor Relations,https://www.nationalbank.co.ke/investor-relations,https://www.nationalbank.co.ke/images/investorrelations/National-Bank-2018-Integrated-Report_compressed.pdf,linked from issuer page,application/pdf (inferred from source link),Historical issuer website,
NSE-01659,National Bank of Kenya PLC,NBK,Periodic results material,Periodic results material,2017,National Bank — Investor Relations,https://www.nationalbank.co.ke/investor-relations,https://www.nationalbank.co.ke/images/investorrelations/NBK-IR-20171_compressed.pdf,linked from issuer page,application/pdf (inferred from source link),Historical issuer website,
NSE-01660,National Bank of Kenya PLC,NBK,Periodic results material,Financial results / statements,2013,National Bank — Investor Relations,https://www.nationalbank.co.ke/investor-relations,https://www.nationalbank.co.ke/images/investorrelations/nbk-Financials-31-december-2013.pdf,linked from issuer page,application/pdf (inferred from source link),Historical issuer website,
NSE-01661,National Bank of Kenya PLC,NBK,Periodic results material,Financial results / statements,2013,National Bank — Investor Relations,https://www.nationalbank.co.ke/investor-relations,https://www.nationalbank.co.ke/images/investorrelations/NATIONAL_BANK_OF_KENYA_Financial_results_30_june_2013_hc-5.pdf,linked from issuer page,application/pdf (inferred from source link),Historical issuer website,
NSE-01662,National Bank of Kenya PLC,NBK,Periodic results material,Periodic results material,2015,National Bank — Investor Relations,https://www.nationalbank.co.ke/investor-relations,https://www.nationalbank.co.ke/images/investorrelations/Annual-Report-2015.pdf,linked from issuer page,application/pdf (inferred from source link),Historical issuer website,
NSE-01663,National Bank of Kenya PLC,NBK,Periodic results material,Periodic results material,2014,National Bank — Investor Relations,https://www.nationalbank.co.ke/investor-relations,https://www.nationalbank.co.ke/images/investorrelations/National-Bank-2014-Annual-Report.pdf,linked from issuer page,application/pdf (inferred from source link),Historical issuer website,
NSE-01664,National Bank of Kenya PLC,NBK,Periodic results material,Periodic results material,2011,National Bank — Investor Relations,https://www.nationalbank.co.ke/investor-relations,https://www.nationalbank.co.ke/images/investorrelations/2011-Annual-Reports-and-Financial-Statement.pdf,linked from issuer page,application/pdf (inferred from source link),Historical issuer website,
NSE-01665,National Bank of Kenya PLC,NBK,Periodic results material,Periodic results material,2009,National Bank — Investor Relations,https://www.nationalbank.co.ke/investor-relations,https://www.nationalbank.co.ke/images/investorrelations/2009-Annual-Report-and-Financial-Statement.pdf,linked from issuer page,application/pdf (inferred from source link),Historical issuer website,
NSE-01666,National Bank of Kenya PLC,NBK,Periodic results material,Periodic results material,2012,National Bank — Investor Relations,https://www.nationalbank.co.ke/investor-relations,https://www.nationalbank.co.ke/images/investorrelations/2012_annual_report_financial_Statement.pdf,linked from issuer page,application/pdf (inferred from source link),Historical issuer website,
NSE-01667,National Bank of Kenya PLC,NBK,Periodic results material,Financial results / statements,2015,National Bank — Investor Relations,https://www.nationalbank.co.ke/investor-relations,https://www.nationalbank.co.ke/images/investorrelations/Audited-Financials-31-Dec-2015.pdf,linked from issuer page,application/pdf (inferred from source link),Historical issuer website,
NSE-01668,National Bank of Kenya PLC,NBK,Periodic results material,Financial results / statements,2014,National Bank — Investor Relations,https://www.nationalbank.co.ke/investor-relations,https://www.nationalbank.co.ke/images/investorrelations/2014-Audited-Financials.pdf,linked from issuer page,application/pdf (inferred from source link),Historical issuer website,
NSE-01669,National Bank of Kenya PLC,NBK,Periodic results material,Financial results / statements,2017,National Bank — Investor Relations,https://www.nationalbank.co.ke/investor-relations,https://www.nationalbank.co.ke/images/investorrelations/Audited-Financials-31-Dec-2017.pdf,linked from issuer page,application/pdf (inferred from source link),Historical issuer website,
NSE-01670,National Bank of Kenya PLC,NBK,Periodic results material,Financial results / statements,2016,National Bank — Investor Relations,https://www.nationalbank.co.ke/investor-relations,https://www.nationalbank.co.ke/images/investorrelations/National-Bank-Audited-Financials-as-at-31-December_2016.pdf,linked from issuer page,application/pdf (inferred from source link),Historical issuer website,
NSE-01671,National Bank of Kenya PLC,NBK,Periodic results material,Financial results / statements,2017,National Bank — Investor Relations,https://www.nationalbank.co.ke/investor-relations,https://www.nationalbank.co.ke/images/investorrelations/Un-Audited-Financialsfor-the-Period-30-Sep-2017.pdf,linked from issuer page,application/pdf (inferred from source link),Historical issuer website,
NSE-01672,National Bank of Kenya PLC,NBK,Periodic results material,Financial results / statements,2017,National Bank — Investor Relations,https://www.nationalbank.co.ke/investor-relations,https://www.nationalbank.co.ke/images/investorrelations/National-Bank-Un-Audited-Financials-as-at-30-June-2017.pdf,linked from issuer page,application/pdf (inferred from source link),Historical issuer website,
NSE-01673,National Bank of Kenya PLC,NBK,Periodic results material,Financial results / statements,2017,National Bank — Investor Relations,https://www.nationalbank.co.ke/investor-relations,https://www.nationalbank.co.ke/images/investorrelations/Un-Audited-Financials-as-at-31March-2017.pdf,linked from issuer page,application/pdf (inferred from source link),Historical issuer website,
NSE-01674,National Bank of Kenya PLC,NBK,Periodic results material,Financial results / statements,2016,National Bank — Investor Relations,https://www.nationalbank.co.ke/investor-relations,https://www.nationalbank.co.ke/images/investorrelations/Financials-as-at-30-September-2016.pdf,linked from issuer page,application/pdf (inferred from source link),Historical issuer website,
NSE-01675,National Bank of Kenya PLC,NBK,Periodic results material,Financial results / statements,2016,National Bank — Investor Relations,https://www.nationalbank.co.ke/investor-relations,https://www.nationalbank.co.ke/images/investorrelations/Financials-as-at-30-Jun-2016-.pdf,linked from issuer page,application/pdf (inferred from source link),Historical issuer website,
NSE-01676,National Bank of Kenya PLC,NBK,Periodic results material,Financial results / statements,2016,National Bank — Investor Relations,https://www.nationalbank.co.ke/investor-relations,https://www.nationalbank.co.ke/images/investorrelations/Financials-as-at-31-March-2016-2.pdf,linked from issuer page,application/pdf (inferred from source link),Historical issuer website,
NSE-01677,National Bank of Kenya PLC,NBK,Periodic results material,Financial results / statements,2014,National Bank — Investor Relations,https://www.nationalbank.co.ke/investor-relations,https://www.nationalbank.co.ke/images/investorrelations/Financials_Sep_2014.pdf,linked from issuer page,application/pdf (inferred from source link),Historical issuer website,
NSE-01678,National Bank of Kenya PLC,NBK,Periodic results material,Periodic results material,2014,National Bank — Investor Relations,https://www.nationalbank.co.ke/investor-relations,https://www.nationalbank.co.ke/images/investorrelations/FINANCIAL_June_2014.pdf,linked from issuer page,application/pdf (inferred from source link),Historical issuer website,
NSE-01679,National Bank of Kenya PLC,NBK,Periodic results material,Financial results / statements,2015,National Bank — Investor Relations,https://www.nationalbank.co.ke/investor-relations,https://www.nationalbank.co.ke/images/investorrelations/Financialsfor-the-Period-30-Sep-2015.pdf,linked from issuer page,application/pdf (inferred from source link),Historical issuer website,
NSE-01680,National Bank of Kenya PLC,NBK,Periodic results material,Financial results / statements,2015,National Bank — Investor Relations,https://www.nationalbank.co.ke/investor-relations,https://www.nationalbank.co.ke/images/investorrelations/Financials-30-June-2015.pdf,linked from issuer page,application/pdf (inferred from source link),Historical issuer website,
NSE-01681,National Bank of Kenya PLC,NBK,Periodic results material,Financial results / statements,2015,National Bank — Investor Relations,https://www.nationalbank.co.ke/investor-relations,https://www.nationalbank.co.ke/images/investorrelations/Financials-31-March-2015.pdf,linked from issuer page,application/pdf (inferred from source link),Historical issuer website,
NSE-01682,HF Group PLC,HFCK,Quarterly,Financial results / statements,2026,HFCB — Investor Relations,https://hfcb.co.ke/investor-relations,https://hfcb.co.ke/api/investor-relations/file?path=financials/2026/HFCB%20Group%202026%20Q1%20Results.pdf,linked from issuer page,application/pdf (inferred from source link),Historical/current successor issuer website,
NSE-01683,HF Group PLC,HFCK,Annual / full-year,Financial results / statements,2025,HFCB — Investor Relations,https://hfcb.co.ke/investor-relations,https://hfcb.co.ke/api/investor-relations/file?path=financials/2025/HF%20Group%20FY2025%20Audited%20Financial%20Results.pdf,linked from issuer page,application/pdf (inferred from source link),Historical/current successor issuer website,
NSE-01684,HF Group PLC,HFCK,Quarterly,Financial results / statements,2025,HFCB — Investor Relations,https://hfcb.co.ke/investor-relations,https://hfcb.co.ke/api/investor-relations/file?path=financials/2025/HF%20GROUP%20Q3%202025%20FINANCIALS.pdf,linked from issuer page,application/pdf (inferred from source link),Historical/current successor issuer website,
NSE-01685,HF Group PLC,HFCK,Semi-annual / half-year,Financial results / statements,2025,HFCB — Investor Relations,https://hfcb.co.ke/investor-relations,https://hfcb.co.ke/api/investor-relations/file?path=financials/2025/HF%20Group%20HY%202025%20Financial%20Results.pdf,linked from issuer page,application/pdf (inferred from source link),Historical/current successor issuer website,
NSE-01686,HF Group PLC,HFCK,Quarterly,Financial results / statements,2025,HFCB — Investor Relations,https://hfcb.co.ke/investor-relations,https://hfcb.co.ke/api/investor-relations/file?path=financials/2025/HF%20Group%20Q1%202025%20Financial%20Results.pdf,linked from issuer page,application/pdf (inferred from source link),Historical/current successor issuer website,
NSE-01687,HF Group PLC,HFCK,Periodic results material,Financial results / statements,2024,HFCB — Investor Relations,https://hfcb.co.ke/investor-relations,https://hfcb.co.ke/api/investor-relations/file?path=financials/2024/HF%20Group%20Plc%202024%20Financials.pdf,linked from issuer page,application/pdf (inferred from source link),Historical/current successor issuer website,
NSE-01688,HF Group PLC,HFCK,Annual / full-year,Financial results / statements,2024,HFCB — Investor Relations,https://hfcb.co.ke/investor-relations,https://hfcb.co.ke/api/investor-relations/file?path=financials/2024/HF%20GROUP%20FY%202024%20AUDITED%20FINANCIAL%20STATEMENTS.pdf,linked from issuer page,application/pdf (inferred from source link),Historical/current successor issuer website,
NSE-01689,HF Group PLC,HFCK,Quarterly,Periodic results material,2024,HFCB — Investor Relations,https://hfcb.co.ke/investor-relations,https://hfcb.co.ke/api/investor-relations/file?path=financials/2024/HF-Group-Q3-2024-Performance.pdf,linked from issuer page,application/pdf (inferred from source link),Historical/current successor issuer website,
NSE-01690,HF Group PLC,HFCK,Semi-annual / half-year,Financial results / statements,2024,HFCB — Investor Relations,https://hfcb.co.ke/investor-relations,https://hfcb.co.ke/api/investor-relations/file?path=financials/2024/HF%20Group%20H1%202024%20Financial%20Results.pdf,linked from issuer page,application/pdf (inferred from source link),Historical/current successor issuer website,
NSE-01691,HF Group PLC,HFCK,Quarterly,Financial results / statements,2024,HFCB — Investor Relations,https://hfcb.co.ke/investor-relations,https://hfcb.co.ke/api/investor-relations/file?path=financials/2024/HF%20Group%20Q1%202024%20Financials.pdf,linked from issuer page,application/pdf (inferred from source link),Historical/current successor issuer website,
NSE-01692,HF Group PLC,HFCK,Annual / full-year,Financial results / statements,2023,HFCB — Investor Relations,https://hfcb.co.ke/investor-relations,https://hfcb.co.ke/api/investor-relations/file?path=financials/2023/HF%20Group%20FY%202023%20Financials.pdf,linked from issuer page,application/pdf (inferred from source link),Historical/current successor issuer website,
NSE-01693,HF Group PLC,HFCK,Quarterly,Financial results / statements,2023,HFCB — Investor Relations,https://hfcb.co.ke/investor-relations,https://hfcb.co.ke/api/investor-relations/file?path=financials/2023/HF%20Group%20Q3%20Financial%20Results.pdf,linked from issuer page,application/pdf (inferred from source link),Historical/current successor issuer website,
NSE-01694,HF Group PLC,HFCK,Semi-annual / half-year,Financial results / statements,2023,HFCB — Investor Relations,https://hfcb.co.ke/investor-relations,https://hfcb.co.ke/api/investor-relations/file?path=financials/2023/HF-Group-H1-Financials%20Q1.pdf,linked from issuer page,application/pdf (inferred from source link),Historical/current successor issuer website,
NSE-01695,HF Group PLC,HFCK,Quarterly,Financial results / statements,2023,HFCB — Investor Relations,https://hfcb.co.ke/investor-relations,https://hfcb.co.ke/api/investor-relations/file?path=financials/2023/HF%20GROUP%20Q1%20PUBLICATION%20FINANCIALS.pdf,linked from issuer page,application/pdf (inferred from source link),Historical/current successor issuer website,
NSE-01696,HF Group PLC,HFCK,Periodic results material,Financial results / statements,2022,HFCB — Investor Relations,https://hfcb.co.ke/investor-relations,https://hfcb.co.ke/api/investor-relations/file?path=financials/2022/HF%20Group%20FY2022%20Financials.pdf,linked from issuer page,application/pdf (inferred from source link),Historical/current successor issuer website,
NSE-01697,HF Group PLC,HFCK,Periodic results material,Results booklet / abridged report,2022,HFCB — Investor Relations,https://hfcb.co.ke/investor-relations,https://hfcb.co.ke/api/investor-relations/file?path=financials/2022/HF%20Group%20Abridged%20Financial%20Statements%2031%20Dec%202022.pdf,linked from issuer page,application/pdf (inferred from source link),Historical/current successor issuer website,
NSE-01698,HF Group PLC,HFCK,Semi-annual / half-year,Financial results / statements,2022,HFCB — Investor Relations,https://hfcb.co.ke/investor-relations,https://hfcb.co.ke/api/investor-relations/file?path=financials/2022/H1-2022-HF-GROUP-FINANCIALS.pdf,linked from issuer page,application/pdf (inferred from source link),Historical/current successor issuer website,
NSE-01699,HF Group PLC,HFCK,Quarterly,Financial results / statements,2022,HFCB — Investor Relations,https://hfcb.co.ke/investor-relations,https://hfcb.co.ke/api/investor-relations/file?path=financials/2022/HF-Group-Q3-2022-Financials.pdf,linked from issuer page,application/pdf (inferred from source link),Historical/current successor issuer website,
NSE-01700,HF Group PLC,HFCK,Quarterly,Financial results / statements,2022,HFCB — Investor Relations,https://hfcb.co.ke/investor-relations,https://hfcb.co.ke/api/investor-relations/file?path=financials/2022/QUARTER1-2022-FINANCIALS.pdf,linked from issuer page,application/pdf (inferred from source link),Historical/current successor issuer website,
NSE-01701,HF Group PLC,HFCK,Periodic results material,Financial results / statements,2021,HFCB — Investor Relations,https://hfcb.co.ke/investor-relations,https://hfcb.co.ke/api/investor-relations/file?path=financials/2021/FY2021-End-Year-Results%20Q4.pdf,linked from issuer page,application/pdf (inferred from source link),Historical/current successor issuer website,
NSE-01702,HF Group PLC,HFCK,Periodic results material,Results booklet / abridged report,2021,HFCB — Investor Relations,https://hfcb.co.ke/investor-relations,https://hfcb.co.ke/api/investor-relations/file?path=financials/2021/HF-Group-Abridged-Financials-2021.pdf,linked from issuer page,application/pdf (inferred from source link),Historical/current successor issuer website,
NSE-01703,HF Group PLC,HFCK,Annual / full-year,Financial results / statements,2021,HFCB — Investor Relations,https://hfcb.co.ke/investor-relations,https://hfcb.co.ke/api/investor-relations/file?path=financials/2021/HF-Group-Audited-Financials-Dec-2021-compressed.pdf,linked from issuer page,application/pdf (inferred from source link),Historical/current successor issuer website,
NSE-01704,HF Group PLC,HFCK,Quarterly,Financial results / statements,2021,HFCB — Investor Relations,https://hfcb.co.ke/investor-relations,https://hfcb.co.ke/api/investor-relations/file?path=financials/2021/HF-Group-Q3-2021-Financials.pdf,linked from issuer page,application/pdf (inferred from source link),Historical/current successor issuer website,
NSE-01705,HF Group PLC,HFCK,Quarterly,Periodic results material,2021,HFCB — Investor Relations,https://hfcb.co.ke/investor-relations,https://hfcb.co.ke/api/investor-relations/file?path=financials/2021/Q1%20March-2021-Accounts-for-Publication.pdf,linked from issuer page,application/pdf (inferred from source link),Historical/current successor issuer website,
NSE-01706,HF Group PLC,HFCK,Semi-annual / half-year,Financial results / statements,2020,HFCB — Investor Relations,https://hfcb.co.ke/investor-relations,https://hfcb.co.ke/api/investor-relations/file?path=financials/2020/HF-Group-H1-2020-Financials%20Q2.pdf,linked from issuer page,application/pdf (inferred from source link),Historical/current successor issuer website,
NSE-01707,HF Group PLC,HFCK,Quarterly,Financial results / statements,2020,HFCB — Investor Relations,https://hfcb.co.ke/investor-relations,https://hfcb.co.ke/api/investor-relations/file?path=financials/2020/HF-Group-Q3-2020-Financials.pdf,linked from issuer page,application/pdf (inferred from source link),Historical/current successor issuer website,
NSE-01708,HF Group PLC,HFCK,Periodic results material,Periodic results material,2020,HFCB — Investor Relations,https://hfcb.co.ke/investor-relations,https://hfcb.co.ke/api/investor-relations/file?path=financials/2020/HFC-Accounts-PUBLISHED-DEC2020%20Q4.pdf,linked from issuer page,application/pdf (inferred from source link),Historical/current successor issuer website,
NSE-01709,HF Group PLC,HFCK,Periodic results material,Results booklet / abridged report,2019,HFCB — Investor Relations,https://hfcb.co.ke/investor-relations,https://hfcb.co.ke/api/investor-relations/file?path=financials/2019/Abridged-Financial-Statements-2019.pdf,linked from issuer page,application/pdf (inferred from source link),Historical/current successor issuer website,
NSE-01710,HF Group PLC,HFCK,Quarterly,Financial results / statements,2019,HFCB — Investor Relations,https://hfcb.co.ke/investor-relations,https://hfcb.co.ke/api/investor-relations/file?path=financials/2019/FY2019-HF-GROUP-FINANCIALS-2%20Q4.pdf,linked from issuer page,application/pdf (inferred from source link),Historical/current successor issuer website,
NSE-01711,HF Group PLC,HFCK,Periodic results material,Periodic results material,2019,HFCB — Investor Relations,https://hfcb.co.ke/investor-relations,https://hfcb.co.ke/api/investor-relations/file?path=financials/2019/HF-Group-Publication-June-2019.pdf,linked from issuer page,application/pdf (inferred from source link),Historical/current successor issuer website,
NSE-01712,HF Group PLC,HFCK,Quarterly,Financial results / statements,2019,HFCB — Investor Relations,https://hfcb.co.ke/investor-relations,https://hfcb.co.ke/api/investor-relations/file?path=financials/2019/HFC-Q2-financials%202019.pdf,linked from issuer page,application/pdf (inferred from source link),Historical/current successor issuer website,
NSE-01713,HF Group PLC,HFCK,Quarterly,Periodic results material,2019,HFCB — Investor Relations,https://hfcb.co.ke/investor-relations,https://hfcb.co.ke/api/investor-relations/file?path=financials/2019/HFC-Q3-2019.pdf,linked from issuer page,application/pdf (inferred from source link),Historical/current successor issuer website,
NSE-01714,HF Group PLC,HFCK,Quarterly,Financial results / statements,2019,HFCB — Investor Relations,https://hfcb.co.ke/investor-relations,https://hfcb.co.ke/api/investor-relations/file?path=financials/2019/Q1-financials-for-2019.pdf,linked from issuer page,application/pdf (inferred from source link),Historical/current successor issuer website,
NSE-01715,HF Group PLC,HFCK,Quarterly,Periodic results material,2018,HFCB — Investor Relations,https://hfcb.co.ke/investor-relations,https://hfcb.co.ke/api/investor-relations/file?path=financials/2018/Q1-March-2018.pdf,linked from issuer page,application/pdf (inferred from source link),Historical/current successor issuer website,
NSE-01716,HF Group PLC,HFCK,Quarterly,Periodic results material,2018,HFCB — Investor Relations,https://hfcb.co.ke/investor-relations,https://hfcb.co.ke/api/investor-relations/file?path=financials/2018/Q2-2018.pdf,linked from issuer page,application/pdf (inferred from source link),Historical/current successor issuer website,
NSE-01717,HF Group PLC,HFCK,Quarterly,Financial results / statements,2018,HFCB — Investor Relations,https://hfcb.co.ke/investor-relations,https://hfcb.co.ke/api/investor-relations/file?path=financials/2018/Q3-Financials%202018.pdf,linked from issuer page,application/pdf (inferred from source link),Historical/current successor issuer website,
NSE-01718,HF Group PLC,HFCK,Quarterly,Periodic results material,2018,HFCB — Investor Relations,https://hfcb.co.ke/investor-relations,https://hfcb.co.ke/api/investor-relations/file?path=financials/2018/Q4-2018.pdf,linked from issuer page,application/pdf (inferred from source link),Historical/current successor issuer website,
NSE-01719,HF Group PLC,HFCK,Quarterly,Financial results / statements,2017,HFCB — Investor Relations,https://hfcb.co.ke/investor-relations,https://hfcb.co.ke/api/investor-relations/file?path=financials/2017/Q1-Financials%202017.pdf,linked from issuer page,application/pdf (inferred from source link),Historical/current successor issuer website,
NSE-01720,HF Group PLC,HFCK,Quarterly,Periodic results material,2017,HFCB — Investor Relations,https://hfcb.co.ke/investor-relations,https://hfcb.co.ke/api/investor-relations/file?path=financials/2017/Q3-SEP-2017.pdf,linked from issuer page,application/pdf (inferred from source link),Historical/current successor issuer website,
NSE-01721,HF Group PLC,HFCK,Quarterly,Periodic results material,2017,HFCB — Investor Relations,https://hfcb.co.ke/investor-relations,https://hfcb.co.ke/api/investor-relations/file?path=financials/2017/Q4-Dec-2017.pdf,linked from issuer page,application/pdf (inferred from source link),Historical/current successor issuer website,
NSE-01722,HF Group PLC,HFCK,Quarterly,Periodic results material,2016,HFCB — Investor Relations,https://hfcb.co.ke/investor-relations,https://hfcb.co.ke/api/investor-relations/file?path=financials/2016/hf-group-q3-2016.pdf,linked from issuer page,application/pdf (inferred from source link),Historical/current successor issuer website,
NSE-01723,HF Group PLC,HFCK,Quarterly,Periodic results material,2016,HFCB — Investor Relations,https://hfcb.co.ke/investor-relations,https://hfcb.co.ke/api/investor-relations/file?path=financials/2016/Q2%20June-2016.pdf,linked from issuer page,application/pdf (inferred from source link),Historical/current successor issuer website,
NSE-01724,HF Group PLC,HFCK,Quarterly,Periodic results material,2015,HFCB — Investor Relations,https://hfcb.co.ke/investor-relations,https://hfcb.co.ke/api/investor-relations/file?path=financials/2015/Q1%20April-2015.pdf,linked from issuer page,application/pdf (inferred from source link),Historical/current successor issuer website,
NSE-01725,HF Group PLC,HFCK,Quarterly,Financial results / statements,2015,HFCB — Investor Relations,https://hfcb.co.ke/investor-relations,https://hfcb.co.ke/api/investor-relations/file?path=financials/2015/Q1-2015-Financials.pdf,linked from issuer page,application/pdf (inferred from source link),Historical/current successor issuer website,
NSE-01726,HF Group PLC,HFCK,Quarterly,Financial results / statements,2015,HFCB — Investor Relations,https://hfcb.co.ke/investor-relations,https://hfcb.co.ke/api/investor-relations/file?path=financials/2015/Q2%20June-2015-Financials.pdf,linked from issuer page,application/pdf (inferred from source link),Historical/current successor issuer website,
NSE-01727,HF Group PLC,HFCK,Quarterly,Periodic results material,2015,HFCB — Investor Relations,https://hfcb.co.ke/investor-relations,https://hfcb.co.ke/api/investor-relations/file?path=financials/2015/Q3%20Sept-2015.pdf,linked from issuer page,application/pdf (inferred from source link),Historical/current successor issuer website,
NSE-01728,HF Group PLC,HFCK,Quarterly,Periodic results material,2015,HFCB — Investor Relations,https://hfcb.co.ke/investor-relations,https://hfcb.co.ke/api/investor-relations/file?path=financials/2015/Q4%20Dec-2015.pdf,linked from issuer page,application/pdf (inferred from source link),Historical/current successor issuer website,
NSE-01729,HF Group PLC,HFCK,Quarterly,Periodic results material,2014,HFCB — Investor Relations,https://hfcb.co.ke/investor-relations,https://hfcb.co.ke/api/investor-relations/file?path=financials/2014/Q1-Mar2014-quaterly-accounts-published.pdf,linked from issuer page,application/pdf (inferred from source link),Historical/current successor issuer website,
NSE-01730,HF Group PLC,HFCK,Quarterly,Periodic results material,2014,HFCB — Investor Relations,https://hfcb.co.ke/investor-relations,https://hfcb.co.ke/api/investor-relations/file?path=financials/2014/Q2%20June-2014.pdf,linked from issuer page,application/pdf (inferred from source link),Historical/current successor issuer website,
NSE-01731,HF Group PLC,HFCK,Quarterly,Periodic results material,2014,HFCB — Investor Relations,https://hfcb.co.ke/investor-relations,https://hfcb.co.ke/api/investor-relations/file?path=financials/2014/Q3%20Sept-2014.pdf,linked from issuer page,application/pdf (inferred from source link),Historical/current successor issuer website,
NSE-01732,HF Group PLC,HFCK,Quarterly,Periodic results material,2014,HFCB — Investor Relations,https://hfcb.co.ke/investor-relations,https://hfcb.co.ke/api/investor-relations/file?path=financials/2014/Q4%20Dec-2014.pdf,linked from issuer page,application/pdf (inferred from source link),Historical/current successor issuer website,
NSE-01733,HF Group PLC,HFCK,Quarterly,Periodic results material,2013,HFCB — Investor Relations,https://hfcb.co.ke/investor-relations,https://hfcb.co.ke/api/investor-relations/file?path=financials/2013/Q1%20March-2013.pdf,linked from issuer page,application/pdf (inferred from source link),Historical/current successor issuer website,
NSE-01734,HF Group PLC,HFCK,Quarterly,Periodic results material,2013,HFCB — Investor Relations,https://hfcb.co.ke/investor-relations,https://hfcb.co.ke/api/investor-relations/file?path=financials/2013/Q2%20June-2013.pdf,linked from issuer page,application/pdf (inferred from source link),Historical/current successor issuer website,
NSE-01735,HF Group PLC,HFCK,Quarterly,Periodic results material,2013,HFCB — Investor Relations,https://hfcb.co.ke/investor-relations,https://hfcb.co.ke/api/investor-relations/file?path=financials/2013/Q3%20Sept-2013.pdf,linked from issuer page,application/pdf (inferred from source link),Historical/current successor issuer website,
NSE-01736,HF Group PLC,HFCK,Quarterly,Periodic results material,2013,HFCB — Investor Relations,https://hfcb.co.ke/investor-relations,https://hfcb.co.ke/api/investor-relations/file?path=financials/2013/Q4%20dec-2013.pdf,linked from issuer page,application/pdf (inferred from source link),Historical/current successor issuer website,
NSE-01737,HF Group PLC,HFCK,Quarterly,Financial results / statements,2012,HFCB — Investor Relations,https://hfcb.co.ke/investor-relations,https://hfcb.co.ke/api/investor-relations/file?path=financials/2012/2012-Quarter1-Financial-statemens.pdf,linked from issuer page,application/pdf (inferred from source link),Historical/current successor issuer website,
NSE-01738,HF Group PLC,HFCK,Quarterly,Periodic results material,2012,HFCB — Investor Relations,https://hfcb.co.ke/investor-relations,https://hfcb.co.ke/api/investor-relations/file?path=financials/2012/Q2%20June-2012.pdf,linked from issuer page,application/pdf (inferred from source link),Historical/current successor issuer website,
NSE-01739,HF Group PLC,HFCK,Quarterly,Periodic results material,2012,HFCB — Investor Relations,https://hfcb.co.ke/investor-relations,https://hfcb.co.ke/api/investor-relations/file?path=financials/2012/Q3%20Sept-2012.pdf,linked from issuer page,application/pdf (inferred from source link),Historical/current successor issuer website,
NSE-01740,HF Group PLC,HFCK,Quarterly,Periodic results material,2012,HFCB — Investor Relations,https://hfcb.co.ke/investor-relations,https://hfcb.co.ke/api/investor-relations/file?path=financials/2012/Q4%20Dec-2012.pdf,linked from issuer page,application/pdf (inferred from source link),Historical/current successor issuer website,
NSE-01741,HF Group PLC,HFCK,Quarterly,Periodic results material,2011,HFCB — Investor Relations,https://hfcb.co.ke/investor-relations,https://hfcb.co.ke/api/investor-relations/file?path=financials/2011/Q1%20Mar-2011.pdf,linked from issuer page,application/pdf (inferred from source link),Historical/current successor issuer website,
NSE-01742,HF Group PLC,HFCK,Quarterly,Periodic results material,2011,HFCB — Investor Relations,https://hfcb.co.ke/investor-relations,https://hfcb.co.ke/api/investor-relations/file?path=financials/2011/Q3%20Sept-2011.pdf,linked from issuer page,application/pdf (inferred from source link),Historical/current successor issuer website,
NSE-01743,HF Group PLC,HFCK,Quarterly,Periodic results material,2011,HFCB — Investor Relations,https://hfcb.co.ke/investor-relations,https://hfcb.co.ke/api/investor-relations/file?path=financials/2011/Q4%20Dec-2011.pdf,linked from issuer page,application/pdf (inferred from source link),Historical/current successor issuer website,
NSE-01744,HF Group PLC,HFCK,Annual / full-year,Annual report,2025,HFCB — Investor Relations,https://hfcb.co.ke/investor-relations,https://hfcb.co.ke/api/investor-relations/file?path=annual-reports/2025/HFCB%20GROUP%20PLC%20ANNUAL%20REPORT%202025.pdf,linked from issuer page,application/pdf (inferred from source link),Historical/current successor issuer website,
NSE-01745,HF Group PLC,HFCK,Annual / full-year,Annual report,2024,HFCB — Investor Relations,https://hfcb.co.ke/investor-relations,https://hfcb.co.ke/api/investor-relations/file?path=annual-reports/2024/HF%20Group%20Plc%202024%20Annual%20Report.pdf,linked from issuer page,application/pdf (inferred from source link),Historical/current successor issuer website,
NSE-01746,HF Group PLC,HFCK,Annual / full-year,Annual report,2023,HFCB — Investor Relations,https://hfcb.co.ke/investor-relations,https://hfcb.co.ke/api/investor-relations/file?path=annual-reports/2023/HF%20Group%20Annual%20Report%202023.pdf,linked from issuer page,application/pdf (inferred from source link),Historical/current successor issuer website,
NSE-01747,HF Group PLC,HFCK,Annual / full-year,Annual report,2022,HFCB — Investor Relations,https://hfcb.co.ke/investor-relations,https://hfcb.co.ke/api/investor-relations/file?path=annual-reports/2022/HF%20Group%202022%20Annual%20Report.pdf,linked from issuer page,application/pdf (inferred from source link),Historical/current successor issuer website,
NSE-01748,HF Group PLC,HFCK,Annual / full-year,Annual report,2021,HFCB — Investor Relations,https://hfcb.co.ke/investor-relations,https://hfcb.co.ke/api/investor-relations/file?path=annual-reports/2021/HF-Group-Plc-2021-Annual-Report.pdf,linked from issuer page,application/pdf (inferred from source link),Historical/current successor issuer website,
NSE-01749,HF Group PLC,HFCK,Annual / full-year,Annual report,2020,HFCB — Investor Relations,https://hfcb.co.ke/investor-relations,https://hfcb.co.ke/api/investor-relations/file?path=annual-reports/2020/HF-Group-Plc-2020-Annual-Report.pdf,linked from issuer page,application/pdf (inferred from source link),Historical/current successor issuer website,
NSE-01750,HF Group PLC,HFCK,Annual / full-year,Annual report,2019,HFCB — Investor Relations,https://hfcb.co.ke/investor-relations,https://hfcb.co.ke/api/investor-relations/file?path=annual-reports/2019/HF-Group-Plc-2019-Annual-Report.pdf,linked from issuer page,application/pdf (inferred from source link),Historical/current successor issuer website,
NSE-01751,HF Group PLC,HFCK,Annual / full-year,Annual report,2019,HFCB — Investor Relations,https://hfcb.co.ke/investor-relations,https://hfcb.co.ke/api/investor-relations/file?path=annual-reports/2019/HF-Annual-Report-18TH-April-2019-18-44.pdf,linked from issuer page,application/pdf (inferred from source link),Historical/current successor issuer website,
NSE-01752,HF Group PLC,HFCK,Annual / full-year,Annual report,2018,HFCB — Investor Relations,https://hfcb.co.ke/investor-relations,https://hfcb.co.ke/api/investor-relations/file?path=annual-reports/2018/HF-Group-Plc-2018-Annual-Report.pdf,linked from issuer page,application/pdf (inferred from source link),Historical/current successor issuer website,
NSE-01753,HF Group PLC,HFCK,Annual / full-year,Annual report,2017,HFCB — Investor Relations,https://hfcb.co.ke/investor-relations,https://hfcb.co.ke/api/investor-relations/file?path=annual-reports/2017/HF-Annual-Report-2017-.pdf,linked from issuer page,application/pdf (inferred from source link),Historical/current successor issuer website,
NSE-01754,HF Group PLC,HFCK,Annual / full-year,Annual report,2016,HFCB — Investor Relations,https://hfcb.co.ke/investor-relations,https://hfcb.co.ke/api/investor-relations/file?path=annual-reports/2016/HF-Annual-Report-2016---Low-Res-for-Web.pdf,linked from issuer page,application/pdf (inferred from source link),Historical/current successor issuer website,
NSE-01755,HF Group PLC,HFCK,Annual / full-year,Annual report,2015,HFCB — Investor Relations,https://hfcb.co.ke/investor-relations,https://hfcb.co.ke/api/investor-relations/file?path=annual-reports/2015/HF-Annual-Report-2015.pdf,linked from issuer page,application/pdf (inferred from source link),Historical/current successor issuer website,
NSE-01756,HF Group PLC,HFCK,Annual / full-year,Annual report,2014,HFCB — Investor Relations,https://hfcb.co.ke/investor-relations,https://hfcb.co.ke/api/investor-relations/file?path=annual-reports/2014/HF-Annual-Report-Final-2014.pdf,linked from issuer page,application/pdf (inferred from source link),Historical/current successor issuer website,
NSE-01757,HF Group PLC,HFCK,Annual / full-year,Annual report,2013,HFCB — Investor Relations,https://hfcb.co.ke/investor-relations,https://hfcb.co.ke/api/investor-relations/file?path=annual-reports/2013/Annual-Report--FS-2013.pdf,linked from issuer page,application/pdf (inferred from source link),Historical/current successor issuer website,
NSE-01758,HF Group PLC,HFCK,Annual / full-year,Annual report,2012,HFCB — Investor Relations,https://hfcb.co.ke/investor-relations,https://hfcb.co.ke/api/investor-relations/file?path=annual-reports/2012/annualreport2012.pdf,linked from issuer page,application/pdf (inferred from source link),Historical/current successor issuer website,
NSE-01759,HF Group PLC,HFCK,Annual / full-year,Annual report,2011,HFCB — Investor Relations,https://hfcb.co.ke/investor-relations,https://hfcb.co.ke/api/investor-relations/file?path=annual-reports/2011/hf-annual-report-2011.pdf,linked from issuer page,application/pdf (inferred from source link),Historical/current successor issuer website,
NSE-01760,HF Group PLC,HFCK,Annual / full-year,Annual report,2010,HFCB — Investor Relations,https://hfcb.co.ke/investor-relations,https://hfcb.co.ke/api/investor-relations/file?path=annual-reports/2010/annualreport2010.pdf,linked from issuer page,application/pdf (inferred from source link),Historical/current successor issuer website,
NSE-01761,HF Group PLC,HFCK,Annual / full-year,Annual report,2009,HFCB — Investor Relations,https://hfcb.co.ke/investor-relations,https://hfcb.co.ke/api/investor-relations/file?path=annual-reports/2009/annualreport2009.pdf,linked from issuer page,application/pdf (inferred from source link),Historical/current successor issuer website,
